 
+----------------------------------------------------------------------+
SECTOR 0; BY ATC
+----------------------------------------------------------------------+
 
$T0> THREAD T0 C0;
$T0> ###########################################################################
$T0> # NativeGlobalIndexPort1624 - 전제와 판별자
$T0> #
$T0> # 이 스위트의 전 케이스가 재는 것은 **디스크 파티션드 테이블 위의 네이티브
$T0> # 글로벌 인덱스**다. 원본(qp4/Project3/PROJ-1624-GlobalIndex)이 같은 문장으로
$T0> # 재던 것은 숨김 테이블 $GIT_ 였다. 갈림길은 프로퍼티 하나다:
$T0> #
$T0> #   DISK_GLOBAL_INDEX_ENABLE = 1  -> 네이티브 (이 스위트)
$T0> #   DISK_GLOBAL_INDEX_ENABLE = 0  -> $GIT_    (원본 스위트)
$T0> #
$T0> # ★ 그래서 케이스마다 자기 전제를 세운다(F07 규약).
$T0> #   파일 기본값은 2026-08-06 부터 1 이지만, 기본값에 기대면 그 값이 움직이는
$T0> #   날 이 스위트는 "네이티브를 잰다"고 적어 놓고 $GIT_ 를 재게 된다 --
$T0> #   원본 PROJ-1624 와 NATC ddl/diskPartitionedTable.tc 가 실제로 그렇게
$T0> #   어긋났었다(disk-natc.md 6).
$T0> #
$T0> # ★ 이 프로퍼티는 비영속이다. ALTER SYSTEM 값은 재기동하면 파일 값으로
$T0> #   돌아간다. 한 인스턴스 위에서 스위트가 이어 도는 동안은 FINALIZE 의
$T0> #   복원이 유일한 방벽이다.
$T0> ###########################################################################

$T0> #
$T0> # 전제를 세우고, 세운 값을 전사에 남긴다.
$T0> # 전사가 자기 전제를 적게 하는 것이 목적이므로 v$property 조회를 뺄 수 없다.
$T0> #

$T0> #
$T0> # 파일 기본값(1)으로 되돌린다. 다음 케이스에 0 이 새지 않게 한다.
$T0> #

$T0> #
$T0> # 인덱스가 어느 구현인지 카탈로그로 판별해 전사에 남긴다.
$T0> #
$T0> #   NATIVE GLOBAL : SYS_PART_INDICES_.PARTITION_TYPE = 101, INDEX_TABLE_ID = 0
$T0> #   LOCAL         : IS_PARTITIONED = 'T', SYS_INDEX_PARTITIONS_ 에 행
$T0> #   $GIT_ GLOBAL  : INDEX_TABLE_ID != 0 (숨김 테이블 OID)
$T0> #
$T0> # ★ 이 절이 이 스위트의 이빨이다. 프로퍼티가 0 이면 CREATE INDEX 로 만든
$T0> #   인덱스가 $GIT_ 로 내려가 KIND 가 통째로 바뀌고, 같은 문장을 재고 있다는
$T0> #   착각이 여기서 깨진다.
$T0> #
$T0> # ★ 원본 fixture 의 T1_PK(i2,i1) / T1_UK(i3,i2,i1) 은 파티션 키 i1 을
$T0> #   포함하므로 두 구현 어느 쪽에서도 글로벌이 아니라 LOCAL 이다. 원본
$T0> #   check_global_index.i 가 "$GIT_T1_PK" 를 조회한 것은 존재하지 않는
$T0> #   테이블을 겨눈 것이었다 -- v3-natc-port.md 3.2.
$T0> #

$T0> #
$T0> # 숨김 테이블이 하나도 없다는 것을 남긴다.
$T0> # 네이티브 경로에서는 $GIT_ 가 만들어지지 않는다.
$T0> #
$T0> ###########################################################################
$T0> # TestCase Description = 디스크 파티션드 테이블의 네이티브 글로벌 인덱스 SELECT / 호스트 변수 / FOR UPDATE
$T0> #
$T0> #   원본: qp4/Project3/PROJ-1624-GlobalIndex/basic/select.tc
$T0> #   원본은 같은 문장을 $GIT_ 숨김 테이블 구현으로 잰다. 이 파일은
$T0> #   같은 문장을 **네이티브 글로벌 인덱스**로 잰다.
$T0> #
$T0> #   ★ 전제: DISK_GLOBAL_INDEX_ENABLE = 1.
$T0> #     PREPARATION 이 못박고 v$property 로 전사에 남긴다. 기본값에 기대지
$T0> #     않는다 -- 기본값이 움직이면 잰다고 적어 놓은 것과 실제로 재는 것이
$T0> #     갈리기 때문이다(disk-natc.md 6, F07).
$T0> #
$T0> #   ★ 원본의 결함 하나를 고쳤다. LIST 섹터가
$T0> #       create index t3_idx1 on t1(i2, i3);
$T0> #     처럼 t3 의 인덱스를 t1 에 만들고 있어, t3 섹터가 인덱스 없는
$T0> #     테이블을 재고 있었다(초록이지만 아무것도 시험하지 않는다).
$T0> #     여기서는 t3 에 만든다 -- v3-natc-port.md 3.3.
$T0> #
$T0> # Project ID           = Native Global Index (disk) - PROJ-1624 port
$T0> ###########################################################################

$T0> ##################################
$T0> # SECTOR; PREPARATION
$T0> ##################################

$T0> SKIP BEGIN;
$T0> drop table t1;
$T0> drop table t2;
$T0> drop table t3;

$T0> alter session set explain plan = off;
$T0> alter session set trclog_detail_predicate = 0;
$T0> alter system set trclog_explain_graph = 0;

$T0> SKIP END;

$T0> alter system set DISK_GLOBAL_INDEX_ENABLE = 1;
Alter success.

$T0> set linesize 200;
$T0> alter system set DISK_GLOBAL_INDEX_ENABLE = 1;
Alter success.
$T0> select cast(value1 as varchar(10)) disk_global_index_enable from v$property
  where name = 'DISK_GLOBAL_INDEX_ENABLE';
DISK_GLOBAL_INDEX_ENABLE  
----------------------------
1           
1 row selected.

$T0> ##################################
$T0> # SECTOR; RANGE PARTITION
$T0> ##################################

$T0> create table t1
( 
  i1 integer,
  i2 integer, 
  i3 integer,
  i4 integer
)
partition by range(i1)
(
  partition p1 values less than (20),
  partition p2 values less than (40),
  partition p3 values less than (60),
  partition p4 values less than (80),
  partition pd values default
)
tablespace sys_tbs_disk_data;
Create success.

$T0> insert into t1 select level, level/3, mod(level,3), 1 from dual connect by level <= 100;
100 rows inserted.

$T0> create index t1_idx1 on t1(i2, i3);
Create success.
$T0> create index t1_idx2 on t1(i2, i3 desc);
Create success.

$T0> desc t1;
[ TABLESPACE : SYS_TBS_DISK_DATA ]
[ ATTRIBUTE ]                                                         
------------------------------------------------------------------------------
NAME                                     TYPE                        IS NULL 
------------------------------------------------------------------------------
I1                                       INTEGER                     
I2                                       INTEGER                     
I3                                       INTEGER                     
I4                                       INTEGER                     
[ INDEX ]                                                       
------------------------------------------------------------------------------
NAME                                     TYPE     IS UNIQUE     COLUMN
------------------------------------------------------------------------------
T1_IDX1                                  BTREE                  I2 ASC,
                                                                I3 ASC
T1_IDX2                                  BTREE                  I2 ASC,
                                                                I3 DESC
T1 has no primary key

$T0> select cast(i.index_name as varchar(20)) index_name,
         cast( case when i.index_table_id != 0          then 'GIT-HIDDEN-TABLE'
                    when i.is_partitioned = 'T'         then 'LOCAL'
                    when nvl(p.partition_type,-1) = 101 then 'NATIVE-GLOBAL'
                    else 'UNKNOWN' end as varchar(16) ) kind,
         i.index_table_id,
         cast(i.is_partitioned as varchar(1)) is_part,
         nvl(p.partition_type,-1) part_type
  from system_.sys_indices_ i,
       system_.sys_tables_ t,
       ( select index_id, max(partition_type) partition_type
         from system_.sys_part_indices_ group by index_id ) p
  where i.table_id = t.table_id
    and t.table_name = upper('t1')
    and t.user_id = user_id()
    and i.index_id = p.index_id(+)
  order by 1;
INDEX_NAME            KIND              INDEX_TABLE_ID IS_PART  PART_TYPE   
----------------------------------------------------------------------------------
T1_IDX1               NATIVE-GLOBAL     0           F  101         
T1_IDX2               NATIVE-GLOBAL     0           F  101         
2 rows selected.
$T0> select count(*) git_hidden_table_count
  from system_.sys_tables_
  where table_name like '$GIT!_%' escape '!'
    and user_id = user_id();
GIT_HIDDEN_TABLE_COUNT 
-------------------------
0                    
1 row selected.

$T0> alter session set explain plan = on;
Alter success.
$T0> alter session set trclog_detail_predicate = 1;
Alter success.

$T0> ##################################
$T0> # SECTOR; SELECT
$T0> ##################################

$T0> select * from t1;
T1.I1       T1.I2       T1.I3       T1.I4       
-----------------------------------------------------
1           0           1           1           
2           0           2           1           
3           1           0           1           
4           1           1           1           
5           1           2           1           
6           2           0           1           
7           2           1           1           
8           2           2           1           
9           3           0           1           
10          3           1           1           
11          3           2           1           
12          4           0           1           
13          4           1           1           
14          4           2           1           
15          5           0           1           
16          5           1           1           
17          5           2           1           
18          6           0           1           
19          6           1           1           
20          6           2           1           
21          7           0           1           
22          7           1           1           
23          7           2           1           
24          8           0           1           
25          8           1           1           
26          8           2           1           
27          9           0           1           
28          9           1           1           
29          9           2           1           
30          10          0           1           
31          10          1           1           
32          10          2           1           
33          11          0           1           
34          11          1           1           
35          11          2           1           
36          12          0           1           
37          12          1           1           
38          12          2           1           
39          13          0           1           
40          13          1           1           
41          13          2           1           
42          14          0           1           
43          14          1           1           
44          14          2           1           
45          15          0           1           
46          15          1           1           
47          15          2           1           
48          16          0           1           
49          16          1           1           
50          16          2           1           
51          17          0           1           
52          17          1           1           
53          17          2           1           
54          18          0           1           
55          18          1           1           
56          18          2           1           
57          19          0           1           
58          19          1           1           
59          19          2           1           
60          20          0           1           
61          20          1           1           
62          20          2           1           
63          21          0           1           
64          21          1           1           
65          21          2           1           
66          22          0           1           
67          22          1           1           
68          22          2           1           
69          23          0           1           
70          23          1           1           
71          23          2           1           
72          24          0           1           
73          24          1           1           
74          24          2           1           
75          25          0           1           
76          25          1           1           
77          25          2           1           
78          26          0           1           
79          26          1           1           
80          26          2           1           
81          27          0           1           
82          27          1           1           
83          27          2           1           
84          28          0           1           
85          28          1           1           
86          28          2           1           
87          29          0           1           
88          29          1           1           
89          29          2           1           
90          30          0           1           
91          30          1           1           
92          30          2           1           
93          31          0           1           
94          31          1           1           
95          31          2           1           
96          32          0           1           
97          32          1           1           
98          32          2           1           
99          33          0           1           
100         33          1           1           
100 rows selected.
------------------------------------------------------------
PROJECT ( COLUMN_COUNT: 4, TUPLE_SIZE: 16, COST: BLOCKED )
 PARTITION-COORDINATOR ( TABLE: SYS.T1, PARTITION: 5/5, FULL SCAN, ACCESS: 100, COST: BLOCKED )
  SCAN ( PARTITION: PD, FULL SCAN, ACCESS: 21, DISK_PAGE_COUNT: BLOCKED, COST: BLOCKED )
  SCAN ( PARTITION: P4, FULL SCAN, ACCESS: 20, DISK_PAGE_COUNT: BLOCKED, COST: BLOCKED )
  SCAN ( PARTITION: P3, FULL SCAN, ACCESS: 20, DISK_PAGE_COUNT: BLOCKED, COST: BLOCKED )
  SCAN ( PARTITION: P2, FULL SCAN, ACCESS: 20, DISK_PAGE_COUNT: BLOCKED, COST: BLOCKED )
  SCAN ( PARTITION: P1, FULL SCAN, ACCESS: 19, DISK_PAGE_COUNT: BLOCKED, COST: BLOCKED )
------------------------------------------------------------
$T0> select * from t1 order by i2, i3;
T1.I1       T1.I2       T1.I3       T1.I4       
-----------------------------------------------------
1           0           1           1           
2           0           2           1           
3           1           0           1           
4           1           1           1           
5           1           2           1           
6           2           0           1           
7           2           1           1           
8           2           2           1           
9           3           0           1           
10          3           1           1           
11          3           2           1           
12          4           0           1           
13          4           1           1           
14          4           2           1           
15          5           0           1           
16          5           1           1           
17          5           2           1           
18          6           0           1           
19          6           1           1           
20          6           2           1           
21          7           0           1           
22          7           1           1           
23          7           2           1           
24          8           0           1           
25          8           1           1           
26          8           2           1           
27          9           0           1           
28          9           1           1           
29          9           2           1           
30          10          0           1           
31          10          1           1           
32          10          2           1           
33          11          0           1           
34          11          1           1           
35          11          2           1           
36          12          0           1           
37          12          1           1           
38          12          2           1           
39          13          0           1           
40          13          1           1           
41          13          2           1           
42          14          0           1           
43          14          1           1           
44          14          2           1           
45          15          0           1           
46          15          1           1           
47          15          2           1           
48          16          0           1           
49          16          1           1           
50          16          2           1           
51          17          0           1           
52          17          1           1           
53          17          2           1           
54          18          0           1           
55          18          1           1           
56          18          2           1           
57          19          0           1           
58          19          1           1           
59          19          2           1           
60          20          0           1           
61          20          1           1           
62          20          2           1           
63          21          0           1           
64          21          1           1           
65          21          2           1           
66          22          0           1           
67          22          1           1           
68          22          2           1           
69          23          0           1           
70          23          1           1           
71          23          2           1           
72          24          0           1           
73          24          1           1           
74          24          2           1           
75          25          0           1           
76          25          1           1           
77          25          2           1           
78          26          0           1           
79          26          1           1           
80          26          2           1           
81          27          0           1           
82          27          1           1           
83          27          2           1           
84          28          0           1           
85          28          1           1           
86          28          2           1           
87          29          0           1           
88          29          1           1           
89          29          2           1           
90          30          0           1           
91          30          1           1           
92          30          2           1           
93          31          0           1           
94          31          1           1           
95          31          2           1           
96          32          0           1           
97          32          1           1           
98          32          2           1           
99          33          0           1           
100         33          1           1           
100 rows selected.
------------------------------------------------------------
PROJECT ( COLUMN_COUNT: 4, TUPLE_SIZE: 16, COST: BLOCKED )
 SCAN ( TABLE: SYS.T1, INDEX: SYS.T1_IDX1, GLOBAL-INDEX, FULL SCAN, ACCESS: 100, DISK_PAGE_COUNT: BLOCKED, COST: BLOCKED )
------------------------------------------------------------
$T0> select * from t1 order by i2, i3 desc;
T1.I1       T1.I2       T1.I3       T1.I4       
-----------------------------------------------------
2           0           2           1           
1           0           1           1           
5           1           2           1           
4           1           1           1           
3           1           0           1           
8           2           2           1           
7           2           1           1           
6           2           0           1           
11          3           2           1           
10          3           1           1           
9           3           0           1           
14          4           2           1           
13          4           1           1           
12          4           0           1           
17          5           2           1           
16          5           1           1           
15          5           0           1           
20          6           2           1           
19          6           1           1           
18          6           0           1           
23          7           2           1           
22          7           1           1           
21          7           0           1           
26          8           2           1           
25          8           1           1           
24          8           0           1           
29          9           2           1           
28          9           1           1           
27          9           0           1           
32          10          2           1           
31          10          1           1           
30          10          0           1           
35          11          2           1           
34          11          1           1           
33          11          0           1           
38          12          2           1           
37          12          1           1           
36          12          0           1           
41          13          2           1           
40          13          1           1           
39          13          0           1           
44          14          2           1           
43          14          1           1           
42          14          0           1           
47          15          2           1           
46          15          1           1           
45          15          0           1           
50          16          2           1           
49          16          1           1           
48          16          0           1           
53          17          2           1           
52          17          1           1           
51          17          0           1           
56          18          2           1           
55          18          1           1           
54          18          0           1           
59          19          2           1           
58          19          1           1           
57          19          0           1           
62          20          2           1           
61          20          1           1           
60          20          0           1           
65          21          2           1           
64          21          1           1           
63          21          0           1           
68          22          2           1           
67          22          1           1           
66          22          0           1           
71          23          2           1           
70          23          1           1           
69          23          0           1           
74          24          2           1           
73          24          1           1           
72          24          0           1           
77          25          2           1           
76          25          1           1           
75          25          0           1           
80          26          2           1           
79          26          1           1           
78          26          0           1           
83          27          2           1           
82          27          1           1           
81          27          0           1           
86          28          2           1           
85          28          1           1           
84          28          0           1           
89          29          2           1           
88          29          1           1           
87          29          0           1           
92          30          2           1           
91          30          1           1           
90          30          0           1           
95          31          2           1           
94          31          1           1           
93          31          0           1           
98          32          2           1           
97          32          1           1           
96          32          0           1           
100         33          1           1           
99          33          0           1           
100 rows selected.
------------------------------------------------------------
PROJECT ( COLUMN_COUNT: 4, TUPLE_SIZE: 16, COST: BLOCKED )
 SCAN ( TABLE: SYS.T1, INDEX: SYS.T1_IDX2, GLOBAL-INDEX, FULL SCAN, ACCESS: 100, DISK_PAGE_COUNT: BLOCKED, COST: BLOCKED )
------------------------------------------------------------

$T0> select * from t1 where i2 = 10 and i3 = 1 and i4 = 1;
T1.I1       T1.I2       T1.I3       T1.I4       
-----------------------------------------------------
31          10          1           1           
1 row selected.
------------------------------------------------------------
PROJECT ( COLUMN_COUNT: 4, TUPLE_SIZE: 16, COST: BLOCKED )
 SCAN ( TABLE: SYS.T1, INDEX: SYS.T1_IDX1, GLOBAL-INDEX, RANGE SCAN, ACCESS: 1, DISK_PAGE_COUNT: BLOCKED, COST: BLOCKED )
  [ FIXED KEY ]
  AND
   OR
    I2 = 10
   OR
    I3 = 1
  [ FILTER SERIAL EXECUTE ]
  I4 = 1
------------------------------------------------------------
$T0> select * from t1 where i2 = 10 and i3 = 1 and i4 = 1 order by i2, i3;
T1.I1       T1.I2       T1.I3       T1.I4       
-----------------------------------------------------
31          10          1           1           
1 row selected.
------------------------------------------------------------
PROJECT ( COLUMN_COUNT: 4, TUPLE_SIZE: 16, COST: BLOCKED )
 SCAN ( TABLE: SYS.T1, INDEX: SYS.T1_IDX1, GLOBAL-INDEX, RANGE SCAN, ACCESS: 1, DISK_PAGE_COUNT: BLOCKED, COST: BLOCKED )
  [ FIXED KEY ]
  AND
   OR
    I2 = 10
   OR
    I3 = 1
  [ FILTER SERIAL EXECUTE ]
  I4 = 1
------------------------------------------------------------
$T0> select * from t1 where i2 = 10 and i3 = 1 and i4 = 1 order by i2, i3 desc;
T1.I1       T1.I2       T1.I3       T1.I4       
-----------------------------------------------------
31          10          1           1           
1 row selected.
------------------------------------------------------------
PROJECT ( COLUMN_COUNT: 4, TUPLE_SIZE: 16, COST: BLOCKED )
 SORT ( ITEM_SIZE: BLOCKED, ITEM_COUNT: 1, DISK_PAGE_COUNT: BLOCKED, ACCESS: 1, COST: BLOCKED )
  SCAN ( TABLE: SYS.T1, INDEX: SYS.T1_IDX1, GLOBAL-INDEX, RANGE SCAN, ACCESS: 1, DISK_PAGE_COUNT: BLOCKED, COST: BLOCKED )
   [ FIXED KEY ]
   AND
    OR
     I2 = 10
    OR
     I3 = 1
   [ FILTER SERIAL EXECUTE ]
   I4 = 1
------------------------------------------------------------

$T0> select * from t1 where i2 >= 20 and i3 = 1 and i4 = 1;
T1.I1       T1.I2       T1.I3       T1.I4       
-----------------------------------------------------
61          20          1           1           
64          21          1           1           
67          22          1           1           
70          23          1           1           
73          24          1           1           
76          25          1           1           
79          26          1           1           
82          27          1           1           
85          28          1           1           
88          29          1           1           
91          30          1           1           
94          31          1           1           
97          32          1           1           
100         33          1           1           
14 rows selected.
------------------------------------------------------------
PROJECT ( COLUMN_COUNT: 4, TUPLE_SIZE: 16, COST: BLOCKED )
 SCAN ( TABLE: SYS.T1, INDEX: SYS.T1_IDX1, GLOBAL-INDEX, RANGE SCAN, ACCESS: 14, DISK_PAGE_COUNT: BLOCKED, COST: BLOCKED )
  [ FIXED KEY ]
  AND
   OR
    I2 >= 20
  [ FIXED KEY FILTER ]
  AND
   OR
    I3 = 1
  [ FILTER SERIAL EXECUTE ]
  I4 = 1
------------------------------------------------------------
$T0> select * from t1 where i2 >= 20 and i3 = 1 and i4 = 1 order by i2, i3;
T1.I1       T1.I2       T1.I3       T1.I4       
-----------------------------------------------------
61          20          1           1           
64          21          1           1           
67          22          1           1           
70          23          1           1           
73          24          1           1           
76          25          1           1           
79          26          1           1           
82          27          1           1           
85          28          1           1           
88          29          1           1           
91          30          1           1           
94          31          1           1           
97          32          1           1           
100         33          1           1           
14 rows selected.
------------------------------------------------------------
PROJECT ( COLUMN_COUNT: 4, TUPLE_SIZE: 16, COST: BLOCKED )
 SCAN ( TABLE: SYS.T1, INDEX: SYS.T1_IDX1, GLOBAL-INDEX, RANGE SCAN, ACCESS: 14, DISK_PAGE_COUNT: BLOCKED, COST: BLOCKED )
  [ FIXED KEY ]
  AND
   OR
    I2 >= 20
  [ FIXED KEY FILTER ]
  AND
   OR
    I3 = 1
  [ FILTER SERIAL EXECUTE ]
  I4 = 1
------------------------------------------------------------
$T0> select * from t1 where i2 >= 20 and i3 = 1 and i4 = 1 order by i2, i3 desc;
T1.I1       T1.I2       T1.I3       T1.I4       
-----------------------------------------------------
61          20          1           1           
64          21          1           1           
67          22          1           1           
70          23          1           1           
73          24          1           1           
76          25          1           1           
79          26          1           1           
82          27          1           1           
85          28          1           1           
88          29          1           1           
91          30          1           1           
94          31          1           1           
97          32          1           1           
100         33          1           1           
14 rows selected.
------------------------------------------------------------
PROJECT ( COLUMN_COUNT: 4, TUPLE_SIZE: 16, COST: BLOCKED )
 SORT ( ITEM_SIZE: BLOCKED, ITEM_COUNT: 14, DISK_PAGE_COUNT: BLOCKED, ACCESS: 14, COST: BLOCKED )
  SCAN ( TABLE: SYS.T1, INDEX: SYS.T1_IDX1, GLOBAL-INDEX, RANGE SCAN, ACCESS: 14, DISK_PAGE_COUNT: BLOCKED, COST: BLOCKED )
   [ FIXED KEY ]
   AND
    OR
     I2 >= 20
   [ FIXED KEY FILTER ]
   AND
    OR
     I3 = 1
   [ FILTER SERIAL EXECUTE ]
   I4 = 1
------------------------------------------------------------

$T0> ##################################
$T0> # SECTOR; HOST VARIABLE
$T0> ##################################

$T0> var v2 integer;
$T0> var v3 integer;
$T0> var v4 integer;

$T0> exec :v2 := 10;
Execute success.
$T0> exec :v3 := 1;
Execute success.
$T0> exec :v4 := 1;
Execute success.

$T0> prepare select * from t1 where i2 = :v2 and i3 = :v3 and i4 = :v4;
T1.I1       T1.I2       T1.I3       T1.I4       
-----------------------------------------------------
31          10          1           1           
1 row selected.
------------------------------------------------------------
PROJECT ( COLUMN_COUNT: 4, TUPLE_SIZE: 16, COST: BLOCKED )
 SCAN ( TABLE: SYS.T1, INDEX: SYS.T1_IDX1, GLOBAL-INDEX, RANGE SCAN, ACCESS: 1, DISK_PAGE_COUNT: BLOCKED, COST: BLOCKED )
  [ VARIABLE KEY ]
  OR
   AND
    I2 = :v2
    I3 = :v3
  [ FILTER SERIAL EXECUTE ]
  I4 = :v4
------------------------------------------------------------
$T0> prepare select * from t1 where i2 = :v2 and i3 = :v3 and i4 = :v4 order by i2, i3;
T1.I1       T1.I2       T1.I3       T1.I4       
-----------------------------------------------------
31          10          1           1           
1 row selected.
------------------------------------------------------------
PROJECT ( COLUMN_COUNT: 4, TUPLE_SIZE: 16, COST: BLOCKED )
 SCAN ( TABLE: SYS.T1, INDEX: SYS.T1_IDX1, GLOBAL-INDEX, RANGE SCAN, ACCESS: 1, DISK_PAGE_COUNT: BLOCKED, COST: BLOCKED )
  [ VARIABLE KEY ]
  OR
   AND
    I2 = :v2
    I3 = :v3
  [ FILTER SERIAL EXECUTE ]
  I4 = :v4
------------------------------------------------------------
$T0> prepare select * from t1 where i2 = :v2 and i3 = :v3 and i4 = :v4 order by i2, i3 desc;
T1.I1       T1.I2       T1.I3       T1.I4       
-----------------------------------------------------
31          10          1           1           
1 row selected.
------------------------------------------------------------
PROJECT ( COLUMN_COUNT: 4, TUPLE_SIZE: 16, COST: BLOCKED )
 SORT ( ITEM_SIZE: BLOCKED, ITEM_COUNT: 1, DISK_PAGE_COUNT: BLOCKED, ACCESS: 1, COST: BLOCKED )
  SCAN ( TABLE: SYS.T1, INDEX: SYS.T1_IDX1, GLOBAL-INDEX, RANGE SCAN, ACCESS: 1, DISK_PAGE_COUNT: BLOCKED, COST: BLOCKED )
   [ VARIABLE KEY ]
   OR
    AND
     I2 = :v2
     I3 = :v3
   [ FILTER SERIAL EXECUTE ]
   I4 = :v4
------------------------------------------------------------

$T0> exec :v2 := 20;
Execute success.

$T0> prepare select * from t1 where i2 >= :v2 and i3 = :v3 and i4 = :v4;
T1.I1       T1.I2       T1.I3       T1.I4       
-----------------------------------------------------
61          20          1           1           
64          21          1           1           
67          22          1           1           
70          23          1           1           
73          24          1           1           
76          25          1           1           
79          26          1           1           
82          27          1           1           
85          28          1           1           
88          29          1           1           
91          30          1           1           
94          31          1           1           
97          32          1           1           
100         33          1           1           
14 rows selected.
------------------------------------------------------------
PROJECT ( COLUMN_COUNT: 4, TUPLE_SIZE: 16, COST: BLOCKED )
 SCAN ( TABLE: SYS.T1, INDEX: SYS.T1_IDX1, GLOBAL-INDEX, RANGE SCAN, ACCESS: 14, DISK_PAGE_COUNT: BLOCKED, COST: BLOCKED )
  [ VARIABLE KEY ]
  OR
   AND
    I2 >= :v2
  [ VARIABLE KEY FILTER ]
  OR
   AND
    I3 = :v3
  [ FILTER SERIAL EXECUTE ]
  I4 = :v4
------------------------------------------------------------
$T0> prepare select * from t1 where i2 >= :v2 and i3 = :v3 and i4 = :v4 order by i2, i3;
T1.I1       T1.I2       T1.I3       T1.I4       
-----------------------------------------------------
61          20          1           1           
64          21          1           1           
67          22          1           1           
70          23          1           1           
73          24          1           1           
76          25          1           1           
79          26          1           1           
82          27          1           1           
85          28          1           1           
88          29          1           1           
91          30          1           1           
94          31          1           1           
97          32          1           1           
100         33          1           1           
14 rows selected.
------------------------------------------------------------
PROJECT ( COLUMN_COUNT: 4, TUPLE_SIZE: 16, COST: BLOCKED )
 SCAN ( TABLE: SYS.T1, INDEX: SYS.T1_IDX1, GLOBAL-INDEX, RANGE SCAN, ACCESS: 14, DISK_PAGE_COUNT: BLOCKED, COST: BLOCKED )
  [ VARIABLE KEY ]
  OR
   AND
    I2 >= :v2
  [ VARIABLE KEY FILTER ]
  OR
   AND
    I3 = :v3
  [ FILTER SERIAL EXECUTE ]
  I4 = :v4
------------------------------------------------------------
$T0> prepare select * from t1 where i2 >= :v2 and i3 = :v3 and i4 = :v4 order by i2, i3 desc;
T1.I1       T1.I2       T1.I3       T1.I4       
-----------------------------------------------------
61          20          1           1           
64          21          1           1           
67          22          1           1           
70          23          1           1           
73          24          1           1           
76          25          1           1           
79          26          1           1           
82          27          1           1           
85          28          1           1           
88          29          1           1           
91          30          1           1           
94          31          1           1           
97          32          1           1           
100         33          1           1           
14 rows selected.
------------------------------------------------------------
PROJECT ( COLUMN_COUNT: 4, TUPLE_SIZE: 16, COST: BLOCKED )
 SORT ( ITEM_SIZE: BLOCKED, ITEM_COUNT: 14, DISK_PAGE_COUNT: BLOCKED, ACCESS: 14, COST: BLOCKED )
  SCAN ( TABLE: SYS.T1, INDEX: SYS.T1_IDX1, GLOBAL-INDEX, RANGE SCAN, ACCESS: 14, DISK_PAGE_COUNT: BLOCKED, COST: BLOCKED )
   [ VARIABLE KEY ]
   OR
    AND
     I2 >= :v2
   [ VARIABLE KEY FILTER ]
   OR
    AND
     I3 = :v3
   [ FILTER SERIAL EXECUTE ]
   I4 = :v4
------------------------------------------------------------

$T0> ##################################
$T0> # SECTOR; SELECT FOR UPDATE
$T0> ##################################

$T0> select * from t1 for update;
T1.I1       T1.I2       T1.I3       T1.I4       
-----------------------------------------------------
1           0           1           1           
2           0           2           1           
3           1           0           1           
4           1           1           1           
5           1           2           1           
6           2           0           1           
7           2           1           1           
8           2           2           1           
9           3           0           1           
10          3           1           1           
11          3           2           1           
12          4           0           1           
13          4           1           1           
14          4           2           1           
15          5           0           1           
16          5           1           1           
17          5           2           1           
18          6           0           1           
19          6           1           1           
20          6           2           1           
21          7           0           1           
22          7           1           1           
23          7           2           1           
24          8           0           1           
25          8           1           1           
26          8           2           1           
27          9           0           1           
28          9           1           1           
29          9           2           1           
30          10          0           1           
31          10          1           1           
32          10          2           1           
33          11          0           1           
34          11          1           1           
35          11          2           1           
36          12          0           1           
37          12          1           1           
38          12          2           1           
39          13          0           1           
40          13          1           1           
41          13          2           1           
42          14          0           1           
43          14          1           1           
44          14          2           1           
45          15          0           1           
46          15          1           1           
47          15          2           1           
48          16          0           1           
49          16          1           1           
50          16          2           1           
51          17          0           1           
52          17          1           1           
53          17          2           1           
54          18          0           1           
55          18          1           1           
56          18          2           1           
57          19          0           1           
58          19          1           1           
59          19          2           1           
60          20          0           1           
61          20          1           1           
62          20          2           1           
63          21          0           1           
64          21          1           1           
65          21          2           1           
66          22          0           1           
67          22          1           1           
68          22          2           1           
69          23          0           1           
70          23          1           1           
71          23          2           1           
72          24          0           1           
73          24          1           1           
74          24          2           1           
75          25          0           1           
76          25          1           1           
77          25          2           1           
78          26          0           1           
79          26          1           1           
80          26          2           1           
81          27          0           1           
82          27          1           1           
83          27          2           1           
84          28          0           1           
85          28          1           1           
86          28          2           1           
87          29          0           1           
88          29          1           1           
89          29          2           1           
90          30          0           1           
91          30          1           1           
92          30          2           1           
93          31          0           1           
94          31          1           1           
95          31          2           1           
96          32          0           1           
97          32          1           1           
98          32          2           1           
99          33          0           1           
100         33          1           1           
100 rows selected.
------------------------------------------------------------
PROJECT ( COLUMN_COUNT: 4, TUPLE_SIZE: 16, COST: BLOCKED )
 PARTITION-COORDINATOR ( TABLE: SYS.T1, PARTITION: 5/5, FULL SCAN, ACCESS: 100, COST: BLOCKED )
  SCAN ( PARTITION: PD, FULL SCAN, ACCESS: 21, DISK_PAGE_COUNT: BLOCKED, COST: BLOCKED )
  SCAN ( PARTITION: P4, FULL SCAN, ACCESS: 20, DISK_PAGE_COUNT: BLOCKED, COST: BLOCKED )
  SCAN ( PARTITION: P3, FULL SCAN, ACCESS: 20, DISK_PAGE_COUNT: BLOCKED, COST: BLOCKED )
  SCAN ( PARTITION: P2, FULL SCAN, ACCESS: 20, DISK_PAGE_COUNT: BLOCKED, COST: BLOCKED )
  SCAN ( PARTITION: P1, FULL SCAN, ACCESS: 19, DISK_PAGE_COUNT: BLOCKED, COST: BLOCKED )
------------------------------------------------------------
$T0> select * from t1 order by i2, i3 for update;
T1.I1       T1.I2       T1.I3       T1.I4       
-----------------------------------------------------
1           0           1           1           
2           0           2           1           
3           1           0           1           
4           1           1           1           
5           1           2           1           
6           2           0           1           
7           2           1           1           
8           2           2           1           
9           3           0           1           
10          3           1           1           
11          3           2           1           
12          4           0           1           
13          4           1           1           
14          4           2           1           
15          5           0           1           
16          5           1           1           
17          5           2           1           
18          6           0           1           
19          6           1           1           
20          6           2           1           
21          7           0           1           
22          7           1           1           
23          7           2           1           
24          8           0           1           
25          8           1           1           
26          8           2           1           
27          9           0           1           
28          9           1           1           
29          9           2           1           
30          10          0           1           
31          10          1           1           
32          10          2           1           
33          11          0           1           
34          11          1           1           
35          11          2           1           
36          12          0           1           
37          12          1           1           
38          12          2           1           
39          13          0           1           
40          13          1           1           
41          13          2           1           
42          14          0           1           
43          14          1           1           
44          14          2           1           
45          15          0           1           
46          15          1           1           
47          15          2           1           
48          16          0           1           
49          16          1           1           
50          16          2           1           
51          17          0           1           
52          17          1           1           
53          17          2           1           
54          18          0           1           
55          18          1           1           
56          18          2           1           
57          19          0           1           
58          19          1           1           
59          19          2           1           
60          20          0           1           
61          20          1           1           
62          20          2           1           
63          21          0           1           
64          21          1           1           
65          21          2           1           
66          22          0           1           
67          22          1           1           
68          22          2           1           
69          23          0           1           
70          23          1           1           
71          23          2           1           
72          24          0           1           
73          24          1           1           
74          24          2           1           
75          25          0           1           
76          25          1           1           
77          25          2           1           
78          26          0           1           
79          26          1           1           
80          26          2           1           
81          27          0           1           
82          27          1           1           
83          27          2           1           
84          28          0           1           
85          28          1           1           
86          28          2           1           
87          29          0           1           
88          29          1           1           
89          29          2           1           
90          30          0           1           
91          30          1           1           
92          30          2           1           
93          31          0           1           
94          31          1           1           
95          31          2           1           
96          32          0           1           
97          32          1           1           
98          32          2           1           
99          33          0           1           
100         33          1           1           
100 rows selected.
------------------------------------------------------------
PROJECT ( COLUMN_COUNT: 4, TUPLE_SIZE: 16, COST: BLOCKED )
 SCAN ( TABLE: SYS.T1, INDEX: SYS.T1_IDX1, GLOBAL-INDEX, FULL SCAN, ACCESS: 100, DISK_PAGE_COUNT: BLOCKED, COST: BLOCKED )
------------------------------------------------------------
$T0> select * from t1 order by i2, i3 desc for update;
T1.I1       T1.I2       T1.I3       T1.I4       
-----------------------------------------------------
2           0           2           1           
1           0           1           1           
5           1           2           1           
4           1           1           1           
3           1           0           1           
8           2           2           1           
7           2           1           1           
6           2           0           1           
11          3           2           1           
10          3           1           1           
9           3           0           1           
14          4           2           1           
13          4           1           1           
12          4           0           1           
17          5           2           1           
16          5           1           1           
15          5           0           1           
20          6           2           1           
19          6           1           1           
18          6           0           1           
23          7           2           1           
22          7           1           1           
21          7           0           1           
26          8           2           1           
25          8           1           1           
24          8           0           1           
29          9           2           1           
28          9           1           1           
27          9           0           1           
32          10          2           1           
31          10          1           1           
30          10          0           1           
35          11          2           1           
34          11          1           1           
33          11          0           1           
38          12          2           1           
37          12          1           1           
36          12          0           1           
41          13          2           1           
40          13          1           1           
39          13          0           1           
44          14          2           1           
43          14          1           1           
42          14          0           1           
47          15          2           1           
46          15          1           1           
45          15          0           1           
50          16          2           1           
49          16          1           1           
48          16          0           1           
53          17          2           1           
52          17          1           1           
51          17          0           1           
56          18          2           1           
55          18          1           1           
54          18          0           1           
59          19          2           1           
58          19          1           1           
57          19          0           1           
62          20          2           1           
61          20          1           1           
60          20          0           1           
65          21          2           1           
64          21          1           1           
63          21          0           1           
68          22          2           1           
67          22          1           1           
66          22          0           1           
71          23          2           1           
70          23          1           1           
69          23          0           1           
74          24          2           1           
73          24          1           1           
72          24          0           1           
77          25          2           1           
76          25          1           1           
75          25          0           1           
80          26          2           1           
79          26          1           1           
78          26          0           1           
83          27          2           1           
82          27          1           1           
81          27          0           1           
86          28          2           1           
85          28          1           1           
84          28          0           1           
89          29          2           1           
88          29          1           1           
87          29          0           1           
92          30          2           1           
91          30          1           1           
90          30          0           1           
95          31          2           1           
94          31          1           1           
93          31          0           1           
98          32          2           1           
97          32          1           1           
96          32          0           1           
100         33          1           1           
99          33          0           1           
100 rows selected.
------------------------------------------------------------
PROJECT ( COLUMN_COUNT: 4, TUPLE_SIZE: 16, COST: BLOCKED )
 SCAN ( TABLE: SYS.T1, INDEX: SYS.T1_IDX2, GLOBAL-INDEX, FULL SCAN, ACCESS: 100, DISK_PAGE_COUNT: BLOCKED, COST: BLOCKED )
------------------------------------------------------------

$T0> select * from t1 where i2 = 10 and i3 = 1 and i4 = 1 for update;
T1.I1       T1.I2       T1.I3       T1.I4       
-----------------------------------------------------
31          10          1           1           
1 row selected.
------------------------------------------------------------
PROJECT ( COLUMN_COUNT: 4, TUPLE_SIZE: 16, COST: BLOCKED )
 SCAN ( TABLE: SYS.T1, INDEX: SYS.T1_IDX1, GLOBAL-INDEX, RANGE SCAN, ACCESS: 1, DISK_PAGE_COUNT: BLOCKED, COST: BLOCKED )
  [ FIXED KEY ]
  AND
   OR
    I2 = 10
   OR
    I3 = 1
  [ FILTER SERIAL EXECUTE ]
  I4 = 1
------------------------------------------------------------
$T0> select * from t1 where i2 = 10 and i3 = 1 and i4 = 1 order by i2, i3 for update;
T1.I1       T1.I2       T1.I3       T1.I4       
-----------------------------------------------------
31          10          1           1           
1 row selected.
------------------------------------------------------------
PROJECT ( COLUMN_COUNT: 4, TUPLE_SIZE: 16, COST: BLOCKED )
 SCAN ( TABLE: SYS.T1, INDEX: SYS.T1_IDX1, GLOBAL-INDEX, RANGE SCAN, ACCESS: 1, DISK_PAGE_COUNT: BLOCKED, COST: BLOCKED )
  [ FIXED KEY ]
  AND
   OR
    I2 = 10
   OR
    I3 = 1
  [ FILTER SERIAL EXECUTE ]
  I4 = 1
------------------------------------------------------------
$T0> select * from t1 where i2 = 10 and i3 = 1 and i4 = 1 order by i2, i3 desc for update;
T1.I1       T1.I2       T1.I3       T1.I4       
-----------------------------------------------------
31          10          1           1           
1 row selected.
------------------------------------------------------------
PROJECT ( COLUMN_COUNT: 4, TUPLE_SIZE: 16, COST: BLOCKED )
 SORT ( ITEM_SIZE: BLOCKED, ITEM_COUNT: 1, DISK_PAGE_COUNT: BLOCKED, ACCESS: 1, COST: BLOCKED )
  SCAN ( TABLE: SYS.T1, INDEX: SYS.T1_IDX1, GLOBAL-INDEX, RANGE SCAN, ACCESS: 1, DISK_PAGE_COUNT: BLOCKED, COST: BLOCKED )
   [ FIXED KEY ]
   AND
    OR
     I2 = 10
    OR
     I3 = 1
   [ FILTER SERIAL EXECUTE ]
   I4 = 1
------------------------------------------------------------

$T0> alter session set explain plan = off;
Alter success.

$T0> ##################################
$T0> # SECTOR; HASH PARTITION
$T0> ##################################

$T0> create table t2
( 
  i1 integer,
  i2 integer, 
  i3 integer,
  i4 integer
)
partition by hash(i1)
(
  partition p1,
  partition p2,
  partition p3,
  partition p4,
  partition p5
)
tablespace sys_tbs_disk_data;
Create success.

$T0> insert into t2 select level, level/3, mod(level,3), 1 from dual connect by level <= 100;
100 rows inserted.

$T0> create index t2_idx1 on t2(i2, i3);
Create success.
$T0> create index t2_idx2 on t2(i2, i3 desc);
Create success.

$T0> desc t2;
[ TABLESPACE : SYS_TBS_DISK_DATA ]
[ ATTRIBUTE ]                                                         
------------------------------------------------------------------------------
NAME                                     TYPE                        IS NULL 
------------------------------------------------------------------------------
I1                                       INTEGER                     
I2                                       INTEGER                     
I3                                       INTEGER                     
I4                                       INTEGER                     
[ INDEX ]                                                       
------------------------------------------------------------------------------
NAME                                     TYPE     IS UNIQUE     COLUMN
------------------------------------------------------------------------------
T2_IDX1                                  BTREE                  I2 ASC,
                                                                I3 ASC
T2_IDX2                                  BTREE                  I2 ASC,
                                                                I3 DESC
T2 has no primary key

$T0> select cast(i.index_name as varchar(20)) index_name,
         cast( case when i.index_table_id != 0          then 'GIT-HIDDEN-TABLE'
                    when i.is_partitioned = 'T'         then 'LOCAL'
                    when nvl(p.partition_type,-1) = 101 then 'NATIVE-GLOBAL'
                    else 'UNKNOWN' end as varchar(16) ) kind,
         i.index_table_id,
         cast(i.is_partitioned as varchar(1)) is_part,
         nvl(p.partition_type,-1) part_type
  from system_.sys_indices_ i,
       system_.sys_tables_ t,
       ( select index_id, max(partition_type) partition_type
         from system_.sys_part_indices_ group by index_id ) p
  where i.table_id = t.table_id
    and t.table_name = upper('t2')
    and t.user_id = user_id()
    and i.index_id = p.index_id(+)
  order by 1;
INDEX_NAME            KIND              INDEX_TABLE_ID IS_PART  PART_TYPE   
----------------------------------------------------------------------------------
T2_IDX1               NATIVE-GLOBAL     0           F  101         
T2_IDX2               NATIVE-GLOBAL     0           F  101         
2 rows selected.
$T0> select count(*) git_hidden_table_count
  from system_.sys_tables_
  where table_name like '$GIT!_%' escape '!'
    and user_id = user_id();
GIT_HIDDEN_TABLE_COUNT 
-------------------------
0                    
1 row selected.

$T0> alter session set explain plan = on;
Alter success.
$T0> alter session set trclog_detail_predicate = 1;
Alter success.

$T0> ##################################
$T0> # SECTOR; SELECT
$T0> ##################################

$T0> select * from t2;
T2.I1       T2.I2       T2.I3       T2.I4       
-----------------------------------------------------
5           1           2           1           
9           3           0           1           
12          4           0           1           
14          4           2           1           
18          6           0           1           
23          7           2           1           
27          9           0           1           
31          10          1           1           
32          10          2           1           
33          11          0           1           
45          15          0           1           
48          16          0           1           
56          18          2           1           
57          19          0           1           
66          22          0           1           
86          28          2           1           
88          29          1           1           
91          30          1           1           
94          31          1           1           
1           0           1           1           
3           1           0           1           
13          4           1           1           
21          7           0           1           
30          10          0           1           
40          13          1           1           
51          17          0           1           
52          17          1           1           
58          19          1           1           
69          23          0           1           
71          23          2           1           
76          25          1           1           
85          28          1           1           
87          29          0           1           
92          30          2           1           
97          32          1           1           
98          32          2           1           
4           1           1           1           
8           2           2           1           
17          5           2           1           
25          8           1           1           
26          8           2           1           
35          11          2           1           
46          15          1           1           
49          16          1           1           
53          17          2           1           
61          20          1           1           
62          20          2           1           
64          21          1           1           
65          21          2           1           
68          22          2           1           
73          24          1           1           
77          25          2           1           
80          26          2           1           
83          27          2           1           
84          28          0           1           
90          30          0           1           
93          31          0           1           
2           0           2           1           
6           2           0           1           
7           2           1           1           
10          3           1           1           
11          3           2           1           
16          5           1           1           
22          7           1           1           
28          9           1           1           
29          9           2           1           
36          12          0           1           
37          12          1           1           
39          13          0           1           
42          14          0           1           
44          14          2           1           
50          16          2           1           
59          19          2           1           
63          21          0           1           
70          23          1           1           
74          24          2           1           
75          25          0           1           
79          26          1           1           
81          27          0           1           
99          33          0           1           
15          5           0           1           
19          6           1           1           
20          6           2           1           
24          8           0           1           
34          11          1           1           
38          12          2           1           
41          13          2           1           
43          14          1           1           
47          15          2           1           
54          18          0           1           
55          18          1           1           
60          20          0           1           
67          22          1           1           
72          24          0           1           
78          26          0           1           
82          27          1           1           
89          29          2           1           
95          31          2           1           
96          32          0           1           
100         33          1           1           
100 rows selected.
------------------------------------------------------------
PROJECT ( COLUMN_COUNT: 4, TUPLE_SIZE: 16, COST: BLOCKED )
 PARTITION-COORDINATOR ( TABLE: SYS.T2, PARTITION: 5/5, FULL SCAN, ACCESS: 100, COST: BLOCKED )
  SCAN ( PARTITION: P5, FULL SCAN, ACCESS: 19, DISK_PAGE_COUNT: BLOCKED, COST: BLOCKED )
  SCAN ( PARTITION: P4, FULL SCAN, ACCESS: 17, DISK_PAGE_COUNT: BLOCKED, COST: BLOCKED )
  SCAN ( PARTITION: P3, FULL SCAN, ACCESS: 21, DISK_PAGE_COUNT: BLOCKED, COST: BLOCKED )
  SCAN ( PARTITION: P2, FULL SCAN, ACCESS: 23, DISK_PAGE_COUNT: BLOCKED, COST: BLOCKED )
  SCAN ( PARTITION: P1, FULL SCAN, ACCESS: 20, DISK_PAGE_COUNT: BLOCKED, COST: BLOCKED )
------------------------------------------------------------
$T0> select * from t2 order by i2, i3;
T2.I1       T2.I2       T2.I3       T2.I4       
-----------------------------------------------------
1           0           1           1           
2           0           2           1           
3           1           0           1           
4           1           1           1           
5           1           2           1           
6           2           0           1           
7           2           1           1           
8           2           2           1           
9           3           0           1           
10          3           1           1           
11          3           2           1           
12          4           0           1           
13          4           1           1           
14          4           2           1           
15          5           0           1           
16          5           1           1           
17          5           2           1           
18          6           0           1           
19          6           1           1           
20          6           2           1           
21          7           0           1           
22          7           1           1           
23          7           2           1           
24          8           0           1           
25          8           1           1           
26          8           2           1           
27          9           0           1           
28          9           1           1           
29          9           2           1           
30          10          0           1           
31          10          1           1           
32          10          2           1           
33          11          0           1           
34          11          1           1           
35          11          2           1           
36          12          0           1           
37          12          1           1           
38          12          2           1           
39          13          0           1           
40          13          1           1           
41          13          2           1           
42          14          0           1           
43          14          1           1           
44          14          2           1           
45          15          0           1           
46          15          1           1           
47          15          2           1           
48          16          0           1           
49          16          1           1           
50          16          2           1           
51          17          0           1           
52          17          1           1           
53          17          2           1           
54          18          0           1           
55          18          1           1           
56          18          2           1           
57          19          0           1           
58          19          1           1           
59          19          2           1           
60          20          0           1           
61          20          1           1           
62          20          2           1           
63          21          0           1           
64          21          1           1           
65          21          2           1           
66          22          0           1           
67          22          1           1           
68          22          2           1           
69          23          0           1           
70          23          1           1           
71          23          2           1           
72          24          0           1           
73          24          1           1           
74          24          2           1           
75          25          0           1           
76          25          1           1           
77          25          2           1           
78          26          0           1           
79          26          1           1           
80          26          2           1           
81          27          0           1           
82          27          1           1           
83          27          2           1           
84          28          0           1           
85          28          1           1           
86          28          2           1           
87          29          0           1           
88          29          1           1           
89          29          2           1           
90          30          0           1           
91          30          1           1           
92          30          2           1           
93          31          0           1           
94          31          1           1           
95          31          2           1           
96          32          0           1           
97          32          1           1           
98          32          2           1           
99          33          0           1           
100         33          1           1           
100 rows selected.
------------------------------------------------------------
PROJECT ( COLUMN_COUNT: 4, TUPLE_SIZE: 16, COST: BLOCKED )
 SCAN ( TABLE: SYS.T2, INDEX: SYS.T2_IDX1, GLOBAL-INDEX, FULL SCAN, ACCESS: 100, DISK_PAGE_COUNT: BLOCKED, COST: BLOCKED )
------------------------------------------------------------
$T0> select * from t2 order by i2, i3 desc;
T2.I1       T2.I2       T2.I3       T2.I4       
-----------------------------------------------------
2           0           2           1           
1           0           1           1           
5           1           2           1           
4           1           1           1           
3           1           0           1           
8           2           2           1           
7           2           1           1           
6           2           0           1           
11          3           2           1           
10          3           1           1           
9           3           0           1           
14          4           2           1           
13          4           1           1           
12          4           0           1           
17          5           2           1           
16          5           1           1           
15          5           0           1           
20          6           2           1           
19          6           1           1           
18          6           0           1           
23          7           2           1           
22          7           1           1           
21          7           0           1           
26          8           2           1           
25          8           1           1           
24          8           0           1           
29          9           2           1           
28          9           1           1           
27          9           0           1           
32          10          2           1           
31          10          1           1           
30          10          0           1           
35          11          2           1           
34          11          1           1           
33          11          0           1           
38          12          2           1           
37          12          1           1           
36          12          0           1           
41          13          2           1           
40          13          1           1           
39          13          0           1           
44          14          2           1           
43          14          1           1           
42          14          0           1           
47          15          2           1           
46          15          1           1           
45          15          0           1           
50          16          2           1           
49          16          1           1           
48          16          0           1           
53          17          2           1           
52          17          1           1           
51          17          0           1           
56          18          2           1           
55          18          1           1           
54          18          0           1           
59          19          2           1           
58          19          1           1           
57          19          0           1           
62          20          2           1           
61          20          1           1           
60          20          0           1           
65          21          2           1           
64          21          1           1           
63          21          0           1           
68          22          2           1           
67          22          1           1           
66          22          0           1           
71          23          2           1           
70          23          1           1           
69          23          0           1           
74          24          2           1           
73          24          1           1           
72          24          0           1           
77          25          2           1           
76          25          1           1           
75          25          0           1           
80          26          2           1           
79          26          1           1           
78          26          0           1           
83          27          2           1           
82          27          1           1           
81          27          0           1           
86          28          2           1           
85          28          1           1           
84          28          0           1           
89          29          2           1           
88          29          1           1           
87          29          0           1           
92          30          2           1           
91          30          1           1           
90          30          0           1           
95          31          2           1           
94          31          1           1           
93          31          0           1           
98          32          2           1           
97          32          1           1           
96          32          0           1           
100         33          1           1           
99          33          0           1           
100 rows selected.
------------------------------------------------------------
PROJECT ( COLUMN_COUNT: 4, TUPLE_SIZE: 16, COST: BLOCKED )
 SCAN ( TABLE: SYS.T2, INDEX: SYS.T2_IDX2, GLOBAL-INDEX, FULL SCAN, ACCESS: 100, DISK_PAGE_COUNT: BLOCKED, COST: BLOCKED )
------------------------------------------------------------

$T0> select * from t2 where i2 = 10 and i3 = 1 and i4 = 1;
T2.I1       T2.I2       T2.I3       T2.I4       
-----------------------------------------------------
31          10          1           1           
1 row selected.
------------------------------------------------------------
PROJECT ( COLUMN_COUNT: 4, TUPLE_SIZE: 16, COST: BLOCKED )
 SCAN ( TABLE: SYS.T2, INDEX: SYS.T2_IDX1, GLOBAL-INDEX, RANGE SCAN, ACCESS: 1, DISK_PAGE_COUNT: BLOCKED, COST: BLOCKED )
  [ FIXED KEY ]
  AND
   OR
    I2 = 10
   OR
    I3 = 1
  [ FILTER SERIAL EXECUTE ]
  I4 = 1
------------------------------------------------------------
$T0> select * from t2 where i2 = 10 and i3 = 1 and i4 = 1 order by i2, i3;
T2.I1       T2.I2       T2.I3       T2.I4       
-----------------------------------------------------
31          10          1           1           
1 row selected.
------------------------------------------------------------
PROJECT ( COLUMN_COUNT: 4, TUPLE_SIZE: 16, COST: BLOCKED )
 SCAN ( TABLE: SYS.T2, INDEX: SYS.T2_IDX1, GLOBAL-INDEX, RANGE SCAN, ACCESS: 1, DISK_PAGE_COUNT: BLOCKED, COST: BLOCKED )
  [ FIXED KEY ]
  AND
   OR
    I2 = 10
   OR
    I3 = 1
  [ FILTER SERIAL EXECUTE ]
  I4 = 1
------------------------------------------------------------
$T0> select * from t2 where i2 = 10 and i3 = 1 and i4 = 1 order by i2, i3 desc;
T2.I1       T2.I2       T2.I3       T2.I4       
-----------------------------------------------------
31          10          1           1           
1 row selected.
------------------------------------------------------------
PROJECT ( COLUMN_COUNT: 4, TUPLE_SIZE: 16, COST: BLOCKED )
 SORT ( ITEM_SIZE: BLOCKED, ITEM_COUNT: 1, DISK_PAGE_COUNT: BLOCKED, ACCESS: 1, COST: BLOCKED )
  SCAN ( TABLE: SYS.T2, INDEX: SYS.T2_IDX1, GLOBAL-INDEX, RANGE SCAN, ACCESS: 1, DISK_PAGE_COUNT: BLOCKED, COST: BLOCKED )
   [ FIXED KEY ]
   AND
    OR
     I2 = 10
    OR
     I3 = 1
   [ FILTER SERIAL EXECUTE ]
   I4 = 1
------------------------------------------------------------

$T0> select * from t2 where i2 >= 20 and i3 = 1 and i4 = 1;
T2.I1       T2.I2       T2.I3       T2.I4       
-----------------------------------------------------
61          20          1           1           
64          21          1           1           
67          22          1           1           
70          23          1           1           
73          24          1           1           
76          25          1           1           
79          26          1           1           
82          27          1           1           
85          28          1           1           
88          29          1           1           
91          30          1           1           
94          31          1           1           
97          32          1           1           
100         33          1           1           
14 rows selected.
------------------------------------------------------------
PROJECT ( COLUMN_COUNT: 4, TUPLE_SIZE: 16, COST: BLOCKED )
 SCAN ( TABLE: SYS.T2, INDEX: SYS.T2_IDX1, GLOBAL-INDEX, RANGE SCAN, ACCESS: 14, DISK_PAGE_COUNT: BLOCKED, COST: BLOCKED )
  [ FIXED KEY ]
  AND
   OR
    I2 >= 20
  [ FIXED KEY FILTER ]
  AND
   OR
    I3 = 1
  [ FILTER SERIAL EXECUTE ]
  I4 = 1
------------------------------------------------------------
$T0> select * from t2 where i2 >= 20 and i3 = 1 and i4 = 1 order by i2, i3;
T2.I1       T2.I2       T2.I3       T2.I4       
-----------------------------------------------------
61          20          1           1           
64          21          1           1           
67          22          1           1           
70          23          1           1           
73          24          1           1           
76          25          1           1           
79          26          1           1           
82          27          1           1           
85          28          1           1           
88          29          1           1           
91          30          1           1           
94          31          1           1           
97          32          1           1           
100         33          1           1           
14 rows selected.
------------------------------------------------------------
PROJECT ( COLUMN_COUNT: 4, TUPLE_SIZE: 16, COST: BLOCKED )
 SCAN ( TABLE: SYS.T2, INDEX: SYS.T2_IDX1, GLOBAL-INDEX, RANGE SCAN, ACCESS: 14, DISK_PAGE_COUNT: BLOCKED, COST: BLOCKED )
  [ FIXED KEY ]
  AND
   OR
    I2 >= 20
  [ FIXED KEY FILTER ]
  AND
   OR
    I3 = 1
  [ FILTER SERIAL EXECUTE ]
  I4 = 1
------------------------------------------------------------
$T0> select * from t2 where i2 >= 20 and i3 = 1 and i4 = 1 order by i2, i3 desc;
T2.I1       T2.I2       T2.I3       T2.I4       
-----------------------------------------------------
61          20          1           1           
64          21          1           1           
67          22          1           1           
70          23          1           1           
73          24          1           1           
76          25          1           1           
79          26          1           1           
82          27          1           1           
85          28          1           1           
88          29          1           1           
91          30          1           1           
94          31          1           1           
97          32          1           1           
100         33          1           1           
14 rows selected.
------------------------------------------------------------
PROJECT ( COLUMN_COUNT: 4, TUPLE_SIZE: 16, COST: BLOCKED )
 SORT ( ITEM_SIZE: BLOCKED, ITEM_COUNT: 14, DISK_PAGE_COUNT: BLOCKED, ACCESS: 14, COST: BLOCKED )
  SCAN ( TABLE: SYS.T2, INDEX: SYS.T2_IDX1, GLOBAL-INDEX, RANGE SCAN, ACCESS: 14, DISK_PAGE_COUNT: BLOCKED, COST: BLOCKED )
   [ FIXED KEY ]
   AND
    OR
     I2 >= 20
   [ FIXED KEY FILTER ]
   AND
    OR
     I3 = 1
   [ FILTER SERIAL EXECUTE ]
   I4 = 1
------------------------------------------------------------

$T0> ##################################
$T0> # SECTOR; HOST VARIABLE
$T0> ##################################

$T0> var v2 integer;
$T0> var v3 integer;
$T0> var v4 integer;

$T0> exec :v2 := 10;
Execute success.
$T0> exec :v3 := 1;
Execute success.
$T0> exec :v4 := 1;
Execute success.

$T0> prepare select * from t2 where i2 = :v2 and i3 = :v3 and i4 = :v4;
T2.I1       T2.I2       T2.I3       T2.I4       
-----------------------------------------------------
31          10          1           1           
1 row selected.
------------------------------------------------------------
PROJECT ( COLUMN_COUNT: 4, TUPLE_SIZE: 16, COST: BLOCKED )
 SCAN ( TABLE: SYS.T2, INDEX: SYS.T2_IDX1, GLOBAL-INDEX, RANGE SCAN, ACCESS: 1, DISK_PAGE_COUNT: BLOCKED, COST: BLOCKED )
  [ VARIABLE KEY ]
  OR
   AND
    I2 = :v2
    I3 = :v3
  [ FILTER SERIAL EXECUTE ]
  I4 = :v4
------------------------------------------------------------
$T0> prepare select * from t2 where i2 = :v2 and i3 = :v3 and i4 = :v4 order by i2, i3;
T2.I1       T2.I2       T2.I3       T2.I4       
-----------------------------------------------------
31          10          1           1           
1 row selected.
------------------------------------------------------------
PROJECT ( COLUMN_COUNT: 4, TUPLE_SIZE: 16, COST: BLOCKED )
 SCAN ( TABLE: SYS.T2, INDEX: SYS.T2_IDX1, GLOBAL-INDEX, RANGE SCAN, ACCESS: 1, DISK_PAGE_COUNT: BLOCKED, COST: BLOCKED )
  [ VARIABLE KEY ]
  OR
   AND
    I2 = :v2
    I3 = :v3
  [ FILTER SERIAL EXECUTE ]
  I4 = :v4
------------------------------------------------------------
$T0> prepare select * from t2 where i2 = :v2 and i3 = :v3 and i4 = :v4 order by i2, i3 desc;
T2.I1       T2.I2       T2.I3       T2.I4       
-----------------------------------------------------
31          10          1           1           
1 row selected.
------------------------------------------------------------
PROJECT ( COLUMN_COUNT: 4, TUPLE_SIZE: 16, COST: BLOCKED )
 SORT ( ITEM_SIZE: BLOCKED, ITEM_COUNT: 1, DISK_PAGE_COUNT: BLOCKED, ACCESS: 1, COST: BLOCKED )
  SCAN ( TABLE: SYS.T2, INDEX: SYS.T2_IDX1, GLOBAL-INDEX, RANGE SCAN, ACCESS: 1, DISK_PAGE_COUNT: BLOCKED, COST: BLOCKED )
   [ VARIABLE KEY ]
   OR
    AND
     I2 = :v2
     I3 = :v3
   [ FILTER SERIAL EXECUTE ]
   I4 = :v4
------------------------------------------------------------

$T0> exec :v2 := 20;
Execute success.

$T0> prepare select * from t2 where i2 >= :v2 and i3 = :v3 and i4 = :v4;
T2.I1       T2.I2       T2.I3       T2.I4       
-----------------------------------------------------
61          20          1           1           
64          21          1           1           
67          22          1           1           
70          23          1           1           
73          24          1           1           
76          25          1           1           
79          26          1           1           
82          27          1           1           
85          28          1           1           
88          29          1           1           
91          30          1           1           
94          31          1           1           
97          32          1           1           
100         33          1           1           
14 rows selected.
------------------------------------------------------------
PROJECT ( COLUMN_COUNT: 4, TUPLE_SIZE: 16, COST: BLOCKED )
 SCAN ( TABLE: SYS.T2, INDEX: SYS.T2_IDX1, GLOBAL-INDEX, RANGE SCAN, ACCESS: 14, DISK_PAGE_COUNT: BLOCKED, COST: BLOCKED )
  [ VARIABLE KEY ]
  OR
   AND
    I2 >= :v2
  [ VARIABLE KEY FILTER ]
  OR
   AND
    I3 = :v3
  [ FILTER SERIAL EXECUTE ]
  I4 = :v4
------------------------------------------------------------
$T0> prepare select * from t2 where i2 >= :v2 and i3 = :v3 and i4 = :v4 order by i2, i3;
T2.I1       T2.I2       T2.I3       T2.I4       
-----------------------------------------------------
61          20          1           1           
64          21          1           1           
67          22          1           1           
70          23          1           1           
73          24          1           1           
76          25          1           1           
79          26          1           1           
82          27          1           1           
85          28          1           1           
88          29          1           1           
91          30          1           1           
94          31          1           1           
97          32          1           1           
100         33          1           1           
14 rows selected.
------------------------------------------------------------
PROJECT ( COLUMN_COUNT: 4, TUPLE_SIZE: 16, COST: BLOCKED )
 SCAN ( TABLE: SYS.T2, INDEX: SYS.T2_IDX1, GLOBAL-INDEX, RANGE SCAN, ACCESS: 14, DISK_PAGE_COUNT: BLOCKED, COST: BLOCKED )
  [ VARIABLE KEY ]
  OR
   AND
    I2 >= :v2
  [ VARIABLE KEY FILTER ]
  OR
   AND
    I3 = :v3
  [ FILTER SERIAL EXECUTE ]
  I4 = :v4
------------------------------------------------------------
$T0> prepare select * from t2 where i2 >= :v2 and i3 = :v3 and i4 = :v4 order by i2, i3 desc;
T2.I1       T2.I2       T2.I3       T2.I4       
-----------------------------------------------------
61          20          1           1           
64          21          1           1           
67          22          1           1           
70          23          1           1           
73          24          1           1           
76          25          1           1           
79          26          1           1           
82          27          1           1           
85          28          1           1           
88          29          1           1           
91          30          1           1           
94          31          1           1           
97          32          1           1           
100         33          1           1           
14 rows selected.
------------------------------------------------------------
PROJECT ( COLUMN_COUNT: 4, TUPLE_SIZE: 16, COST: BLOCKED )
 SORT ( ITEM_SIZE: BLOCKED, ITEM_COUNT: 14, DISK_PAGE_COUNT: BLOCKED, ACCESS: 14, COST: BLOCKED )
  SCAN ( TABLE: SYS.T2, INDEX: SYS.T2_IDX1, GLOBAL-INDEX, RANGE SCAN, ACCESS: 14, DISK_PAGE_COUNT: BLOCKED, COST: BLOCKED )
   [ VARIABLE KEY ]
   OR
    AND
     I2 >= :v2
   [ VARIABLE KEY FILTER ]
   OR
    AND
     I3 = :v3
   [ FILTER SERIAL EXECUTE ]
   I4 = :v4
------------------------------------------------------------

$T0> ##################################
$T0> # SECTOR; SELECT FOR UPDATE
$T0> ##################################

$T0> select * from t2 for update;
T2.I1       T2.I2       T2.I3       T2.I4       
-----------------------------------------------------
5           1           2           1           
9           3           0           1           
12          4           0           1           
14          4           2           1           
18          6           0           1           
23          7           2           1           
27          9           0           1           
31          10          1           1           
32          10          2           1           
33          11          0           1           
45          15          0           1           
48          16          0           1           
56          18          2           1           
57          19          0           1           
66          22          0           1           
86          28          2           1           
88          29          1           1           
91          30          1           1           
94          31          1           1           
1           0           1           1           
3           1           0           1           
13          4           1           1           
21          7           0           1           
30          10          0           1           
40          13          1           1           
51          17          0           1           
52          17          1           1           
58          19          1           1           
69          23          0           1           
71          23          2           1           
76          25          1           1           
85          28          1           1           
87          29          0           1           
92          30          2           1           
97          32          1           1           
98          32          2           1           
4           1           1           1           
8           2           2           1           
17          5           2           1           
25          8           1           1           
26          8           2           1           
35          11          2           1           
46          15          1           1           
49          16          1           1           
53          17          2           1           
61          20          1           1           
62          20          2           1           
64          21          1           1           
65          21          2           1           
68          22          2           1           
73          24          1           1           
77          25          2           1           
80          26          2           1           
83          27          2           1           
84          28          0           1           
90          30          0           1           
93          31          0           1           
2           0           2           1           
6           2           0           1           
7           2           1           1           
10          3           1           1           
11          3           2           1           
16          5           1           1           
22          7           1           1           
28          9           1           1           
29          9           2           1           
36          12          0           1           
37          12          1           1           
39          13          0           1           
42          14          0           1           
44          14          2           1           
50          16          2           1           
59          19          2           1           
63          21          0           1           
70          23          1           1           
74          24          2           1           
75          25          0           1           
79          26          1           1           
81          27          0           1           
99          33          0           1           
15          5           0           1           
19          6           1           1           
20          6           2           1           
24          8           0           1           
34          11          1           1           
38          12          2           1           
41          13          2           1           
43          14          1           1           
47          15          2           1           
54          18          0           1           
55          18          1           1           
60          20          0           1           
67          22          1           1           
72          24          0           1           
78          26          0           1           
82          27          1           1           
89          29          2           1           
95          31          2           1           
96          32          0           1           
100         33          1           1           
100 rows selected.
------------------------------------------------------------
PROJECT ( COLUMN_COUNT: 4, TUPLE_SIZE: 16, COST: BLOCKED )
 PARTITION-COORDINATOR ( TABLE: SYS.T2, PARTITION: 5/5, FULL SCAN, ACCESS: 100, COST: BLOCKED )
  SCAN ( PARTITION: P5, FULL SCAN, ACCESS: 19, DISK_PAGE_COUNT: BLOCKED, COST: BLOCKED )
  SCAN ( PARTITION: P4, FULL SCAN, ACCESS: 17, DISK_PAGE_COUNT: BLOCKED, COST: BLOCKED )
  SCAN ( PARTITION: P3, FULL SCAN, ACCESS: 21, DISK_PAGE_COUNT: BLOCKED, COST: BLOCKED )
  SCAN ( PARTITION: P2, FULL SCAN, ACCESS: 23, DISK_PAGE_COUNT: BLOCKED, COST: BLOCKED )
  SCAN ( PARTITION: P1, FULL SCAN, ACCESS: 20, DISK_PAGE_COUNT: BLOCKED, COST: BLOCKED )
------------------------------------------------------------
$T0> select * from t2 order by i2, i3 for update;
T2.I1       T2.I2       T2.I3       T2.I4       
-----------------------------------------------------
1           0           1           1           
2           0           2           1           
3           1           0           1           
4           1           1           1           
5           1           2           1           
6           2           0           1           
7           2           1           1           
8           2           2           1           
9           3           0           1           
10          3           1           1           
11          3           2           1           
12          4           0           1           
13          4           1           1           
14          4           2           1           
15          5           0           1           
16          5           1           1           
17          5           2           1           
18          6           0           1           
19          6           1           1           
20          6           2           1           
21          7           0           1           
22          7           1           1           
23          7           2           1           
24          8           0           1           
25          8           1           1           
26          8           2           1           
27          9           0           1           
28          9           1           1           
29          9           2           1           
30          10          0           1           
31          10          1           1           
32          10          2           1           
33          11          0           1           
34          11          1           1           
35          11          2           1           
36          12          0           1           
37          12          1           1           
38          12          2           1           
39          13          0           1           
40          13          1           1           
41          13          2           1           
42          14          0           1           
43          14          1           1           
44          14          2           1           
45          15          0           1           
46          15          1           1           
47          15          2           1           
48          16          0           1           
49          16          1           1           
50          16          2           1           
51          17          0           1           
52          17          1           1           
53          17          2           1           
54          18          0           1           
55          18          1           1           
56          18          2           1           
57          19          0           1           
58          19          1           1           
59          19          2           1           
60          20          0           1           
61          20          1           1           
62          20          2           1           
63          21          0           1           
64          21          1           1           
65          21          2           1           
66          22          0           1           
67          22          1           1           
68          22          2           1           
69          23          0           1           
70          23          1           1           
71          23          2           1           
72          24          0           1           
73          24          1           1           
74          24          2           1           
75          25          0           1           
76          25          1           1           
77          25          2           1           
78          26          0           1           
79          26          1           1           
80          26          2           1           
81          27          0           1           
82          27          1           1           
83          27          2           1           
84          28          0           1           
85          28          1           1           
86          28          2           1           
87          29          0           1           
88          29          1           1           
89          29          2           1           
90          30          0           1           
91          30          1           1           
92          30          2           1           
93          31          0           1           
94          31          1           1           
95          31          2           1           
96          32          0           1           
97          32          1           1           
98          32          2           1           
99          33          0           1           
100         33          1           1           
100 rows selected.
------------------------------------------------------------
PROJECT ( COLUMN_COUNT: 4, TUPLE_SIZE: 16, COST: BLOCKED )
 SCAN ( TABLE: SYS.T2, INDEX: SYS.T2_IDX1, GLOBAL-INDEX, FULL SCAN, ACCESS: 100, DISK_PAGE_COUNT: BLOCKED, COST: BLOCKED )
------------------------------------------------------------
$T0> select * from t2 order by i2, i3 desc for update;
T2.I1       T2.I2       T2.I3       T2.I4       
-----------------------------------------------------
2           0           2           1           
1           0           1           1           
5           1           2           1           
4           1           1           1           
3           1           0           1           
8           2           2           1           
7           2           1           1           
6           2           0           1           
11          3           2           1           
10          3           1           1           
9           3           0           1           
14          4           2           1           
13          4           1           1           
12          4           0           1           
17          5           2           1           
16          5           1           1           
15          5           0           1           
20          6           2           1           
19          6           1           1           
18          6           0           1           
23          7           2           1           
22          7           1           1           
21          7           0           1           
26          8           2           1           
25          8           1           1           
24          8           0           1           
29          9           2           1           
28          9           1           1           
27          9           0           1           
32          10          2           1           
31          10          1           1           
30          10          0           1           
35          11          2           1           
34          11          1           1           
33          11          0           1           
38          12          2           1           
37          12          1           1           
36          12          0           1           
41          13          2           1           
40          13          1           1           
39          13          0           1           
44          14          2           1           
43          14          1           1           
42          14          0           1           
47          15          2           1           
46          15          1           1           
45          15          0           1           
50          16          2           1           
49          16          1           1           
48          16          0           1           
53          17          2           1           
52          17          1           1           
51          17          0           1           
56          18          2           1           
55          18          1           1           
54          18          0           1           
59          19          2           1           
58          19          1           1           
57          19          0           1           
62          20          2           1           
61          20          1           1           
60          20          0           1           
65          21          2           1           
64          21          1           1           
63          21          0           1           
68          22          2           1           
67          22          1           1           
66          22          0           1           
71          23          2           1           
70          23          1           1           
69          23          0           1           
74          24          2           1           
73          24          1           1           
72          24          0           1           
77          25          2           1           
76          25          1           1           
75          25          0           1           
80          26          2           1           
79          26          1           1           
78          26          0           1           
83          27          2           1           
82          27          1           1           
81          27          0           1           
86          28          2           1           
85          28          1           1           
84          28          0           1           
89          29          2           1           
88          29          1           1           
87          29          0           1           
92          30          2           1           
91          30          1           1           
90          30          0           1           
95          31          2           1           
94          31          1           1           
93          31          0           1           
98          32          2           1           
97          32          1           1           
96          32          0           1           
100         33          1           1           
99          33          0           1           
100 rows selected.
------------------------------------------------------------
PROJECT ( COLUMN_COUNT: 4, TUPLE_SIZE: 16, COST: BLOCKED )
 SCAN ( TABLE: SYS.T2, INDEX: SYS.T2_IDX2, GLOBAL-INDEX, FULL SCAN, ACCESS: 100, DISK_PAGE_COUNT: BLOCKED, COST: BLOCKED )
------------------------------------------------------------

$T0> select * from t2 where i2 = 10 and i3 = 1 and i4 = 1 for update;
T2.I1       T2.I2       T2.I3       T2.I4       
-----------------------------------------------------
31          10          1           1           
1 row selected.
------------------------------------------------------------
PROJECT ( COLUMN_COUNT: 4, TUPLE_SIZE: 16, COST: BLOCKED )
 SCAN ( TABLE: SYS.T2, INDEX: SYS.T2_IDX1, GLOBAL-INDEX, RANGE SCAN, ACCESS: 1, DISK_PAGE_COUNT: BLOCKED, COST: BLOCKED )
  [ FIXED KEY ]
  AND
   OR
    I2 = 10
   OR
    I3 = 1
  [ FILTER SERIAL EXECUTE ]
  I4 = 1
------------------------------------------------------------
$T0> select * from t2 where i2 = 10 and i3 = 1 and i4 = 1 order by i2, i3 for update;
T2.I1       T2.I2       T2.I3       T2.I4       
-----------------------------------------------------
31          10          1           1           
1 row selected.
------------------------------------------------------------
PROJECT ( COLUMN_COUNT: 4, TUPLE_SIZE: 16, COST: BLOCKED )
 SCAN ( TABLE: SYS.T2, INDEX: SYS.T2_IDX1, GLOBAL-INDEX, RANGE SCAN, ACCESS: 1, DISK_PAGE_COUNT: BLOCKED, COST: BLOCKED )
  [ FIXED KEY ]
  AND
   OR
    I2 = 10
   OR
    I3 = 1
  [ FILTER SERIAL EXECUTE ]
  I4 = 1
------------------------------------------------------------
$T0> select * from t2 where i2 = 10 and i3 = 1 and i4 = 1 order by i2, i3 desc for update;
T2.I1       T2.I2       T2.I3       T2.I4       
-----------------------------------------------------
31          10          1           1           
1 row selected.
------------------------------------------------------------
PROJECT ( COLUMN_COUNT: 4, TUPLE_SIZE: 16, COST: BLOCKED )
 SORT ( ITEM_SIZE: BLOCKED, ITEM_COUNT: 1, DISK_PAGE_COUNT: BLOCKED, ACCESS: 1, COST: BLOCKED )
  SCAN ( TABLE: SYS.T2, INDEX: SYS.T2_IDX1, GLOBAL-INDEX, RANGE SCAN, ACCESS: 1, DISK_PAGE_COUNT: BLOCKED, COST: BLOCKED )
   [ FIXED KEY ]
   AND
    OR
     I2 = 10
    OR
     I3 = 1
   [ FILTER SERIAL EXECUTE ]
   I4 = 1
------------------------------------------------------------

$T0> alter session set explain plan = off;
Alter success.

$T0> ##################################
$T0> # SECTOR; LIST PARTITION
$T0> ##################################

$T0> create table t3
( 
  i1 integer,
  i2 integer, 
  i3 integer,
  i4 integer
)
partition by list(i1)
(
  partition p1 values (1,6,11,16,21,26,31,36,41,46,51,56,61,66,71,76,81,86,91,96),
  partition p2 values (2,7,12,17,22,27,32,37,42,47,52,57,62,67,72,77,82,87,92,97),
  partition p3 values (3,8,13,18,23,28,33,38,43,48,53,58,63,68,73,78,83,88,93,98),
  partition p4 values (4,9,14,19,24,29,34,39,44,49,54,59,64,69,74,79,84,89,94,99),
  partition pd values default
)
tablespace sys_tbs_disk_data;
Create success.

$T0> insert into t3 select level, level/3, mod(level,3), 1 from dual connect by level <= 100;
100 rows inserted.

$T0> create index t3_idx1 on t3(i2, i3);
Create success.
$T0> create index t3_idx2 on t3(i2, i3 desc);
Create success.

$T0> desc t3;
[ TABLESPACE : SYS_TBS_DISK_DATA ]
[ ATTRIBUTE ]                                                         
------------------------------------------------------------------------------
NAME                                     TYPE                        IS NULL 
------------------------------------------------------------------------------
I1                                       INTEGER                     
I2                                       INTEGER                     
I3                                       INTEGER                     
I4                                       INTEGER                     
[ INDEX ]                                                       
------------------------------------------------------------------------------
NAME                                     TYPE     IS UNIQUE     COLUMN
------------------------------------------------------------------------------
T3_IDX1                                  BTREE                  I2 ASC,
                                                                I3 ASC
T3_IDX2                                  BTREE                  I2 ASC,
                                                                I3 DESC
T3 has no primary key

$T0> select cast(i.index_name as varchar(20)) index_name,
         cast( case when i.index_table_id != 0          then 'GIT-HIDDEN-TABLE'
                    when i.is_partitioned = 'T'         then 'LOCAL'
                    when nvl(p.partition_type,-1) = 101 then 'NATIVE-GLOBAL'
                    else 'UNKNOWN' end as varchar(16) ) kind,
         i.index_table_id,
         cast(i.is_partitioned as varchar(1)) is_part,
         nvl(p.partition_type,-1) part_type
  from system_.sys_indices_ i,
       system_.sys_tables_ t,
       ( select index_id, max(partition_type) partition_type
         from system_.sys_part_indices_ group by index_id ) p
  where i.table_id = t.table_id
    and t.table_name = upper('t3')
    and t.user_id = user_id()
    and i.index_id = p.index_id(+)
  order by 1;
INDEX_NAME            KIND              INDEX_TABLE_ID IS_PART  PART_TYPE   
----------------------------------------------------------------------------------
T3_IDX1               NATIVE-GLOBAL     0           F  101         
T3_IDX2               NATIVE-GLOBAL     0           F  101         
2 rows selected.
$T0> select count(*) git_hidden_table_count
  from system_.sys_tables_
  where table_name like '$GIT!_%' escape '!'
    and user_id = user_id();
GIT_HIDDEN_TABLE_COUNT 
-------------------------
0                    
1 row selected.

$T0> alter session set explain plan = on;
Alter success.
$T0> alter session set trclog_detail_predicate = 1;
Alter success.

$T0> ##################################
$T0> # SECTOR; SELECT
$T0> ##################################

$T0> select * from t3;
T3.I1       T3.I2       T3.I3       T3.I4       
-----------------------------------------------------
5           1           2           1           
10          3           1           1           
15          5           0           1           
20          6           2           1           
25          8           1           1           
30          10          0           1           
35          11          2           1           
40          13          1           1           
45          15          0           1           
50          16          2           1           
55          18          1           1           
60          20          0           1           
65          21          2           1           
70          23          1           1           
75          25          0           1           
80          26          2           1           
85          28          1           1           
90          30          0           1           
95          31          2           1           
100         33          1           1           
4           1           1           1           
9           3           0           1           
14          4           2           1           
19          6           1           1           
24          8           0           1           
29          9           2           1           
34          11          1           1           
39          13          0           1           
44          14          2           1           
49          16          1           1           
54          18          0           1           
59          19          2           1           
64          21          1           1           
69          23          0           1           
74          24          2           1           
79          26          1           1           
84          28          0           1           
89          29          2           1           
94          31          1           1           
99          33          0           1           
3           1           0           1           
8           2           2           1           
13          4           1           1           
18          6           0           1           
23          7           2           1           
28          9           1           1           
33          11          0           1           
38          12          2           1           
43          14          1           1           
48          16          0           1           
53          17          2           1           
58          19          1           1           
63          21          0           1           
68          22          2           1           
73          24          1           1           
78          26          0           1           
83          27          2           1           
88          29          1           1           
93          31          0           1           
98          32          2           1           
2           0           2           1           
7           2           1           1           
12          4           0           1           
17          5           2           1           
22          7           1           1           
27          9           0           1           
32          10          2           1           
37          12          1           1           
42          14          0           1           
47          15          2           1           
52          17          1           1           
57          19          0           1           
62          20          2           1           
67          22          1           1           
72          24          0           1           
77          25          2           1           
82          27          1           1           
87          29          0           1           
92          30          2           1           
97          32          1           1           
1           0           1           1           
6           2           0           1           
11          3           2           1           
16          5           1           1           
21          7           0           1           
26          8           2           1           
31          10          1           1           
36          12          0           1           
41          13          2           1           
46          15          1           1           
51          17          0           1           
56          18          2           1           
61          20          1           1           
66          22          0           1           
71          23          2           1           
76          25          1           1           
81          27          0           1           
86          28          2           1           
91          30          1           1           
96          32          0           1           
100 rows selected.
------------------------------------------------------------
PROJECT ( COLUMN_COUNT: 4, TUPLE_SIZE: 16, COST: BLOCKED )
 PARTITION-COORDINATOR ( TABLE: SYS.T3, PARTITION: 5/5, FULL SCAN, ACCESS: 100, COST: BLOCKED )
  SCAN ( PARTITION: PD, FULL SCAN, ACCESS: 20, DISK_PAGE_COUNT: BLOCKED, COST: BLOCKED )
  SCAN ( PARTITION: P4, FULL SCAN, ACCESS: 20, DISK_PAGE_COUNT: BLOCKED, COST: BLOCKED )
  SCAN ( PARTITION: P3, FULL SCAN, ACCESS: 20, DISK_PAGE_COUNT: BLOCKED, COST: BLOCKED )
  SCAN ( PARTITION: P2, FULL SCAN, ACCESS: 20, DISK_PAGE_COUNT: BLOCKED, COST: BLOCKED )
  SCAN ( PARTITION: P1, FULL SCAN, ACCESS: 20, DISK_PAGE_COUNT: BLOCKED, COST: BLOCKED )
------------------------------------------------------------
$T0> select * from t3 order by i2, i3;
T3.I1       T3.I2       T3.I3       T3.I4       
-----------------------------------------------------
1           0           1           1           
2           0           2           1           
3           1           0           1           
4           1           1           1           
5           1           2           1           
6           2           0           1           
7           2           1           1           
8           2           2           1           
9           3           0           1           
10          3           1           1           
11          3           2           1           
12          4           0           1           
13          4           1           1           
14          4           2           1           
15          5           0           1           
16          5           1           1           
17          5           2           1           
18          6           0           1           
19          6           1           1           
20          6           2           1           
21          7           0           1           
22          7           1           1           
23          7           2           1           
24          8           0           1           
25          8           1           1           
26          8           2           1           
27          9           0           1           
28          9           1           1           
29          9           2           1           
30          10          0           1           
31          10          1           1           
32          10          2           1           
33          11          0           1           
34          11          1           1           
35          11          2           1           
36          12          0           1           
37          12          1           1           
38          12          2           1           
39          13          0           1           
40          13          1           1           
41          13          2           1           
42          14          0           1           
43          14          1           1           
44          14          2           1           
45          15          0           1           
46          15          1           1           
47          15          2           1           
48          16          0           1           
49          16          1           1           
50          16          2           1           
51          17          0           1           
52          17          1           1           
53          17          2           1           
54          18          0           1           
55          18          1           1           
56          18          2           1           
57          19          0           1           
58          19          1           1           
59          19          2           1           
60          20          0           1           
61          20          1           1           
62          20          2           1           
63          21          0           1           
64          21          1           1           
65          21          2           1           
66          22          0           1           
67          22          1           1           
68          22          2           1           
69          23          0           1           
70          23          1           1           
71          23          2           1           
72          24          0           1           
73          24          1           1           
74          24          2           1           
75          25          0           1           
76          25          1           1           
77          25          2           1           
78          26          0           1           
79          26          1           1           
80          26          2           1           
81          27          0           1           
82          27          1           1           
83          27          2           1           
84          28          0           1           
85          28          1           1           
86          28          2           1           
87          29          0           1           
88          29          1           1           
89          29          2           1           
90          30          0           1           
91          30          1           1           
92          30          2           1           
93          31          0           1           
94          31          1           1           
95          31          2           1           
96          32          0           1           
97          32          1           1           
98          32          2           1           
99          33          0           1           
100         33          1           1           
100 rows selected.
------------------------------------------------------------
PROJECT ( COLUMN_COUNT: 4, TUPLE_SIZE: 16, COST: BLOCKED )
 SCAN ( TABLE: SYS.T3, INDEX: SYS.T3_IDX1, GLOBAL-INDEX, FULL SCAN, ACCESS: 100, DISK_PAGE_COUNT: BLOCKED, COST: BLOCKED )
------------------------------------------------------------
$T0> select * from t3 order by i2, i3 desc;
T3.I1       T3.I2       T3.I3       T3.I4       
-----------------------------------------------------
2           0           2           1           
1           0           1           1           
5           1           2           1           
4           1           1           1           
3           1           0           1           
8           2           2           1           
7           2           1           1           
6           2           0           1           
11          3           2           1           
10          3           1           1           
9           3           0           1           
14          4           2           1           
13          4           1           1           
12          4           0           1           
17          5           2           1           
16          5           1           1           
15          5           0           1           
20          6           2           1           
19          6           1           1           
18          6           0           1           
23          7           2           1           
22          7           1           1           
21          7           0           1           
26          8           2           1           
25          8           1           1           
24          8           0           1           
29          9           2           1           
28          9           1           1           
27          9           0           1           
32          10          2           1           
31          10          1           1           
30          10          0           1           
35          11          2           1           
34          11          1           1           
33          11          0           1           
38          12          2           1           
37          12          1           1           
36          12          0           1           
41          13          2           1           
40          13          1           1           
39          13          0           1           
44          14          2           1           
43          14          1           1           
42          14          0           1           
47          15          2           1           
46          15          1           1           
45          15          0           1           
50          16          2           1           
49          16          1           1           
48          16          0           1           
53          17          2           1           
52          17          1           1           
51          17          0           1           
56          18          2           1           
55          18          1           1           
54          18          0           1           
59          19          2           1           
58          19          1           1           
57          19          0           1           
62          20          2           1           
61          20          1           1           
60          20          0           1           
65          21          2           1           
64          21          1           1           
63          21          0           1           
68          22          2           1           
67          22          1           1           
66          22          0           1           
71          23          2           1           
70          23          1           1           
69          23          0           1           
74          24          2           1           
73          24          1           1           
72          24          0           1           
77          25          2           1           
76          25          1           1           
75          25          0           1           
80          26          2           1           
79          26          1           1           
78          26          0           1           
83          27          2           1           
82          27          1           1           
81          27          0           1           
86          28          2           1           
85          28          1           1           
84          28          0           1           
89          29          2           1           
88          29          1           1           
87          29          0           1           
92          30          2           1           
91          30          1           1           
90          30          0           1           
95          31          2           1           
94          31          1           1           
93          31          0           1           
98          32          2           1           
97          32          1           1           
96          32          0           1           
100         33          1           1           
99          33          0           1           
100 rows selected.
------------------------------------------------------------
PROJECT ( COLUMN_COUNT: 4, TUPLE_SIZE: 16, COST: BLOCKED )
 SCAN ( TABLE: SYS.T3, INDEX: SYS.T3_IDX2, GLOBAL-INDEX, FULL SCAN, ACCESS: 100, DISK_PAGE_COUNT: BLOCKED, COST: BLOCKED )
------------------------------------------------------------

$T0> select * from t3 where i2 = 10 and i3 = 1 and i4 = 1;
T3.I1       T3.I2       T3.I3       T3.I4       
-----------------------------------------------------
31          10          1           1           
1 row selected.
------------------------------------------------------------
PROJECT ( COLUMN_COUNT: 4, TUPLE_SIZE: 16, COST: BLOCKED )
 SCAN ( TABLE: SYS.T3, INDEX: SYS.T3_IDX1, GLOBAL-INDEX, RANGE SCAN, ACCESS: 1, DISK_PAGE_COUNT: BLOCKED, COST: BLOCKED )
  [ FIXED KEY ]
  AND
   OR
    I2 = 10
   OR
    I3 = 1
  [ FILTER SERIAL EXECUTE ]
  I4 = 1
------------------------------------------------------------
$T0> select * from t3 where i2 = 10 and i3 = 1 and i4 = 1 order by i2, i3;
T3.I1       T3.I2       T3.I3       T3.I4       
-----------------------------------------------------
31          10          1           1           
1 row selected.
------------------------------------------------------------
PROJECT ( COLUMN_COUNT: 4, TUPLE_SIZE: 16, COST: BLOCKED )
 SCAN ( TABLE: SYS.T3, INDEX: SYS.T3_IDX1, GLOBAL-INDEX, RANGE SCAN, ACCESS: 1, DISK_PAGE_COUNT: BLOCKED, COST: BLOCKED )
  [ FIXED KEY ]
  AND
   OR
    I2 = 10
   OR
    I3 = 1
  [ FILTER SERIAL EXECUTE ]
  I4 = 1
------------------------------------------------------------
$T0> select * from t3 where i2 = 10 and i3 = 1 and i4 = 1 order by i2, i3 desc;
T3.I1       T3.I2       T3.I3       T3.I4       
-----------------------------------------------------
31          10          1           1           
1 row selected.
------------------------------------------------------------
PROJECT ( COLUMN_COUNT: 4, TUPLE_SIZE: 16, COST: BLOCKED )
 SORT ( ITEM_SIZE: BLOCKED, ITEM_COUNT: 1, DISK_PAGE_COUNT: BLOCKED, ACCESS: 1, COST: BLOCKED )
  SCAN ( TABLE: SYS.T3, INDEX: SYS.T3_IDX1, GLOBAL-INDEX, RANGE SCAN, ACCESS: 1, DISK_PAGE_COUNT: BLOCKED, COST: BLOCKED )
   [ FIXED KEY ]
   AND
    OR
     I2 = 10
    OR
     I3 = 1
   [ FILTER SERIAL EXECUTE ]
   I4 = 1
------------------------------------------------------------

$T0> select * from t3 where i2 >= 20 and i3 = 1 and i4 = 1;
T3.I1       T3.I2       T3.I3       T3.I4       
-----------------------------------------------------
61          20          1           1           
64          21          1           1           
67          22          1           1           
70          23          1           1           
73          24          1           1           
76          25          1           1           
79          26          1           1           
82          27          1           1           
85          28          1           1           
88          29          1           1           
91          30          1           1           
94          31          1           1           
97          32          1           1           
100         33          1           1           
14 rows selected.
------------------------------------------------------------
PROJECT ( COLUMN_COUNT: 4, TUPLE_SIZE: 16, COST: BLOCKED )
 SCAN ( TABLE: SYS.T3, INDEX: SYS.T3_IDX1, GLOBAL-INDEX, RANGE SCAN, ACCESS: 14, DISK_PAGE_COUNT: BLOCKED, COST: BLOCKED )
  [ FIXED KEY ]
  AND
   OR
    I2 >= 20
  [ FIXED KEY FILTER ]
  AND
   OR
    I3 = 1
  [ FILTER SERIAL EXECUTE ]
  I4 = 1
------------------------------------------------------------
$T0> select * from t3 where i2 >= 20 and i3 = 1 and i4 = 1 order by i2, i3;
T3.I1       T3.I2       T3.I3       T3.I4       
-----------------------------------------------------
61          20          1           1           
64          21          1           1           
67          22          1           1           
70          23          1           1           
73          24          1           1           
76          25          1           1           
79          26          1           1           
82          27          1           1           
85          28          1           1           
88          29          1           1           
91          30          1           1           
94          31          1           1           
97          32          1           1           
100         33          1           1           
14 rows selected.
------------------------------------------------------------
PROJECT ( COLUMN_COUNT: 4, TUPLE_SIZE: 16, COST: BLOCKED )
 SCAN ( TABLE: SYS.T3, INDEX: SYS.T3_IDX1, GLOBAL-INDEX, RANGE SCAN, ACCESS: 14, DISK_PAGE_COUNT: BLOCKED, COST: BLOCKED )
  [ FIXED KEY ]
  AND
   OR
    I2 >= 20
  [ FIXED KEY FILTER ]
  AND
   OR
    I3 = 1
  [ FILTER SERIAL EXECUTE ]
  I4 = 1
------------------------------------------------------------
$T0> select * from t3 where i2 >= 20 and i3 = 1 and i4 = 1 order by i2, i3 desc;
T3.I1       T3.I2       T3.I3       T3.I4       
-----------------------------------------------------
61          20          1           1           
64          21          1           1           
67          22          1           1           
70          23          1           1           
73          24          1           1           
76          25          1           1           
79          26          1           1           
82          27          1           1           
85          28          1           1           
88          29          1           1           
91          30          1           1           
94          31          1           1           
97          32          1           1           
100         33          1           1           
14 rows selected.
------------------------------------------------------------
PROJECT ( COLUMN_COUNT: 4, TUPLE_SIZE: 16, COST: BLOCKED )
 SORT ( ITEM_SIZE: BLOCKED, ITEM_COUNT: 14, DISK_PAGE_COUNT: BLOCKED, ACCESS: 14, COST: BLOCKED )
  SCAN ( TABLE: SYS.T3, INDEX: SYS.T3_IDX1, GLOBAL-INDEX, RANGE SCAN, ACCESS: 14, DISK_PAGE_COUNT: BLOCKED, COST: BLOCKED )
   [ FIXED KEY ]
   AND
    OR
     I2 >= 20
   [ FIXED KEY FILTER ]
   AND
    OR
     I3 = 1
   [ FILTER SERIAL EXECUTE ]
   I4 = 1
------------------------------------------------------------

$T0> ##################################
$T0> # SECTOR; HOST VARIABLE
$T0> ##################################

$T0> var v2 integer;
$T0> var v3 integer;
$T0> var v4 integer;

$T0> exec :v2 := 10;
Execute success.
$T0> exec :v3 := 1;
Execute success.
$T0> exec :v4 := 1;
Execute success.

$T0> prepare select * from t3 where i2 = :v2 and i3 = :v3 and i4 = :v4;
T3.I1       T3.I2       T3.I3       T3.I4       
-----------------------------------------------------
31          10          1           1           
1 row selected.
------------------------------------------------------------
PROJECT ( COLUMN_COUNT: 4, TUPLE_SIZE: 16, COST: BLOCKED )
 SCAN ( TABLE: SYS.T3, INDEX: SYS.T3_IDX1, GLOBAL-INDEX, RANGE SCAN, ACCESS: 1, DISK_PAGE_COUNT: BLOCKED, COST: BLOCKED )
  [ VARIABLE KEY ]
  OR
   AND
    I2 = :v2
    I3 = :v3
  [ FILTER SERIAL EXECUTE ]
  I4 = :v4
------------------------------------------------------------
$T0> prepare select * from t3 where i2 = :v2 and i3 = :v3 and i4 = :v4 order by i2, i3;
T3.I1       T3.I2       T3.I3       T3.I4       
-----------------------------------------------------
31          10          1           1           
1 row selected.
------------------------------------------------------------
PROJECT ( COLUMN_COUNT: 4, TUPLE_SIZE: 16, COST: BLOCKED )
 SCAN ( TABLE: SYS.T3, INDEX: SYS.T3_IDX1, GLOBAL-INDEX, RANGE SCAN, ACCESS: 1, DISK_PAGE_COUNT: BLOCKED, COST: BLOCKED )
  [ VARIABLE KEY ]
  OR
   AND
    I2 = :v2
    I3 = :v3
  [ FILTER SERIAL EXECUTE ]
  I4 = :v4
------------------------------------------------------------
$T0> prepare select * from t3 where i2 = :v2 and i3 = :v3 and i4 = :v4 order by i2, i3 desc;
T3.I1       T3.I2       T3.I3       T3.I4       
-----------------------------------------------------
31          10          1           1           
1 row selected.
------------------------------------------------------------
PROJECT ( COLUMN_COUNT: 4, TUPLE_SIZE: 16, COST: BLOCKED )
 SORT ( ITEM_SIZE: BLOCKED, ITEM_COUNT: 1, DISK_PAGE_COUNT: BLOCKED, ACCESS: 1, COST: BLOCKED )
  SCAN ( TABLE: SYS.T3, INDEX: SYS.T3_IDX1, GLOBAL-INDEX, RANGE SCAN, ACCESS: 1, DISK_PAGE_COUNT: BLOCKED, COST: BLOCKED )
   [ VARIABLE KEY ]
   OR
    AND
     I2 = :v2
     I3 = :v3
   [ FILTER SERIAL EXECUTE ]
   I4 = :v4
------------------------------------------------------------

$T0> exec :v2 := 20;
Execute success.

$T0> prepare select * from t3 where i2 >= :v2 and i3 = :v3 and i4 = :v4;
T3.I1       T3.I2       T3.I3       T3.I4       
-----------------------------------------------------
61          20          1           1           
64          21          1           1           
67          22          1           1           
70          23          1           1           
73          24          1           1           
76          25          1           1           
79          26          1           1           
82          27          1           1           
85          28          1           1           
88          29          1           1           
91          30          1           1           
94          31          1           1           
97          32          1           1           
100         33          1           1           
14 rows selected.
------------------------------------------------------------
PROJECT ( COLUMN_COUNT: 4, TUPLE_SIZE: 16, COST: BLOCKED )
 SCAN ( TABLE: SYS.T3, INDEX: SYS.T3_IDX1, GLOBAL-INDEX, RANGE SCAN, ACCESS: 14, DISK_PAGE_COUNT: BLOCKED, COST: BLOCKED )
  [ VARIABLE KEY ]
  OR
   AND
    I2 >= :v2
  [ VARIABLE KEY FILTER ]
  OR
   AND
    I3 = :v3
  [ FILTER SERIAL EXECUTE ]
  I4 = :v4
------------------------------------------------------------
$T0> prepare select * from t3 where i2 >= :v2 and i3 = :v3 and i4 = :v4 order by i2, i3;
T3.I1       T3.I2       T3.I3       T3.I4       
-----------------------------------------------------
61          20          1           1           
64          21          1           1           
67          22          1           1           
70          23          1           1           
73          24          1           1           
76          25          1           1           
79          26          1           1           
82          27          1           1           
85          28          1           1           
88          29          1           1           
91          30          1           1           
94          31          1           1           
97          32          1           1           
100         33          1           1           
14 rows selected.
------------------------------------------------------------
PROJECT ( COLUMN_COUNT: 4, TUPLE_SIZE: 16, COST: BLOCKED )
 SCAN ( TABLE: SYS.T3, INDEX: SYS.T3_IDX1, GLOBAL-INDEX, RANGE SCAN, ACCESS: 14, DISK_PAGE_COUNT: BLOCKED, COST: BLOCKED )
  [ VARIABLE KEY ]
  OR
   AND
    I2 >= :v2
  [ VARIABLE KEY FILTER ]
  OR
   AND
    I3 = :v3
  [ FILTER SERIAL EXECUTE ]
  I4 = :v4
------------------------------------------------------------
$T0> prepare select * from t3 where i2 >= :v2 and i3 = :v3 and i4 = :v4 order by i2, i3 desc;
T3.I1       T3.I2       T3.I3       T3.I4       
-----------------------------------------------------
61          20          1           1           
64          21          1           1           
67          22          1           1           
70          23          1           1           
73          24          1           1           
76          25          1           1           
79          26          1           1           
82          27          1           1           
85          28          1           1           
88          29          1           1           
91          30          1           1           
94          31          1           1           
97          32          1           1           
100         33          1           1           
14 rows selected.
------------------------------------------------------------
PROJECT ( COLUMN_COUNT: 4, TUPLE_SIZE: 16, COST: BLOCKED )
 SORT ( ITEM_SIZE: BLOCKED, ITEM_COUNT: 14, DISK_PAGE_COUNT: BLOCKED, ACCESS: 14, COST: BLOCKED )
  SCAN ( TABLE: SYS.T3, INDEX: SYS.T3_IDX1, GLOBAL-INDEX, RANGE SCAN, ACCESS: 14, DISK_PAGE_COUNT: BLOCKED, COST: BLOCKED )
   [ VARIABLE KEY ]
   OR
    AND
     I2 >= :v2
   [ VARIABLE KEY FILTER ]
   OR
    AND
     I3 = :v3
   [ FILTER SERIAL EXECUTE ]
   I4 = :v4
------------------------------------------------------------

$T0> ##################################
$T0> # SECTOR; SELECT FOR UPDATE
$T0> ##################################

$T0> select * from t3 for update;
T3.I1       T3.I2       T3.I3       T3.I4       
-----------------------------------------------------
5           1           2           1           
10          3           1           1           
15          5           0           1           
20          6           2           1           
25          8           1           1           
30          10          0           1           
35          11          2           1           
40          13          1           1           
45          15          0           1           
50          16          2           1           
55          18          1           1           
60          20          0           1           
65          21          2           1           
70          23          1           1           
75          25          0           1           
80          26          2           1           
85          28          1           1           
90          30          0           1           
95          31          2           1           
100         33          1           1           
4           1           1           1           
9           3           0           1           
14          4           2           1           
19          6           1           1           
24          8           0           1           
29          9           2           1           
34          11          1           1           
39          13          0           1           
44          14          2           1           
49          16          1           1           
54          18          0           1           
59          19          2           1           
64          21          1           1           
69          23          0           1           
74          24          2           1           
79          26          1           1           
84          28          0           1           
89          29          2           1           
94          31          1           1           
99          33          0           1           
3           1           0           1           
8           2           2           1           
13          4           1           1           
18          6           0           1           
23          7           2           1           
28          9           1           1           
33          11          0           1           
38          12          2           1           
43          14          1           1           
48          16          0           1           
53          17          2           1           
58          19          1           1           
63          21          0           1           
68          22          2           1           
73          24          1           1           
78          26          0           1           
83          27          2           1           
88          29          1           1           
93          31          0           1           
98          32          2           1           
2           0           2           1           
7           2           1           1           
12          4           0           1           
17          5           2           1           
22          7           1           1           
27          9           0           1           
32          10          2           1           
37          12          1           1           
42          14          0           1           
47          15          2           1           
52          17          1           1           
57          19          0           1           
62          20          2           1           
67          22          1           1           
72          24          0           1           
77          25          2           1           
82          27          1           1           
87          29          0           1           
92          30          2           1           
97          32          1           1           
1           0           1           1           
6           2           0           1           
11          3           2           1           
16          5           1           1           
21          7           0           1           
26          8           2           1           
31          10          1           1           
36          12          0           1           
41          13          2           1           
46          15          1           1           
51          17          0           1           
56          18          2           1           
61          20          1           1           
66          22          0           1           
71          23          2           1           
76          25          1           1           
81          27          0           1           
86          28          2           1           
91          30          1           1           
96          32          0           1           
100 rows selected.
------------------------------------------------------------
PROJECT ( COLUMN_COUNT: 4, TUPLE_SIZE: 16, COST: BLOCKED )
 PARTITION-COORDINATOR ( TABLE: SYS.T3, PARTITION: 5/5, FULL SCAN, ACCESS: 100, COST: BLOCKED )
  SCAN ( PARTITION: PD, FULL SCAN, ACCESS: 20, DISK_PAGE_COUNT: BLOCKED, COST: BLOCKED )
  SCAN ( PARTITION: P4, FULL SCAN, ACCESS: 20, DISK_PAGE_COUNT: BLOCKED, COST: BLOCKED )
  SCAN ( PARTITION: P3, FULL SCAN, ACCESS: 20, DISK_PAGE_COUNT: BLOCKED, COST: BLOCKED )
  SCAN ( PARTITION: P2, FULL SCAN, ACCESS: 20, DISK_PAGE_COUNT: BLOCKED, COST: BLOCKED )
  SCAN ( PARTITION: P1, FULL SCAN, ACCESS: 20, DISK_PAGE_COUNT: BLOCKED, COST: BLOCKED )
------------------------------------------------------------
$T0> select * from t3 order by i2, i3 for update;
T3.I1       T3.I2       T3.I3       T3.I4       
-----------------------------------------------------
1           0           1           1           
2           0           2           1           
3           1           0           1           
4           1           1           1           
5           1           2           1           
6           2           0           1           
7           2           1           1           
8           2           2           1           
9           3           0           1           
10          3           1           1           
11          3           2           1           
12          4           0           1           
13          4           1           1           
14          4           2           1           
15          5           0           1           
16          5           1           1           
17          5           2           1           
18          6           0           1           
19          6           1           1           
20          6           2           1           
21          7           0           1           
22          7           1           1           
23          7           2           1           
24          8           0           1           
25          8           1           1           
26          8           2           1           
27          9           0           1           
28          9           1           1           
29          9           2           1           
30          10          0           1           
31          10          1           1           
32          10          2           1           
33          11          0           1           
34          11          1           1           
35          11          2           1           
36          12          0           1           
37          12          1           1           
38          12          2           1           
39          13          0           1           
40          13          1           1           
41          13          2           1           
42          14          0           1           
43          14          1           1           
44          14          2           1           
45          15          0           1           
46          15          1           1           
47          15          2           1           
48          16          0           1           
49          16          1           1           
50          16          2           1           
51          17          0           1           
52          17          1           1           
53          17          2           1           
54          18          0           1           
55          18          1           1           
56          18          2           1           
57          19          0           1           
58          19          1           1           
59          19          2           1           
60          20          0           1           
61          20          1           1           
62          20          2           1           
63          21          0           1           
64          21          1           1           
65          21          2           1           
66          22          0           1           
67          22          1           1           
68          22          2           1           
69          23          0           1           
70          23          1           1           
71          23          2           1           
72          24          0           1           
73          24          1           1           
74          24          2           1           
75          25          0           1           
76          25          1           1           
77          25          2           1           
78          26          0           1           
79          26          1           1           
80          26          2           1           
81          27          0           1           
82          27          1           1           
83          27          2           1           
84          28          0           1           
85          28          1           1           
86          28          2           1           
87          29          0           1           
88          29          1           1           
89          29          2           1           
90          30          0           1           
91          30          1           1           
92          30          2           1           
93          31          0           1           
94          31          1           1           
95          31          2           1           
96          32          0           1           
97          32          1           1           
98          32          2           1           
99          33          0           1           
100         33          1           1           
100 rows selected.
------------------------------------------------------------
PROJECT ( COLUMN_COUNT: 4, TUPLE_SIZE: 16, COST: BLOCKED )
 SCAN ( TABLE: SYS.T3, INDEX: SYS.T3_IDX1, GLOBAL-INDEX, FULL SCAN, ACCESS: 100, DISK_PAGE_COUNT: BLOCKED, COST: BLOCKED )
------------------------------------------------------------
$T0> select * from t3 order by i2, i3 desc for update;
T3.I1       T3.I2       T3.I3       T3.I4       
-----------------------------------------------------
2           0           2           1           
1           0           1           1           
5           1           2           1           
4           1           1           1           
3           1           0           1           
8           2           2           1           
7           2           1           1           
6           2           0           1           
11          3           2           1           
10          3           1           1           
9           3           0           1           
14          4           2           1           
13          4           1           1           
12          4           0           1           
17          5           2           1           
16          5           1           1           
15          5           0           1           
20          6           2           1           
19          6           1           1           
18          6           0           1           
23          7           2           1           
22          7           1           1           
21          7           0           1           
26          8           2           1           
25          8           1           1           
24          8           0           1           
29          9           2           1           
28          9           1           1           
27          9           0           1           
32          10          2           1           
31          10          1           1           
30          10          0           1           
35          11          2           1           
34          11          1           1           
33          11          0           1           
38          12          2           1           
37          12          1           1           
36          12          0           1           
41          13          2           1           
40          13          1           1           
39          13          0           1           
44          14          2           1           
43          14          1           1           
42          14          0           1           
47          15          2           1           
46          15          1           1           
45          15          0           1           
50          16          2           1           
49          16          1           1           
48          16          0           1           
53          17          2           1           
52          17          1           1           
51          17          0           1           
56          18          2           1           
55          18          1           1           
54          18          0           1           
59          19          2           1           
58          19          1           1           
57          19          0           1           
62          20          2           1           
61          20          1           1           
60          20          0           1           
65          21          2           1           
64          21          1           1           
63          21          0           1           
68          22          2           1           
67          22          1           1           
66          22          0           1           
71          23          2           1           
70          23          1           1           
69          23          0           1           
74          24          2           1           
73          24          1           1           
72          24          0           1           
77          25          2           1           
76          25          1           1           
75          25          0           1           
80          26          2           1           
79          26          1           1           
78          26          0           1           
83          27          2           1           
82          27          1           1           
81          27          0           1           
86          28          2           1           
85          28          1           1           
84          28          0           1           
89          29          2           1           
88          29          1           1           
87          29          0           1           
92          30          2           1           
91          30          1           1           
90          30          0           1           
95          31          2           1           
94          31          1           1           
93          31          0           1           
98          32          2           1           
97          32          1           1           
96          32          0           1           
100         33          1           1           
99          33          0           1           
100 rows selected.
------------------------------------------------------------
PROJECT ( COLUMN_COUNT: 4, TUPLE_SIZE: 16, COST: BLOCKED )
 SCAN ( TABLE: SYS.T3, INDEX: SYS.T3_IDX2, GLOBAL-INDEX, FULL SCAN, ACCESS: 100, DISK_PAGE_COUNT: BLOCKED, COST: BLOCKED )
------------------------------------------------------------

$T0> select * from t3 where i2 = 10 and i3 = 1 and i4 = 1 for update;
T3.I1       T3.I2       T3.I3       T3.I4       
-----------------------------------------------------
31          10          1           1           
1 row selected.
------------------------------------------------------------
PROJECT ( COLUMN_COUNT: 4, TUPLE_SIZE: 16, COST: BLOCKED )
 SCAN ( TABLE: SYS.T3, INDEX: SYS.T3_IDX1, GLOBAL-INDEX, RANGE SCAN, ACCESS: 1, DISK_PAGE_COUNT: BLOCKED, COST: BLOCKED )
  [ FIXED KEY ]
  AND
   OR
    I2 = 10
   OR
    I3 = 1
  [ FILTER SERIAL EXECUTE ]
  I4 = 1
------------------------------------------------------------
$T0> select * from t3 where i2 = 10 and i3 = 1 and i4 = 1 order by i2, i3 for update;
T3.I1       T3.I2       T3.I3       T3.I4       
-----------------------------------------------------
31          10          1           1           
1 row selected.
------------------------------------------------------------
PROJECT ( COLUMN_COUNT: 4, TUPLE_SIZE: 16, COST: BLOCKED )
 SCAN ( TABLE: SYS.T3, INDEX: SYS.T3_IDX1, GLOBAL-INDEX, RANGE SCAN, ACCESS: 1, DISK_PAGE_COUNT: BLOCKED, COST: BLOCKED )
  [ FIXED KEY ]
  AND
   OR
    I2 = 10
   OR
    I3 = 1
  [ FILTER SERIAL EXECUTE ]
  I4 = 1
------------------------------------------------------------
$T0> select * from t3 where i2 = 10 and i3 = 1 and i4 = 1 order by i2, i3 desc for update;
T3.I1       T3.I2       T3.I3       T3.I4       
-----------------------------------------------------
31          10          1           1           
1 row selected.
------------------------------------------------------------
PROJECT ( COLUMN_COUNT: 4, TUPLE_SIZE: 16, COST: BLOCKED )
 SORT ( ITEM_SIZE: BLOCKED, ITEM_COUNT: 1, DISK_PAGE_COUNT: BLOCKED, ACCESS: 1, COST: BLOCKED )
  SCAN ( TABLE: SYS.T3, INDEX: SYS.T3_IDX1, GLOBAL-INDEX, RANGE SCAN, ACCESS: 1, DISK_PAGE_COUNT: BLOCKED, COST: BLOCKED )
   [ FIXED KEY ]
   AND
    OR
     I2 = 10
    OR
     I3 = 1
   [ FILTER SERIAL EXECUTE ]
   I4 = 1
------------------------------------------------------------

$T0> alter session set explain plan = off;
Alter success.

$T0> ##################################
$T0> # SECTOR; FINALIZATION
$T0> ##################################

$T0> SKIP BEGIN;
$T0> drop table t1;
$T0> drop table t2;
$T0> drop table t3;

$T0> alter session set explain plan = off;
$T0> alter session set trclog_detail_predicate = 0;
$T0> alter system set trclog_explain_graph = 0;

$T0> SKIP END;

$T0> alter system set DISK_GLOBAL_INDEX_ENABLE = 1;
Alter success.

