 
+----------------------------------------------------------------------+
--+SECTOR 0; BY ATC
+----------------------------------------------------------------------+
 
$P0> --+PROCESS P0;
# ==> [query.sql] BEGIN <=
--+SKIP BEGIN; 
$P0> DROP TABLE T1;
$P0> DROP TABLE T2;
$P0> DROP TABLE T3;
$P0> DROP TABLE T4;
--+SKIP END; 

$P0> CREATE TABLE T1 ( I1 VARCHAR(3) VARIABLE, I2 VARCHAR(3) FIXED ) PARTITION BY RANGE(I1) ( PARTITION P1 VALUES DEFAULT TABLESPACE PDT_TBS ) TABLESPACE SYS_TBS_DISK_DATA;
Create success.
$P0> CREATE TABLE T2 ( I1 VARCHAR(3) VARIABLE, I2 VARCHAR(3) FIXED ) PARTITION BY RANGE(I1) ( PARTITION P1 VALUES DEFAULT TABLESPACE PDT_TBS ) TABLESPACE SYS_TBS_DISK_DATA;
Create success.
$P0> CREATE TABLE T3 ( I1 VARCHAR(3) VARIABLE, I2 VARCHAR(3) FIXED ) PARTITION BY RANGE(I1) ( PARTITION P1 VALUES DEFAULT TABLESPACE PDT_TBS ) TABLESPACE SYS_TBS_DISK_DATA;
Create success.
$P0> CREATE TABLE T4 ( I1 VARCHAR(3) VARIABLE, I2 VARCHAR(3) FIXED ) PARTITION BY RANGE(I1) ( PARTITION P1 VALUES DEFAULT TABLESPACE PDT_TBS ) TABLESPACE SYS_TBS_DISK_DATA;
Create success.


$P0> CREATE INDEX T1_I1 ON T1(I1);
Create success.
$P0> CREATE INDEX T1_I2 ON T1(I2);
Create success.

$P0> INSERT INTO T1 VALUES (1, 1);
1 row inserted.
$P0> INSERT INTO T1 VALUES (2, 2);
1 row inserted.
$P0> INSERT INTO T1 VALUES (0, 3);
1 row inserted.
$P0> INSERT INTO T1 VALUES (2, 4);
1 row inserted.
$P0> INSERT INTO T1 VALUES (3, 1);
1 row inserted.
$P0> INSERT INTO T1 VALUES (3, 1);
1 row inserted.
$P0> INSERT INTO T1 VALUES (4, 2);
1 row inserted.
$P0> INSERT INTO T1 VALUES (2, NULL);
1 row inserted.

$P0> INSERT INTO T2 VALUES (1, 1);
1 row inserted.
$P0> INSERT INTO T2 VALUES (2, 2);
1 row inserted.
$P0> INSERT INTO T2 VALUES (1, NULL);
1 row inserted.
$P0> INSERT INTO T2 VALUES (2, 4);
1 row inserted.
$P0> INSERT INTO T2 VALUES (3, 2);
1 row inserted.
$P0> INSERT INTO T2 VALUES (4, 8);
1 row inserted.
$P0> INSERT INTO T2 VALUES (2, 2);
1 row inserted.
$P0> INSERT INTO T2 VALUES (5, 4);
1 row inserted.

$P0> INSERT INTO T3 VALUES (1, 1);
1 row inserted.
$P0> INSERT INTO T3 VALUES (0, 3);
1 row inserted.
$P0> INSERT INTO T3 VALUES (3, 1);
1 row inserted.
$P0> INSERT INTO T3 VALUES (4, 1);
1 row inserted.
$P0> INSERT INTO T3 VALUES (3, NULL);
1 row inserted.

$P0> INSERT INTO T4 VALUES (1, NULL);
1 row inserted.
$P0> INSERT INTO T4 VALUES (2, 1);
1 row inserted.
$P0> INSERT INTO T4 VALUES (3, 2);
1 row inserted.
$P0> INSERT INTO T4 VALUES (2, 2);
1 row inserted.
$P0> INSERT INTO T4 VALUES (5, 4);
1 row inserted.

$P0> ALTER SESSION SET EXPLAIN PLAN=ON;
Alter success.
$P0> ALTER SESSION SET TRCLOG_DETAIL_PREDICATE=1;
Alter success.

$P0> SELECT * FROM T1, T2, T3 
                   WHERE T1.I1 = T2.I1 AND T1.I1 = T3.I1 
                   AND T1.I1 > '0' AND T1.I2 > '0';
T1.I1  T1.I2  T2.I1  T2.I2  T3.I1  T3.I2  
-------------------------------------------------
1    1    1    1    1    1    
1    1    1         1    1    
3    1    3    2    3         
3    1    3    2    3    1    
3    1    3    2    3         
3    1    3    2    3    1    
4    2    4    8    4    1    
7 rows selected.
------------------------------------------------------------
PROJECT ( COLUMN_COUNT: 6, TUPLE_SIZE: 35 )
 JOIN
  JOIN
   PARTITION-COORDINATOR ( TABLE: T2, PARTITION: 1/1, ACCESS: 8, SELF_ID: 3 )
    [ PARTITION KEY ]
    AND
     OR
      '0' < T2.I1 [+]
    SCAN ( PARTITION: P1, FULL SCAN, ACCESS: 8, DISK_PAGE_COUNT: BLOCKED, SELF_ID: 6 )
     [ FILTER ]
     '0' < T2.I1 [+]
   PARTITION-COORDINATOR ( TABLE: T1, PARTITION: 1/1, INDEX: T1_I1, ACCESS: 14, SELF_ID: 2 )
    [ PARTITION KEY ]
    AND
     OR
      T1.I1 > '0'
    [ PARTITION FILTER ]
    OR
     AND
      T1.I1 = T2.I1
      T1.I1 > '0'
    [ VARIABLE KEY ]
    OR
     AND
      T1.I1 = T2.I1
      T1.I1 > '0'
    [ FILTER ]
    T1.I2 > '0'
    SCAN ( PARTITION: P1, RID SCAN, ACCESS: 14, DISK_PAGE_COUNT: BLOCKED, SELF_ID: 5 )
  HASH ( ITEM_SIZE: BLOCKED, ITEM_COUNT: 4, DISK_PAGE_COUNT: BLOCKED, ACCESS: 7, SELF_ID: 9, REF_ID: 4 )
   [ FILTER ]
   T1.I1 = T3.I1
   PARTITION-COORDINATOR ( TABLE: T3, PARTITION: 1/1, ACCESS: 4, SELF_ID: 4 )
    [ PARTITION KEY ]
    AND
     OR
      '0' < T3.I1 [+]
    SCAN ( PARTITION: P1, FULL SCAN, ACCESS: 5, DISK_PAGE_COUNT: BLOCKED, SELF_ID: 7 )
     [ FILTER ]
     '0' < T3.I1 [+]
------------------------------------------------------------


$P0> SELECT * FROM T1, T2, T3, T4 
                   WHERE T1.I1 = T2.I1 AND T1.I1 = T3.I1 
                   AND T1.I1 > '0' AND T1.I2 > '0';
T1.I1  T1.I2  T2.I1  T2.I2  T3.I1  T3.I2  T4.I1  T4.I2  
-----------------------------------------------------------------
1    1    1    1    1    1    1         
1    1    1    1    1    1    2    1    
1    1    1    1    1    1    3    2    
1    1    1    1    1    1    2    2    
1    1    1    1    1    1    5    4    
1    1    1         1    1    1         
1    1    1         1    1    2    1    
1    1    1         1    1    3    2    
1    1    1         1    1    2    2    
1    1    1         1    1    5    4    
3    1    3    2    3         1         
3    1    3    2    3         2    1    
3    1    3    2    3         3    2    
3    1    3    2    3         2    2    
3    1    3    2    3         5    4    
3    1    3    2    3    1    1         
3    1    3    2    3    1    2    1    
3    1    3    2    3    1    3    2    
3    1    3    2    3    1    2    2    
3    1    3    2    3    1    5    4    
3    1    3    2    3         1         
3    1    3    2    3         2    1    
3    1    3    2    3         3    2    
3    1    3    2    3         2    2    
3    1    3    2    3         5    4    
3    1    3    2    3    1    1         
3    1    3    2    3    1    2    1    
3    1    3    2    3    1    3    2    
3    1    3    2    3    1    2    2    
3    1    3    2    3    1    5    4    
4    2    4    8    4    1    1         
4    2    4    8    4    1    2    1    
4    2    4    8    4    1    3    2    
4    2    4    8    4    1    2    2    
4    2    4    8    4    1    5    4    
35 rows selected.
------------------------------------------------------------
PROJECT ( COLUMN_COUNT: 8, TUPLE_SIZE: 47 )
 JOIN
  JOIN
   JOIN
    PARTITION-COORDINATOR ( TABLE: T2, PARTITION: 1/1, ACCESS: 8, SELF_ID: 3 )
     [ PARTITION KEY ]
     AND
      OR
       '0' < T2.I1 [+]
     SCAN ( PARTITION: P1, FULL SCAN, ACCESS: 8, DISK_PAGE_COUNT: BLOCKED, SELF_ID: 7 )
      [ FILTER ]
      '0' < T2.I1 [+]
    PARTITION-COORDINATOR ( TABLE: T1, PARTITION: 1/1, INDEX: T1_I1, ACCESS: 14, SELF_ID: 2 )
     [ PARTITION KEY ]
     AND
      OR
       T1.I1 > '0'
     [ PARTITION FILTER ]
     OR
      AND
       T1.I1 = T2.I1
       T1.I1 > '0'
     [ VARIABLE KEY ]
     OR
      AND
       T1.I1 = T2.I1
       T1.I1 > '0'
     [ FILTER ]
     T1.I2 > '0'
     SCAN ( PARTITION: P1, RID SCAN, ACCESS: 14, DISK_PAGE_COUNT: BLOCKED, SELF_ID: 6 )
   HASH ( ITEM_SIZE: BLOCKED, ITEM_COUNT: 4, DISK_PAGE_COUNT: BLOCKED, ACCESS: 7, SELF_ID: 11, REF_ID: 4 )
    [ FILTER ]
    T1.I1 = T3.I1
    PARTITION-COORDINATOR ( TABLE: T3, PARTITION: 1/1, ACCESS: 4, SELF_ID: 4 )
     [ PARTITION KEY ]
     AND
      OR
       '0' < T3.I1 [+]
     SCAN ( PARTITION: P1, FULL SCAN, ACCESS: 5, DISK_PAGE_COUNT: BLOCKED, SELF_ID: 8 )
      [ FILTER ]
      '0' < T3.I1 [+]
  PARTITION-COORDINATOR ( TABLE: T4, PARTITION: 1/1, ACCESS: 35, SELF_ID: 5 )
   SCAN ( PARTITION: P1, FULL SCAN, ACCESS: 35, DISK_PAGE_COUNT: BLOCKED, SELF_ID: 9 )
------------------------------------------------------------


$P0> SELECT * FROM T1, T2, T3 
                   WHERE T1.I1 = T3.I2 AND T2.I1 = T3.I1 
                   AND T3.I2 > '0' AND T3.I1 > '0';
T1.I1  T1.I2  T2.I1  T2.I2  T3.I1  T3.I2  
-------------------------------------------------
1    1    1    1    1    1    
1    1    1         1    1    
1    1    3    2    3    1    
1    1    4    8    4    1    
4 rows selected.
------------------------------------------------------------
PROJECT ( COLUMN_COUNT: 6, TUPLE_SIZE: 35 )
 JOIN
  JOIN
   PARTITION-COORDINATOR ( TABLE: T2, PARTITION: 1/1, ACCESS: 8, SELF_ID: 3 )
    [ PARTITION KEY ]
    AND
     OR
      '0' < T2.I1 [+]
    SCAN ( PARTITION: P1, FULL SCAN, ACCESS: 8, DISK_PAGE_COUNT: BLOCKED, SELF_ID: 6 )
     [ FILTER ]
     '0' < T2.I1 [+]
   HASH ( ITEM_SIZE: BLOCKED, ITEM_COUNT: 3, DISK_PAGE_COUNT: BLOCKED, ACCESS: 4, SELF_ID: 8, REF_ID: 4 )
    [ FILTER ]
    T2.I1 = T3.I1
    PARTITION-COORDINATOR ( TABLE: T3, PARTITION: 1/1, ACCESS: 3, SELF_ID: 4 )
     [ PARTITION KEY ]
     AND
      OR
       T3.I1 > '0'
     SCAN ( PARTITION: P1, FULL SCAN, ACCESS: 5, DISK_PAGE_COUNT: BLOCKED, SELF_ID: 7 )
      [ FILTER ]
      AND
       T3.I1 > '0'
       T3.I2 > '0'
  PARTITION-COORDINATOR ( TABLE: T1, PARTITION: 1/1, INDEX: T1_I1, ACCESS: 4, SELF_ID: 2 )
   [ PARTITION FILTER ]
   OR
    AND
     T1.I1 = T3.I2
   [ VARIABLE KEY ]
   OR
    AND
     T1.I1 = T3.I2
   SCAN ( PARTITION: P1, RID SCAN, ACCESS: 4, DISK_PAGE_COUNT: BLOCKED, SELF_ID: 5 )
------------------------------------------------------------

$P0> SELECT * FROM T1, T2, T3, T4
                   WHERE T1.I1 = T3.I2 AND T2.I1 = T3.I1 AND T1.I2 = T4.I2
                   AND T3.I2 > '0' AND T3.I1 > '0';
T1.I1  T1.I2  T2.I1  T2.I2  T3.I1  T3.I2  T4.I1  T4.I2  
-----------------------------------------------------------------
1    1    1         1    1    2    1    
1    1    1    1    1    1    2    1    
1    1    3    2    3    1    2    1    
1    1    4    8    4    1    2    1    
4 rows selected.
------------------------------------------------------------
PROJECT ( COLUMN_COUNT: 8, TUPLE_SIZE: 47 )
 JOIN
  JOIN
   JOIN
    PARTITION-COORDINATOR ( TABLE: T3, PARTITION: 1/1, ACCESS: 3, SELF_ID: 4 )
     [ PARTITION KEY ]
     AND
      OR
       T3.I1 > '0'
     SCAN ( PARTITION: P1, FULL SCAN, ACCESS: 5, DISK_PAGE_COUNT: BLOCKED, SELF_ID: 8 )
      [ FILTER ]
      AND
       T3.I1 > '0'
       T3.I2 > '0'
    PARTITION-COORDINATOR ( TABLE: T1, PARTITION: 1/1, INDEX: T1_I1, ACCESS: 3, SELF_ID: 2 )
     [ PARTITION FILTER ]
     OR
      AND
       T1.I1 = T3.I2
     [ VARIABLE KEY ]
     OR
      AND
       T1.I1 = T3.I2
     SCAN ( PARTITION: P1, RID SCAN, ACCESS: 3, DISK_PAGE_COUNT: BLOCKED, SELF_ID: 6 )
   HASH ( ITEM_SIZE: BLOCKED, ITEM_COUNT: 8, DISK_PAGE_COUNT: BLOCKED, ACCESS: 4, SELF_ID: 11, REF_ID: 3 )
    [ FILTER ]
    T2.I1 = T3.I1
    PARTITION-COORDINATOR ( TABLE: T2, PARTITION: 1/1, ACCESS: 8, SELF_ID: 3 )
     [ PARTITION KEY ]
     AND
      OR
       '0' < T2.I1 [+]
     SCAN ( PARTITION: P1, FULL SCAN, ACCESS: 8, DISK_PAGE_COUNT: BLOCKED, SELF_ID: 7 )
      [ FILTER ]
      '0' < T2.I1 [+]
  HASH ( ITEM_SIZE: BLOCKED, ITEM_COUNT: 5, DISK_PAGE_COUNT: BLOCKED, ACCESS: 4, SELF_ID: 12, REF_ID: 5 )
   [ FILTER ]
   T1.I2 = T4.I2
   PARTITION-COORDINATOR ( TABLE: T4, PARTITION: 1/1, ACCESS: 5, SELF_ID: 5 )
    SCAN ( PARTITION: P1, FULL SCAN, ACCESS: 5, DISK_PAGE_COUNT: BLOCKED, SELF_ID: 9 )
------------------------------------------------------------

$P0> ALTER SESSION SET EXPLAIN PLAN=OFF;
Alter success.
$P0> ALTER SESSION SET TRCLOG_DETAIL_PREDICATE=0;
Alter success.

$P0> DROP TABLE T1;
Drop success.
$P0> DROP TABLE T2;
Drop success.
$P0> DROP TABLE T3;
Drop success.
$P0> DROP TABLE T4;
Drop success.

# ==> [query.sql] END <=
# ==> [query.sql] BEGIN <=
--+SKIP BEGIN; 
$P0> DROP TABLE T1;
$P0> DROP TABLE T2;
$P0> DROP TABLE T3;
$P0> DROP TABLE T4;
--+SKIP END; 

$P0> CREATE TABLE T1 ( I1 VARCHAR(3) VARIABLE, I2 VARCHAR(3) FIXED ) PARTITION BY RANGE(I1) ( PARTITION P1 VALUES DEFAULT TABLESPACE PDT_TBS ) TABLESPACE SYS_TBS_DISK_DATA;
Create success.
$P0> CREATE TABLE T2 ( I1 VARCHAR(3) VARIABLE, I2 VARCHAR(3) FIXED ) PARTITION BY RANGE(I1) ( PARTITION P1 VALUES DEFAULT TABLESPACE PDT_TBS ) TABLESPACE SYS_TBS_DISK_DATA;
Create success.
$P0> CREATE TABLE T3 ( I1 VARCHAR(3) VARIABLE, I2 VARCHAR(3) FIXED ) PARTITION BY RANGE(I1) ( PARTITION P1 VALUES DEFAULT TABLESPACE PDT_TBS ) TABLESPACE SYS_TBS_DISK_DATA;
Create success.
$P0> CREATE TABLE T4 ( I1 VARCHAR(3) VARIABLE, I2 VARCHAR(3) FIXED ) PARTITION BY RANGE(I1) ( PARTITION P1 VALUES DEFAULT TABLESPACE PDT_TBS ) TABLESPACE SYS_TBS_DISK_DATA;
Create success.


$P0> CREATE INDEX T1_I1 ON T1(I1);
Create success.
$P0> CREATE INDEX T1_I2 ON T1(I2);
Create success.

$P0> INSERT INTO T1 VALUES (1, 1);
1 row inserted.
$P0> INSERT INTO T1 VALUES (2, 2);
1 row inserted.
$P0> INSERT INTO T1 VALUES (0, 3);
1 row inserted.
$P0> INSERT INTO T1 VALUES (2, 4);
1 row inserted.
$P0> INSERT INTO T1 VALUES (3, 1);
1 row inserted.
$P0> INSERT INTO T1 VALUES (3, 1);
1 row inserted.
$P0> INSERT INTO T1 VALUES (4, 2);
1 row inserted.
$P0> INSERT INTO T1 VALUES (2, NULL);
1 row inserted.

$P0> INSERT INTO T2 VALUES (1, 1);
1 row inserted.
$P0> INSERT INTO T2 VALUES (2, 2);
1 row inserted.
$P0> INSERT INTO T2 VALUES (1, NULL);
1 row inserted.
$P0> INSERT INTO T2 VALUES (2, 4);
1 row inserted.
$P0> INSERT INTO T2 VALUES (3, 2);
1 row inserted.
$P0> INSERT INTO T2 VALUES (4, 8);
1 row inserted.
$P0> INSERT INTO T2 VALUES (2, 2);
1 row inserted.
$P0> INSERT INTO T2 VALUES (5, 4);
1 row inserted.

$P0> INSERT INTO T3 VALUES (1, 1);
1 row inserted.
$P0> INSERT INTO T3 VALUES (0, 3);
1 row inserted.
$P0> INSERT INTO T3 VALUES (3, 1);
1 row inserted.
$P0> INSERT INTO T3 VALUES (4, 1);
1 row inserted.
$P0> INSERT INTO T3 VALUES (3, NULL);
1 row inserted.

$P0> INSERT INTO T4 VALUES (1, NULL);
1 row inserted.
$P0> INSERT INTO T4 VALUES (2, 1);
1 row inserted.
$P0> INSERT INTO T4 VALUES (3, 2);
1 row inserted.
$P0> INSERT INTO T4 VALUES (2, 2);
1 row inserted.
$P0> INSERT INTO T4 VALUES (5, 4);
1 row inserted.

$P0> ALTER SESSION SET EXPLAIN PLAN=ON;
Alter success.
$P0> ALTER SESSION SET TRCLOG_DETAIL_PREDICATE=1;
Alter success.

$P0> SELECT * FROM T1, T2, T3 
                   WHERE T1.I1 = T2.I1 AND T1.I1 = T3.I1 
                   AND T1.I1 > '0' AND T1.I2 > '0';
T1.I1  T1.I2  T2.I1  T2.I2  T3.I1  T3.I2  
-------------------------------------------------
1    1    1    1    1    1    
1    1    1         1    1    
3    1    3    2    3         
3    1    3    2    3    1    
3    1    3    2    3         
3    1    3    2    3    1    
4    2    4    8    4    1    
7 rows selected.
------------------------------------------------------------
PROJECT ( COLUMN_COUNT: 6, TUPLE_SIZE: 35 )
 JOIN
  JOIN
   PARTITION-COORDINATOR ( TABLE: T2, PARTITION: 1/1, ACCESS: 8, SELF_ID: 3 )
    [ PARTITION KEY ]
    AND
     OR
      '0' < T2.I1 [+]
    SCAN ( PARTITION: P1, FULL SCAN, ACCESS: 8, DISK_PAGE_COUNT: BLOCKED, SELF_ID: 6 )
     [ FILTER ]
     '0' < T2.I1 [+]
   PARTITION-COORDINATOR ( TABLE: T1, PARTITION: 1/1, INDEX: T1_I1, ACCESS: 14, SELF_ID: 2 )
    [ PARTITION KEY ]
    AND
     OR
      T1.I1 > '0'
    [ PARTITION FILTER ]
    OR
     AND
      T1.I1 = T2.I1
      T1.I1 > '0'
    [ VARIABLE KEY ]
    OR
     AND
      T1.I1 = T2.I1
      T1.I1 > '0'
    [ FILTER ]
    T1.I2 > '0'
    SCAN ( PARTITION: P1, RID SCAN, ACCESS: 14, DISK_PAGE_COUNT: BLOCKED, SELF_ID: 5 )
  HASH ( ITEM_SIZE: BLOCKED, ITEM_COUNT: 4, DISK_PAGE_COUNT: BLOCKED, ACCESS: 7, SELF_ID: 9, REF_ID: 4 )
   [ FILTER ]
   T1.I1 = T3.I1
   PARTITION-COORDINATOR ( TABLE: T3, PARTITION: 1/1, ACCESS: 4, SELF_ID: 4 )
    [ PARTITION KEY ]
    AND
     OR
      '0' < T3.I1 [+]
    SCAN ( PARTITION: P1, FULL SCAN, ACCESS: 5, DISK_PAGE_COUNT: BLOCKED, SELF_ID: 7 )
     [ FILTER ]
     '0' < T3.I1 [+]
------------------------------------------------------------


$P0> SELECT * FROM T1, T2, T3, T4 
                   WHERE T1.I1 = T2.I1 AND T1.I1 = T3.I1 
                   AND T1.I1 > '0' AND T1.I2 > '0';
T1.I1  T1.I2  T2.I1  T2.I2  T3.I1  T3.I2  T4.I1  T4.I2  
-----------------------------------------------------------------
1    1    1    1    1    1    1         
1    1    1    1    1    1    2    1    
1    1    1    1    1    1    3    2    
1    1    1    1    1    1    2    2    
1    1    1    1    1    1    5    4    
1    1    1         1    1    1         
1    1    1         1    1    2    1    
1    1    1         1    1    3    2    
1    1    1         1    1    2    2    
1    1    1         1    1    5    4    
3    1    3    2    3         1         
3    1    3    2    3         2    1    
3    1    3    2    3         3    2    
3    1    3    2    3         2    2    
3    1    3    2    3         5    4    
3    1    3    2    3    1    1         
3    1    3    2    3    1    2    1    
3    1    3    2    3    1    3    2    
3    1    3    2    3    1    2    2    
3    1    3    2    3    1    5    4    
3    1    3    2    3         1         
3    1    3    2    3         2    1    
3    1    3    2    3         3    2    
3    1    3    2    3         2    2    
3    1    3    2    3         5    4    
3    1    3    2    3    1    1         
3    1    3    2    3    1    2    1    
3    1    3    2    3    1    3    2    
3    1    3    2    3    1    2    2    
3    1    3    2    3    1    5    4    
4    2    4    8    4    1    1         
4    2    4    8    4    1    2    1    
4    2    4    8    4    1    3    2    
4    2    4    8    4    1    2    2    
4    2    4    8    4    1    5    4    
35 rows selected.
------------------------------------------------------------
PROJECT ( COLUMN_COUNT: 8, TUPLE_SIZE: 47 )
 JOIN
  JOIN
   JOIN
    PARTITION-COORDINATOR ( TABLE: T2, PARTITION: 1/1, ACCESS: 8, SELF_ID: 3 )
     [ PARTITION KEY ]
     AND
      OR
       '0' < T2.I1 [+]
     SCAN ( PARTITION: P1, FULL SCAN, ACCESS: 8, DISK_PAGE_COUNT: BLOCKED, SELF_ID: 7 )
      [ FILTER ]
      '0' < T2.I1 [+]
    PARTITION-COORDINATOR ( TABLE: T1, PARTITION: 1/1, INDEX: T1_I1, ACCESS: 14, SELF_ID: 2 )
     [ PARTITION KEY ]
     AND
      OR
       T1.I1 > '0'
     [ PARTITION FILTER ]
     OR
      AND
       T1.I1 = T2.I1
       T1.I1 > '0'
     [ VARIABLE KEY ]
     OR
      AND
       T1.I1 = T2.I1
       T1.I1 > '0'
     [ FILTER ]
     T1.I2 > '0'
     SCAN ( PARTITION: P1, RID SCAN, ACCESS: 14, DISK_PAGE_COUNT: BLOCKED, SELF_ID: 6 )
   HASH ( ITEM_SIZE: BLOCKED, ITEM_COUNT: 4, DISK_PAGE_COUNT: BLOCKED, ACCESS: 7, SELF_ID: 11, REF_ID: 4 )
    [ FILTER ]
    T1.I1 = T3.I1
    PARTITION-COORDINATOR ( TABLE: T3, PARTITION: 1/1, ACCESS: 4, SELF_ID: 4 )
     [ PARTITION KEY ]
     AND
      OR
       '0' < T3.I1 [+]
     SCAN ( PARTITION: P1, FULL SCAN, ACCESS: 5, DISK_PAGE_COUNT: BLOCKED, SELF_ID: 8 )
      [ FILTER ]
      '0' < T3.I1 [+]
  PARTITION-COORDINATOR ( TABLE: T4, PARTITION: 1/1, ACCESS: 35, SELF_ID: 5 )
   SCAN ( PARTITION: P1, FULL SCAN, ACCESS: 35, DISK_PAGE_COUNT: BLOCKED, SELF_ID: 9 )
------------------------------------------------------------


$P0> SELECT * FROM T1, T2, T3 
                   WHERE T1.I1 = T3.I2 AND T2.I1 = T3.I1 
                   AND T3.I2 > '0' AND T3.I1 > '0';
T1.I1  T1.I2  T2.I1  T2.I2  T3.I1  T3.I2  
-------------------------------------------------
1    1    1    1    1    1    
1    1    1         1    1    
1    1    3    2    3    1    
1    1    4    8    4    1    
4 rows selected.
------------------------------------------------------------
PROJECT ( COLUMN_COUNT: 6, TUPLE_SIZE: 35 )
 JOIN
  JOIN
   PARTITION-COORDINATOR ( TABLE: T2, PARTITION: 1/1, ACCESS: 8, SELF_ID: 3 )
    [ PARTITION KEY ]
    AND
     OR
      '0' < T2.I1 [+]
    SCAN ( PARTITION: P1, FULL SCAN, ACCESS: 8, DISK_PAGE_COUNT: BLOCKED, SELF_ID: 6 )
     [ FILTER ]
     '0' < T2.I1 [+]
   HASH ( ITEM_SIZE: BLOCKED, ITEM_COUNT: 3, DISK_PAGE_COUNT: BLOCKED, ACCESS: 4, SELF_ID: 8, REF_ID: 4 )
    [ FILTER ]
    T2.I1 = T3.I1
    PARTITION-COORDINATOR ( TABLE: T3, PARTITION: 1/1, ACCESS: 3, SELF_ID: 4 )
     [ PARTITION KEY ]
     AND
      OR
       T3.I1 > '0'
     SCAN ( PARTITION: P1, FULL SCAN, ACCESS: 5, DISK_PAGE_COUNT: BLOCKED, SELF_ID: 7 )
      [ FILTER ]
      AND
       T3.I1 > '0'
       T3.I2 > '0'
  PARTITION-COORDINATOR ( TABLE: T1, PARTITION: 1/1, INDEX: T1_I1, ACCESS: 4, SELF_ID: 2 )
   [ PARTITION FILTER ]
   OR
    AND
     T1.I1 = T3.I2
   [ VARIABLE KEY ]
   OR
    AND
     T1.I1 = T3.I2
   SCAN ( PARTITION: P1, RID SCAN, ACCESS: 4, DISK_PAGE_COUNT: BLOCKED, SELF_ID: 5 )
------------------------------------------------------------

$P0> SELECT * FROM T1, T2, T3, T4
                   WHERE T1.I1 = T3.I2 AND T2.I1 = T3.I1 AND T1.I2 = T4.I2
                   AND T3.I2 > '0' AND T3.I1 > '0';
T1.I1  T1.I2  T2.I1  T2.I2  T3.I1  T3.I2  T4.I1  T4.I2  
-----------------------------------------------------------------
1    1    1         1    1    2    1    
1    1    1    1    1    1    2    1    
1    1    3    2    3    1    2    1    
1    1    4    8    4    1    2    1    
4 rows selected.
------------------------------------------------------------
PROJECT ( COLUMN_COUNT: 8, TUPLE_SIZE: 47 )
 JOIN
  JOIN
   JOIN
    PARTITION-COORDINATOR ( TABLE: T3, PARTITION: 1/1, ACCESS: 3, SELF_ID: 4 )
     [ PARTITION KEY ]
     AND
      OR
       T3.I1 > '0'
     SCAN ( PARTITION: P1, FULL SCAN, ACCESS: 5, DISK_PAGE_COUNT: BLOCKED, SELF_ID: 8 )
      [ FILTER ]
      AND
       T3.I1 > '0'
       T3.I2 > '0'
    PARTITION-COORDINATOR ( TABLE: T1, PARTITION: 1/1, INDEX: T1_I1, ACCESS: 3, SELF_ID: 2 )
     [ PARTITION FILTER ]
     OR
      AND
       T1.I1 = T3.I2
     [ VARIABLE KEY ]
     OR
      AND
       T1.I1 = T3.I2
     SCAN ( PARTITION: P1, RID SCAN, ACCESS: 3, DISK_PAGE_COUNT: BLOCKED, SELF_ID: 6 )
   HASH ( ITEM_SIZE: BLOCKED, ITEM_COUNT: 8, DISK_PAGE_COUNT: BLOCKED, ACCESS: 4, SELF_ID: 11, REF_ID: 3 )
    [ FILTER ]
    T2.I1 = T3.I1
    PARTITION-COORDINATOR ( TABLE: T2, PARTITION: 1/1, ACCESS: 8, SELF_ID: 3 )
     [ PARTITION KEY ]
     AND
      OR
       '0' < T2.I1 [+]
     SCAN ( PARTITION: P1, FULL SCAN, ACCESS: 8, DISK_PAGE_COUNT: BLOCKED, SELF_ID: 7 )
      [ FILTER ]
      '0' < T2.I1 [+]
  HASH ( ITEM_SIZE: BLOCKED, ITEM_COUNT: 5, DISK_PAGE_COUNT: BLOCKED, ACCESS: 4, SELF_ID: 12, REF_ID: 5 )
   [ FILTER ]
   T1.I2 = T4.I2
   PARTITION-COORDINATOR ( TABLE: T4, PARTITION: 1/1, ACCESS: 5, SELF_ID: 5 )
    SCAN ( PARTITION: P1, FULL SCAN, ACCESS: 5, DISK_PAGE_COUNT: BLOCKED, SELF_ID: 9 )
------------------------------------------------------------

$P0> ALTER SESSION SET EXPLAIN PLAN=OFF;
Alter success.
$P0> ALTER SESSION SET TRCLOG_DETAIL_PREDICATE=0;
Alter success.

$P0> DROP TABLE T1;
Drop success.
$P0> DROP TABLE T2;
Drop success.
$P0> DROP TABLE T3;
Drop success.
$P0> DROP TABLE T4;
Drop success.

# ==> [query.sql] END <=
# ==> [query.sql] BEGIN <=
--+SKIP BEGIN; 
$P0> DROP TABLE T1;
$P0> DROP TABLE T2;
$P0> DROP TABLE T3;
$P0> DROP TABLE T4;
--+SKIP END; 

$P0> CREATE TABLE T1 ( I1 VARCHAR(3) VARIABLE, I2 VARCHAR(3) FIXED ) PARTITION BY RANGE(I1) ( PARTITION P1 VALUES DEFAULT TABLESPACE PDT_TBS ) TABLESPACE SYS_TBS_DISK_DATA;
Create success.
$P0> CREATE TABLE T2 ( I1 VARCHAR(3) VARIABLE, I2 VARCHAR(3) FIXED ) PARTITION BY RANGE(I1) ( PARTITION P1 VALUES DEFAULT TABLESPACE PDT_TBS ) TABLESPACE SYS_TBS_DISK_DATA;
Create success.
$P0> CREATE TABLE T3 ( I1 VARCHAR(3) VARIABLE, I2 VARCHAR(3) FIXED ) PARTITION BY RANGE(I1) ( PARTITION P1 VALUES DEFAULT TABLESPACE PDT_TBS ) TABLESPACE SYS_TBS_DISK_DATA;
Create success.
$P0> CREATE TABLE T4 ( I1 VARCHAR(3) VARIABLE, I2 VARCHAR(3) FIXED ) PARTITION BY RANGE(I1) ( PARTITION P1 VALUES DEFAULT TABLESPACE PDT_TBS ) TABLESPACE SYS_TBS_DISK_DATA;
Create success.


$P0> CREATE INDEX T1_I1 ON T1(I1);
Create success.
$P0> CREATE INDEX T1_I2 ON T1(I2);
Create success.

$P0> INSERT INTO T1 VALUES (1, 1);
1 row inserted.
$P0> INSERT INTO T1 VALUES (2, 2);
1 row inserted.
$P0> INSERT INTO T1 VALUES (0, 3);
1 row inserted.
$P0> INSERT INTO T1 VALUES (2, 4);
1 row inserted.
$P0> INSERT INTO T1 VALUES (3, 1);
1 row inserted.
$P0> INSERT INTO T1 VALUES (3, 1);
1 row inserted.
$P0> INSERT INTO T1 VALUES (4, 2);
1 row inserted.
$P0> INSERT INTO T1 VALUES (2, NULL);
1 row inserted.

$P0> INSERT INTO T2 VALUES (1, 1);
1 row inserted.
$P0> INSERT INTO T2 VALUES (2, 2);
1 row inserted.
$P0> INSERT INTO T2 VALUES (1, NULL);
1 row inserted.
$P0> INSERT INTO T2 VALUES (2, 4);
1 row inserted.
$P0> INSERT INTO T2 VALUES (3, 2);
1 row inserted.
$P0> INSERT INTO T2 VALUES (4, 8);
1 row inserted.
$P0> INSERT INTO T2 VALUES (2, 2);
1 row inserted.
$P0> INSERT INTO T2 VALUES (5, 4);
1 row inserted.

$P0> INSERT INTO T3 VALUES (1, 1);
1 row inserted.
$P0> INSERT INTO T3 VALUES (0, 3);
1 row inserted.
$P0> INSERT INTO T3 VALUES (3, 1);
1 row inserted.
$P0> INSERT INTO T3 VALUES (4, 1);
1 row inserted.
$P0> INSERT INTO T3 VALUES (3, NULL);
1 row inserted.

$P0> INSERT INTO T4 VALUES (1, NULL);
1 row inserted.
$P0> INSERT INTO T4 VALUES (2, 1);
1 row inserted.
$P0> INSERT INTO T4 VALUES (3, 2);
1 row inserted.
$P0> INSERT INTO T4 VALUES (2, 2);
1 row inserted.
$P0> INSERT INTO T4 VALUES (5, 4);
1 row inserted.

$P0> ALTER SESSION SET EXPLAIN PLAN=ON;
Alter success.
$P0> ALTER SESSION SET TRCLOG_DETAIL_PREDICATE=1;
Alter success.

$P0> SELECT * FROM T1, T2, T3 
                   WHERE T1.I1 = T2.I1 AND T1.I1 = T3.I1 
                   AND T1.I1 > '0' AND T1.I2 > '0';
T1.I1  T1.I2  T2.I1  T2.I2  T3.I1  T3.I2  
-------------------------------------------------
1    1    1    1    1    1    
1    1    1         1    1    
3    1    3    2    3         
3    1    3    2    3    1    
3    1    3    2    3         
3    1    3    2    3    1    
4    2    4    8    4    1    
7 rows selected.
------------------------------------------------------------
PROJECT ( COLUMN_COUNT: 6, TUPLE_SIZE: 35 )
 JOIN
  JOIN
   PARTITION-COORDINATOR ( TABLE: T2, PARTITION: 1/1, ACCESS: 8, SELF_ID: 3 )
    [ PARTITION KEY ]
    AND
     OR
      '0' < T2.I1 [+]
    SCAN ( PARTITION: P1, FULL SCAN, ACCESS: 8, DISK_PAGE_COUNT: BLOCKED, SELF_ID: 6 )
     [ FILTER ]
     '0' < T2.I1 [+]
   PARTITION-COORDINATOR ( TABLE: T1, PARTITION: 1/1, INDEX: T1_I1, ACCESS: 14, SELF_ID: 2 )
    [ PARTITION KEY ]
    AND
     OR
      T1.I1 > '0'
    [ PARTITION FILTER ]
    OR
     AND
      T1.I1 = T2.I1
      T1.I1 > '0'
    [ VARIABLE KEY ]
    OR
     AND
      T1.I1 = T2.I1
      T1.I1 > '0'
    [ FILTER ]
    T1.I2 > '0'
    SCAN ( PARTITION: P1, RID SCAN, ACCESS: 14, DISK_PAGE_COUNT: BLOCKED, SELF_ID: 5 )
  HASH ( ITEM_SIZE: BLOCKED, ITEM_COUNT: 4, DISK_PAGE_COUNT: BLOCKED, ACCESS: 7, SELF_ID: 9, REF_ID: 4 )
   [ FILTER ]
   T1.I1 = T3.I1
   PARTITION-COORDINATOR ( TABLE: T3, PARTITION: 1/1, ACCESS: 4, SELF_ID: 4 )
    [ PARTITION KEY ]
    AND
     OR
      '0' < T3.I1 [+]
    SCAN ( PARTITION: P1, FULL SCAN, ACCESS: 5, DISK_PAGE_COUNT: BLOCKED, SELF_ID: 7 )
     [ FILTER ]
     '0' < T3.I1 [+]
------------------------------------------------------------


$P0> SELECT * FROM T1, T2, T3, T4 
                   WHERE T1.I1 = T2.I1 AND T1.I1 = T3.I1 
                   AND T1.I1 > '0' AND T1.I2 > '0';
T1.I1  T1.I2  T2.I1  T2.I2  T3.I1  T3.I2  T4.I1  T4.I2  
-----------------------------------------------------------------
1    1    1    1    1    1    1         
1    1    1    1    1    1    2    1    
1    1    1    1    1    1    3    2    
1    1    1    1    1    1    2    2    
1    1    1    1    1    1    5    4    
1    1    1         1    1    1         
1    1    1         1    1    2    1    
1    1    1         1    1    3    2    
1    1    1         1    1    2    2    
1    1    1         1    1    5    4    
3    1    3    2    3         1         
3    1    3    2    3         2    1    
3    1    3    2    3         3    2    
3    1    3    2    3         2    2    
3    1    3    2    3         5    4    
3    1    3    2    3    1    1         
3    1    3    2    3    1    2    1    
3    1    3    2    3    1    3    2    
3    1    3    2    3    1    2    2    
3    1    3    2    3    1    5    4    
3    1    3    2    3         1         
3    1    3    2    3         2    1    
3    1    3    2    3         3    2    
3    1    3    2    3         2    2    
3    1    3    2    3         5    4    
3    1    3    2    3    1    1         
3    1    3    2    3    1    2    1    
3    1    3    2    3    1    3    2    
3    1    3    2    3    1    2    2    
3    1    3    2    3    1    5    4    
4    2    4    8    4    1    1         
4    2    4    8    4    1    2    1    
4    2    4    8    4    1    3    2    
4    2    4    8    4    1    2    2    
4    2    4    8    4    1    5    4    
35 rows selected.
------------------------------------------------------------
PROJECT ( COLUMN_COUNT: 8, TUPLE_SIZE: 47 )
 JOIN
  JOIN
   JOIN
    PARTITION-COORDINATOR ( TABLE: T2, PARTITION: 1/1, ACCESS: 8, SELF_ID: 3 )
     [ PARTITION KEY ]
     AND
      OR
       '0' < T2.I1 [+]
     SCAN ( PARTITION: P1, FULL SCAN, ACCESS: 8, DISK_PAGE_COUNT: BLOCKED, SELF_ID: 7 )
      [ FILTER ]
      '0' < T2.I1 [+]
    PARTITION-COORDINATOR ( TABLE: T1, PARTITION: 1/1, INDEX: T1_I1, ACCESS: 14, SELF_ID: 2 )
     [ PARTITION KEY ]
     AND
      OR
       T1.I1 > '0'
     [ PARTITION FILTER ]
     OR
      AND
       T1.I1 = T2.I1
       T1.I1 > '0'
     [ VARIABLE KEY ]
     OR
      AND
       T1.I1 = T2.I1
       T1.I1 > '0'
     [ FILTER ]
     T1.I2 > '0'
     SCAN ( PARTITION: P1, RID SCAN, ACCESS: 14, DISK_PAGE_COUNT: BLOCKED, SELF_ID: 6 )
   HASH ( ITEM_SIZE: BLOCKED, ITEM_COUNT: 4, DISK_PAGE_COUNT: BLOCKED, ACCESS: 7, SELF_ID: 11, REF_ID: 4 )
    [ FILTER ]
    T1.I1 = T3.I1
    PARTITION-COORDINATOR ( TABLE: T3, PARTITION: 1/1, ACCESS: 4, SELF_ID: 4 )
     [ PARTITION KEY ]
     AND
      OR
       '0' < T3.I1 [+]
     SCAN ( PARTITION: P1, FULL SCAN, ACCESS: 5, DISK_PAGE_COUNT: BLOCKED, SELF_ID: 8 )
      [ FILTER ]
      '0' < T3.I1 [+]
  PARTITION-COORDINATOR ( TABLE: T4, PARTITION: 1/1, ACCESS: 35, SELF_ID: 5 )
   SCAN ( PARTITION: P1, FULL SCAN, ACCESS: 35, DISK_PAGE_COUNT: BLOCKED, SELF_ID: 9 )
------------------------------------------------------------


$P0> SELECT * FROM T1, T2, T3 
                   WHERE T1.I1 = T3.I2 AND T2.I1 = T3.I1 
                   AND T3.I2 > '0' AND T3.I1 > '0';
T1.I1  T1.I2  T2.I1  T2.I2  T3.I1  T3.I2  
-------------------------------------------------
1    1    1    1    1    1    
1    1    1         1    1    
1    1    3    2    3    1    
1    1    4    8    4    1    
4 rows selected.
------------------------------------------------------------
PROJECT ( COLUMN_COUNT: 6, TUPLE_SIZE: 35 )
 JOIN
  JOIN
   PARTITION-COORDINATOR ( TABLE: T2, PARTITION: 1/1, ACCESS: 8, SELF_ID: 3 )
    [ PARTITION KEY ]
    AND
     OR
      '0' < T2.I1 [+]
    SCAN ( PARTITION: P1, FULL SCAN, ACCESS: 8, DISK_PAGE_COUNT: BLOCKED, SELF_ID: 6 )
     [ FILTER ]
     '0' < T2.I1 [+]
   HASH ( ITEM_SIZE: BLOCKED, ITEM_COUNT: 3, DISK_PAGE_COUNT: BLOCKED, ACCESS: 4, SELF_ID: 8, REF_ID: 4 )
    [ FILTER ]
    T2.I1 = T3.I1
    PARTITION-COORDINATOR ( TABLE: T3, PARTITION: 1/1, ACCESS: 3, SELF_ID: 4 )
     [ PARTITION KEY ]
     AND
      OR
       T3.I1 > '0'
     SCAN ( PARTITION: P1, FULL SCAN, ACCESS: 5, DISK_PAGE_COUNT: BLOCKED, SELF_ID: 7 )
      [ FILTER ]
      AND
       T3.I1 > '0'
       T3.I2 > '0'
  PARTITION-COORDINATOR ( TABLE: T1, PARTITION: 1/1, INDEX: T1_I1, ACCESS: 4, SELF_ID: 2 )
   [ PARTITION FILTER ]
   OR
    AND
     T1.I1 = T3.I2
   [ VARIABLE KEY ]
   OR
    AND
     T1.I1 = T3.I2
   SCAN ( PARTITION: P1, RID SCAN, ACCESS: 4, DISK_PAGE_COUNT: BLOCKED, SELF_ID: 5 )
------------------------------------------------------------

$P0> SELECT * FROM T1, T2, T3, T4
                   WHERE T1.I1 = T3.I2 AND T2.I1 = T3.I1 AND T1.I2 = T4.I2
                   AND T3.I2 > '0' AND T3.I1 > '0';
T1.I1  T1.I2  T2.I1  T2.I2  T3.I1  T3.I2  T4.I1  T4.I2  
-----------------------------------------------------------------
1    1    1         1    1    2    1    
1    1    1    1    1    1    2    1    
1    1    3    2    3    1    2    1    
1    1    4    8    4    1    2    1    
4 rows selected.
------------------------------------------------------------
PROJECT ( COLUMN_COUNT: 8, TUPLE_SIZE: 47 )
 JOIN
  JOIN
   JOIN
    PARTITION-COORDINATOR ( TABLE: T3, PARTITION: 1/1, ACCESS: 3, SELF_ID: 4 )
     [ PARTITION KEY ]
     AND
      OR
       T3.I1 > '0'
     SCAN ( PARTITION: P1, FULL SCAN, ACCESS: 5, DISK_PAGE_COUNT: BLOCKED, SELF_ID: 8 )
      [ FILTER ]
      AND
       T3.I1 > '0'
       T3.I2 > '0'
    PARTITION-COORDINATOR ( TABLE: T1, PARTITION: 1/1, INDEX: T1_I1, ACCESS: 3, SELF_ID: 2 )
     [ PARTITION FILTER ]
     OR
      AND
       T1.I1 = T3.I2
     [ VARIABLE KEY ]
     OR
      AND
       T1.I1 = T3.I2
     SCAN ( PARTITION: P1, RID SCAN, ACCESS: 3, DISK_PAGE_COUNT: BLOCKED, SELF_ID: 6 )
   HASH ( ITEM_SIZE: BLOCKED, ITEM_COUNT: 8, DISK_PAGE_COUNT: BLOCKED, ACCESS: 4, SELF_ID: 11, REF_ID: 3 )
    [ FILTER ]
    T2.I1 = T3.I1
    PARTITION-COORDINATOR ( TABLE: T2, PARTITION: 1/1, ACCESS: 8, SELF_ID: 3 )
     [ PARTITION KEY ]
     AND
      OR
       '0' < T2.I1 [+]
     SCAN ( PARTITION: P1, FULL SCAN, ACCESS: 8, DISK_PAGE_COUNT: BLOCKED, SELF_ID: 7 )
      [ FILTER ]
      '0' < T2.I1 [+]
  HASH ( ITEM_SIZE: BLOCKED, ITEM_COUNT: 5, DISK_PAGE_COUNT: BLOCKED, ACCESS: 4, SELF_ID: 12, REF_ID: 5 )
   [ FILTER ]
   T1.I2 = T4.I2
   PARTITION-COORDINATOR ( TABLE: T4, PARTITION: 1/1, ACCESS: 5, SELF_ID: 5 )
    SCAN ( PARTITION: P1, FULL SCAN, ACCESS: 5, DISK_PAGE_COUNT: BLOCKED, SELF_ID: 9 )
------------------------------------------------------------

$P0> ALTER SESSION SET EXPLAIN PLAN=OFF;
Alter success.
$P0> ALTER SESSION SET TRCLOG_DETAIL_PREDICATE=0;
Alter success.

$P0> DROP TABLE T1;
Drop success.
$P0> DROP TABLE T2;
Drop success.
$P0> DROP TABLE T3;
Drop success.
$P0> DROP TABLE T4;
Drop success.

# ==> [query.sql] END <=
# ==> [query.sql] BEGIN <=
--+SKIP BEGIN; 
$P0> DROP TABLE T1;
$P0> DROP TABLE T2;
$P0> DROP TABLE T3;
$P0> DROP TABLE T4;
--+SKIP END; 

$P0> CREATE TABLE T1 ( I1 VARCHAR(3) VARIABLE, I2 VARCHAR(3) FIXED ) PARTITION BY RANGE(I1) ( PARTITION P1 VALUES DEFAULT TABLESPACE PDT_TBS ) TABLESPACE SYS_TBS_DISK_DATA;
Create success.
$P0> CREATE TABLE T2 ( I1 VARCHAR(3) VARIABLE, I2 VARCHAR(3) FIXED ) PARTITION BY RANGE(I1) ( PARTITION P1 VALUES DEFAULT TABLESPACE PDT_TBS ) TABLESPACE SYS_TBS_DISK_DATA;
Create success.
$P0> CREATE TABLE T3 ( I1 VARCHAR(3) VARIABLE, I2 VARCHAR(3) FIXED ) PARTITION BY RANGE(I1) ( PARTITION P1 VALUES DEFAULT TABLESPACE PDT_TBS ) TABLESPACE SYS_TBS_DISK_DATA;
Create success.
$P0> CREATE TABLE T4 ( I1 VARCHAR(3) VARIABLE, I2 VARCHAR(3) FIXED ) PARTITION BY RANGE(I1) ( PARTITION P1 VALUES DEFAULT TABLESPACE PDT_TBS ) TABLESPACE SYS_TBS_DISK_DATA;
Create success.


$P0> CREATE INDEX T1_I1 ON T1(I1);
Create success.
$P0> CREATE INDEX T1_I2 ON T1(I2);
Create success.

$P0> INSERT INTO T1 VALUES (1, 1);
1 row inserted.
$P0> INSERT INTO T1 VALUES (2, 2);
1 row inserted.
$P0> INSERT INTO T1 VALUES (0, 3);
1 row inserted.
$P0> INSERT INTO T1 VALUES (2, 4);
1 row inserted.
$P0> INSERT INTO T1 VALUES (3, 1);
1 row inserted.
$P0> INSERT INTO T1 VALUES (3, 1);
1 row inserted.
$P0> INSERT INTO T1 VALUES (4, 2);
1 row inserted.
$P0> INSERT INTO T1 VALUES (2, NULL);
1 row inserted.

$P0> INSERT INTO T2 VALUES (1, 1);
1 row inserted.
$P0> INSERT INTO T2 VALUES (2, 2);
1 row inserted.
$P0> INSERT INTO T2 VALUES (1, NULL);
1 row inserted.
$P0> INSERT INTO T2 VALUES (2, 4);
1 row inserted.
$P0> INSERT INTO T2 VALUES (3, 2);
1 row inserted.
$P0> INSERT INTO T2 VALUES (4, 8);
1 row inserted.
$P0> INSERT INTO T2 VALUES (2, 2);
1 row inserted.
$P0> INSERT INTO T2 VALUES (5, 4);
1 row inserted.

$P0> INSERT INTO T3 VALUES (1, 1);
1 row inserted.
$P0> INSERT INTO T3 VALUES (0, 3);
1 row inserted.
$P0> INSERT INTO T3 VALUES (3, 1);
1 row inserted.
$P0> INSERT INTO T3 VALUES (4, 1);
1 row inserted.
$P0> INSERT INTO T3 VALUES (3, NULL);
1 row inserted.

$P0> INSERT INTO T4 VALUES (1, NULL);
1 row inserted.
$P0> INSERT INTO T4 VALUES (2, 1);
1 row inserted.
$P0> INSERT INTO T4 VALUES (3, 2);
1 row inserted.
$P0> INSERT INTO T4 VALUES (2, 2);
1 row inserted.
$P0> INSERT INTO T4 VALUES (5, 4);
1 row inserted.

$P0> ALTER SESSION SET EXPLAIN PLAN=ON;
Alter success.
$P0> ALTER SESSION SET TRCLOG_DETAIL_PREDICATE=1;
Alter success.

$P0> SELECT * FROM T1, T2, T3 
                   WHERE T1.I1 = T2.I1 AND T1.I1 = T3.I1 
                   AND T1.I1 > '0' AND T1.I2 > '0';
T1.I1  T1.I2  T2.I1  T2.I2  T3.I1  T3.I2  
-------------------------------------------------
1    1    1    1    1    1    
1    1    1         1    1    
3    1    3    2    3         
3    1    3    2    3    1    
3    1    3    2    3         
3    1    3    2    3    1    
4    2    4    8    4    1    
7 rows selected.
------------------------------------------------------------
PROJECT ( COLUMN_COUNT: 6, TUPLE_SIZE: 35 )
 JOIN
  JOIN
   PARTITION-COORDINATOR ( TABLE: T2, PARTITION: 1/1, ACCESS: 8, SELF_ID: 3 )
    [ PARTITION KEY ]
    AND
     OR
      '0' < T2.I1 [+]
    SCAN ( PARTITION: P1, FULL SCAN, ACCESS: 8, DISK_PAGE_COUNT: BLOCKED, SELF_ID: 6 )
     [ FILTER ]
     '0' < T2.I1 [+]
   PARTITION-COORDINATOR ( TABLE: T1, PARTITION: 1/1, INDEX: T1_I1, ACCESS: 14, SELF_ID: 2 )
    [ PARTITION KEY ]
    AND
     OR
      T1.I1 > '0'
    [ PARTITION FILTER ]
    OR
     AND
      T1.I1 = T2.I1
      T1.I1 > '0'
    [ VARIABLE KEY ]
    OR
     AND
      T1.I1 = T2.I1
      T1.I1 > '0'
    [ FILTER ]
    T1.I2 > '0'
    SCAN ( PARTITION: P1, RID SCAN, ACCESS: 14, DISK_PAGE_COUNT: BLOCKED, SELF_ID: 5 )
  HASH ( ITEM_SIZE: BLOCKED, ITEM_COUNT: 4, DISK_PAGE_COUNT: BLOCKED, ACCESS: 7, SELF_ID: 9, REF_ID: 4 )
   [ FILTER ]
   T1.I1 = T3.I1
   PARTITION-COORDINATOR ( TABLE: T3, PARTITION: 1/1, ACCESS: 4, SELF_ID: 4 )
    [ PARTITION KEY ]
    AND
     OR
      '0' < T3.I1 [+]
    SCAN ( PARTITION: P1, FULL SCAN, ACCESS: 5, DISK_PAGE_COUNT: BLOCKED, SELF_ID: 7 )
     [ FILTER ]
     '0' < T3.I1 [+]
------------------------------------------------------------


$P0> SELECT * FROM T1, T2, T3, T4 
                   WHERE T1.I1 = T2.I1 AND T1.I1 = T3.I1 
                   AND T1.I1 > '0' AND T1.I2 > '0';
T1.I1  T1.I2  T2.I1  T2.I2  T3.I1  T3.I2  T4.I1  T4.I2  
-----------------------------------------------------------------
1    1    1    1    1    1    1         
1    1    1    1    1    1    2    1    
1    1    1    1    1    1    3    2    
1    1    1    1    1    1    2    2    
1    1    1    1    1    1    5    4    
1    1    1         1    1    1         
1    1    1         1    1    2    1    
1    1    1         1    1    3    2    
1    1    1         1    1    2    2    
1    1    1         1    1    5    4    
3    1    3    2    3         1         
3    1    3    2    3         2    1    
3    1    3    2    3         3    2    
3    1    3    2    3         2    2    
3    1    3    2    3         5    4    
3    1    3    2    3    1    1         
3    1    3    2    3    1    2    1    
3    1    3    2    3    1    3    2    
3    1    3    2    3    1    2    2    
3    1    3    2    3    1    5    4    
3    1    3    2    3         1         
3    1    3    2    3         2    1    
3    1    3    2    3         3    2    
3    1    3    2    3         2    2    
3    1    3    2    3         5    4    
3    1    3    2    3    1    1         
3    1    3    2    3    1    2    1    
3    1    3    2    3    1    3    2    
3    1    3    2    3    1    2    2    
3    1    3    2    3    1    5    4    
4    2    4    8    4    1    1         
4    2    4    8    4    1    2    1    
4    2    4    8    4    1    3    2    
4    2    4    8    4    1    2    2    
4    2    4    8    4    1    5    4    
35 rows selected.
------------------------------------------------------------
PROJECT ( COLUMN_COUNT: 8, TUPLE_SIZE: 47 )
 JOIN
  JOIN
   JOIN
    PARTITION-COORDINATOR ( TABLE: T2, PARTITION: 1/1, ACCESS: 8, SELF_ID: 3 )
     [ PARTITION KEY ]
     AND
      OR
       '0' < T2.I1 [+]
     SCAN ( PARTITION: P1, FULL SCAN, ACCESS: 8, DISK_PAGE_COUNT: BLOCKED, SELF_ID: 7 )
      [ FILTER ]
      '0' < T2.I1 [+]
    PARTITION-COORDINATOR ( TABLE: T1, PARTITION: 1/1, INDEX: T1_I1, ACCESS: 14, SELF_ID: 2 )
     [ PARTITION KEY ]
     AND
      OR
       T1.I1 > '0'
     [ PARTITION FILTER ]
     OR
      AND
       T1.I1 = T2.I1
       T1.I1 > '0'
     [ VARIABLE KEY ]
     OR
      AND
       T1.I1 = T2.I1
       T1.I1 > '0'
     [ FILTER ]
     T1.I2 > '0'
     SCAN ( PARTITION: P1, RID SCAN, ACCESS: 14, DISK_PAGE_COUNT: BLOCKED, SELF_ID: 6 )
   HASH ( ITEM_SIZE: BLOCKED, ITEM_COUNT: 4, DISK_PAGE_COUNT: BLOCKED, ACCESS: 7, SELF_ID: 11, REF_ID: 4 )
    [ FILTER ]
    T1.I1 = T3.I1
    PARTITION-COORDINATOR ( TABLE: T3, PARTITION: 1/1, ACCESS: 4, SELF_ID: 4 )
     [ PARTITION KEY ]
     AND
      OR
       '0' < T3.I1 [+]
     SCAN ( PARTITION: P1, FULL SCAN, ACCESS: 5, DISK_PAGE_COUNT: BLOCKED, SELF_ID: 8 )
      [ FILTER ]
      '0' < T3.I1 [+]
  PARTITION-COORDINATOR ( TABLE: T4, PARTITION: 1/1, ACCESS: 35, SELF_ID: 5 )
   SCAN ( PARTITION: P1, FULL SCAN, ACCESS: 35, DISK_PAGE_COUNT: BLOCKED, SELF_ID: 9 )
------------------------------------------------------------


$P0> SELECT * FROM T1, T2, T3 
                   WHERE T1.I1 = T3.I2 AND T2.I1 = T3.I1 
                   AND T3.I2 > '0' AND T3.I1 > '0';
T1.I1  T1.I2  T2.I1  T2.I2  T3.I1  T3.I2  
-------------------------------------------------
1    1    1    1    1    1    
1    1    1         1    1    
1    1    3    2    3    1    
1    1    4    8    4    1    
4 rows selected.
------------------------------------------------------------
PROJECT ( COLUMN_COUNT: 6, TUPLE_SIZE: 35 )
 JOIN
  JOIN
   PARTITION-COORDINATOR ( TABLE: T2, PARTITION: 1/1, ACCESS: 8, SELF_ID: 3 )
    [ PARTITION KEY ]
    AND
     OR
      '0' < T2.I1 [+]
    SCAN ( PARTITION: P1, FULL SCAN, ACCESS: 8, DISK_PAGE_COUNT: BLOCKED, SELF_ID: 6 )
     [ FILTER ]
     '0' < T2.I1 [+]
   HASH ( ITEM_SIZE: BLOCKED, ITEM_COUNT: 3, DISK_PAGE_COUNT: BLOCKED, ACCESS: 4, SELF_ID: 8, REF_ID: 4 )
    [ FILTER ]
    T2.I1 = T3.I1
    PARTITION-COORDINATOR ( TABLE: T3, PARTITION: 1/1, ACCESS: 3, SELF_ID: 4 )
     [ PARTITION KEY ]
     AND
      OR
       T3.I1 > '0'
     SCAN ( PARTITION: P1, FULL SCAN, ACCESS: 5, DISK_PAGE_COUNT: BLOCKED, SELF_ID: 7 )
      [ FILTER ]
      AND
       T3.I1 > '0'
       T3.I2 > '0'
  PARTITION-COORDINATOR ( TABLE: T1, PARTITION: 1/1, INDEX: T1_I1, ACCESS: 4, SELF_ID: 2 )
   [ PARTITION FILTER ]
   OR
    AND
     T1.I1 = T3.I2
   [ VARIABLE KEY ]
   OR
    AND
     T1.I1 = T3.I2
   SCAN ( PARTITION: P1, RID SCAN, ACCESS: 4, DISK_PAGE_COUNT: BLOCKED, SELF_ID: 5 )
------------------------------------------------------------

$P0> SELECT * FROM T1, T2, T3, T4
                   WHERE T1.I1 = T3.I2 AND T2.I1 = T3.I1 AND T1.I2 = T4.I2
                   AND T3.I2 > '0' AND T3.I1 > '0';
T1.I1  T1.I2  T2.I1  T2.I2  T3.I1  T3.I2  T4.I1  T4.I2  
-----------------------------------------------------------------
1    1    1         1    1    2    1    
1    1    1    1    1    1    2    1    
1    1    3    2    3    1    2    1    
1    1    4    8    4    1    2    1    
4 rows selected.
------------------------------------------------------------
PROJECT ( COLUMN_COUNT: 8, TUPLE_SIZE: 47 )
 JOIN
  JOIN
   JOIN
    PARTITION-COORDINATOR ( TABLE: T3, PARTITION: 1/1, ACCESS: 3, SELF_ID: 4 )
     [ PARTITION KEY ]
     AND
      OR
       T3.I1 > '0'
     SCAN ( PARTITION: P1, FULL SCAN, ACCESS: 5, DISK_PAGE_COUNT: BLOCKED, SELF_ID: 8 )
      [ FILTER ]
      AND
       T3.I1 > '0'
       T3.I2 > '0'
    PARTITION-COORDINATOR ( TABLE: T1, PARTITION: 1/1, INDEX: T1_I1, ACCESS: 3, SELF_ID: 2 )
     [ PARTITION FILTER ]
     OR
      AND
       T1.I1 = T3.I2
     [ VARIABLE KEY ]
     OR
      AND
       T1.I1 = T3.I2
     SCAN ( PARTITION: P1, RID SCAN, ACCESS: 3, DISK_PAGE_COUNT: BLOCKED, SELF_ID: 6 )
   HASH ( ITEM_SIZE: BLOCKED, ITEM_COUNT: 8, DISK_PAGE_COUNT: BLOCKED, ACCESS: 4, SELF_ID: 11, REF_ID: 3 )
    [ FILTER ]
    T2.I1 = T3.I1
    PARTITION-COORDINATOR ( TABLE: T2, PARTITION: 1/1, ACCESS: 8, SELF_ID: 3 )
     [ PARTITION KEY ]
     AND
      OR
       '0' < T2.I1 [+]
     SCAN ( PARTITION: P1, FULL SCAN, ACCESS: 8, DISK_PAGE_COUNT: BLOCKED, SELF_ID: 7 )
      [ FILTER ]
      '0' < T2.I1 [+]
  HASH ( ITEM_SIZE: BLOCKED, ITEM_COUNT: 5, DISK_PAGE_COUNT: BLOCKED, ACCESS: 4, SELF_ID: 12, REF_ID: 5 )
   [ FILTER ]
   T1.I2 = T4.I2
   PARTITION-COORDINATOR ( TABLE: T4, PARTITION: 1/1, ACCESS: 5, SELF_ID: 5 )
    SCAN ( PARTITION: P1, FULL SCAN, ACCESS: 5, DISK_PAGE_COUNT: BLOCKED, SELF_ID: 9 )
------------------------------------------------------------

$P0> ALTER SESSION SET EXPLAIN PLAN=OFF;
Alter success.
$P0> ALTER SESSION SET TRCLOG_DETAIL_PREDICATE=0;
Alter success.

$P0> DROP TABLE T1;
Drop success.
$P0> DROP TABLE T2;
Drop success.
$P0> DROP TABLE T3;
Drop success.
$P0> DROP TABLE T4;
Drop success.

# ==> [query.sql] END <=
# ==> [query.sql] BEGIN <=
--+SKIP BEGIN; 
$P0> DROP TABLE T1;
$P0> DROP TABLE T2;
$P0> DROP TABLE T3;
$P0> DROP TABLE T4;
--+SKIP END; 

$P0> CREATE TABLE T1 ( I1 VARCHAR(3) VARIABLE, I2 VARCHAR(3) FIXED ) PARTITION BY RANGE(I1) ( PARTITION P1 VALUES DEFAULT TABLESPACE PDT_TBS ) TABLESPACE SYS_TBS_DISK_DATA;
Create success.
$P0> CREATE TABLE T2 ( I1 VARCHAR(3) VARIABLE, I2 VARCHAR(3) FIXED ) PARTITION BY RANGE(I1) ( PARTITION P1 VALUES DEFAULT TABLESPACE PDT_TBS ) TABLESPACE SYS_TBS_DISK_DATA;
Create success.
$P0> CREATE TABLE T3 ( I1 VARCHAR(3) VARIABLE, I2 VARCHAR(3) FIXED ) PARTITION BY RANGE(I1) ( PARTITION P1 VALUES DEFAULT TABLESPACE PDT_TBS ) TABLESPACE SYS_TBS_DISK_DATA;
Create success.
$P0> CREATE TABLE T4 ( I1 VARCHAR(3) VARIABLE, I2 VARCHAR(3) FIXED ) PARTITION BY RANGE(I1) ( PARTITION P1 VALUES DEFAULT TABLESPACE PDT_TBS ) TABLESPACE SYS_TBS_DISK_DATA;
Create success.


$P0> CREATE INDEX T1_I1 ON T1(I1);
Create success.
$P0> CREATE INDEX T1_I2 ON T1(I2);
Create success.

$P0> INSERT INTO T1 VALUES (1, 1);
1 row inserted.
$P0> INSERT INTO T1 VALUES (2, 2);
1 row inserted.
$P0> INSERT INTO T1 VALUES (0, 3);
1 row inserted.
$P0> INSERT INTO T1 VALUES (2, 4);
1 row inserted.
$P0> INSERT INTO T1 VALUES (3, 1);
1 row inserted.
$P0> INSERT INTO T1 VALUES (3, 1);
1 row inserted.
$P0> INSERT INTO T1 VALUES (4, 2);
1 row inserted.
$P0> INSERT INTO T1 VALUES (2, NULL);
1 row inserted.

$P0> INSERT INTO T2 VALUES (1, 1);
1 row inserted.
$P0> INSERT INTO T2 VALUES (2, 2);
1 row inserted.
$P0> INSERT INTO T2 VALUES (1, NULL);
1 row inserted.
$P0> INSERT INTO T2 VALUES (2, 4);
1 row inserted.
$P0> INSERT INTO T2 VALUES (3, 2);
1 row inserted.
$P0> INSERT INTO T2 VALUES (4, 8);
1 row inserted.
$P0> INSERT INTO T2 VALUES (2, 2);
1 row inserted.
$P0> INSERT INTO T2 VALUES (5, 4);
1 row inserted.

$P0> INSERT INTO T3 VALUES (1, 1);
1 row inserted.
$P0> INSERT INTO T3 VALUES (0, 3);
1 row inserted.
$P0> INSERT INTO T3 VALUES (3, 1);
1 row inserted.
$P0> INSERT INTO T3 VALUES (4, 1);
1 row inserted.
$P0> INSERT INTO T3 VALUES (3, NULL);
1 row inserted.

$P0> INSERT INTO T4 VALUES (1, NULL);
1 row inserted.
$P0> INSERT INTO T4 VALUES (2, 1);
1 row inserted.
$P0> INSERT INTO T4 VALUES (3, 2);
1 row inserted.
$P0> INSERT INTO T4 VALUES (2, 2);
1 row inserted.
$P0> INSERT INTO T4 VALUES (5, 4);
1 row inserted.

$P0> ALTER SESSION SET EXPLAIN PLAN=ON;
Alter success.
$P0> ALTER SESSION SET TRCLOG_DETAIL_PREDICATE=1;
Alter success.

$P0> SELECT * FROM T1, T2, T3 
                   WHERE T1.I1 = T2.I1 AND T1.I1 = T3.I1 
                   AND T1.I1 > '0' AND T1.I2 > '0';
T1.I1  T1.I2  T2.I1  T2.I2  T3.I1  T3.I2  
-------------------------------------------------
1    1    1    1    1    1    
1    1    1         1    1    
3    1    3    2    3         
3    1    3    2    3    1    
3    1    3    2    3         
3    1    3    2    3    1    
4    2    4    8    4    1    
7 rows selected.
------------------------------------------------------------
PROJECT ( COLUMN_COUNT: 6, TUPLE_SIZE: 35 )
 JOIN
  JOIN
   PARTITION-COORDINATOR ( TABLE: T2, PARTITION: 1/1, ACCESS: 8, SELF_ID: 3 )
    [ PARTITION KEY ]
    AND
     OR
      '0' < T2.I1 [+]
    SCAN ( PARTITION: P1, FULL SCAN, ACCESS: 8, DISK_PAGE_COUNT: BLOCKED, SELF_ID: 6 )
     [ FILTER ]
     '0' < T2.I1 [+]
   PARTITION-COORDINATOR ( TABLE: T1, PARTITION: 1/1, INDEX: T1_I1, ACCESS: 14, SELF_ID: 2 )
    [ PARTITION KEY ]
    AND
     OR
      T1.I1 > '0'
    [ PARTITION FILTER ]
    OR
     AND
      T1.I1 = T2.I1
      T1.I1 > '0'
    [ VARIABLE KEY ]
    OR
     AND
      T1.I1 = T2.I1
      T1.I1 > '0'
    [ FILTER ]
    T1.I2 > '0'
    SCAN ( PARTITION: P1, RID SCAN, ACCESS: 14, DISK_PAGE_COUNT: BLOCKED, SELF_ID: 5 )
  HASH ( ITEM_SIZE: BLOCKED, ITEM_COUNT: 4, DISK_PAGE_COUNT: BLOCKED, ACCESS: 7, SELF_ID: 9, REF_ID: 4 )
   [ FILTER ]
   T1.I1 = T3.I1
   PARTITION-COORDINATOR ( TABLE: T3, PARTITION: 1/1, ACCESS: 4, SELF_ID: 4 )
    [ PARTITION KEY ]
    AND
     OR
      '0' < T3.I1 [+]
    SCAN ( PARTITION: P1, FULL SCAN, ACCESS: 5, DISK_PAGE_COUNT: BLOCKED, SELF_ID: 7 )
     [ FILTER ]
     '0' < T3.I1 [+]
------------------------------------------------------------


$P0> SELECT * FROM T1, T2, T3, T4 
                   WHERE T1.I1 = T2.I1 AND T1.I1 = T3.I1 
                   AND T1.I1 > '0' AND T1.I2 > '0';
T1.I1  T1.I2  T2.I1  T2.I2  T3.I1  T3.I2  T4.I1  T4.I2  
-----------------------------------------------------------------
1    1    1    1    1    1    1         
1    1    1    1    1    1    2    1    
1    1    1    1    1    1    3    2    
1    1    1    1    1    1    2    2    
1    1    1    1    1    1    5    4    
1    1    1         1    1    1         
1    1    1         1    1    2    1    
1    1    1         1    1    3    2    
1    1    1         1    1    2    2    
1    1    1         1    1    5    4    
3    1    3    2    3         1         
3    1    3    2    3         2    1    
3    1    3    2    3         3    2    
3    1    3    2    3         2    2    
3    1    3    2    3         5    4    
3    1    3    2    3    1    1         
3    1    3    2    3    1    2    1    
3    1    3    2    3    1    3    2    
3    1    3    2    3    1    2    2    
3    1    3    2    3    1    5    4    
3    1    3    2    3         1         
3    1    3    2    3         2    1    
3    1    3    2    3         3    2    
3    1    3    2    3         2    2    
3    1    3    2    3         5    4    
3    1    3    2    3    1    1         
3    1    3    2    3    1    2    1    
3    1    3    2    3    1    3    2    
3    1    3    2    3    1    2    2    
3    1    3    2    3    1    5    4    
4    2    4    8    4    1    1         
4    2    4    8    4    1    2    1    
4    2    4    8    4    1    3    2    
4    2    4    8    4    1    2    2    
4    2    4    8    4    1    5    4    
35 rows selected.
------------------------------------------------------------
PROJECT ( COLUMN_COUNT: 8, TUPLE_SIZE: 47 )
 JOIN
  JOIN
   JOIN
    PARTITION-COORDINATOR ( TABLE: T2, PARTITION: 1/1, ACCESS: 8, SELF_ID: 3 )
     [ PARTITION KEY ]
     AND
      OR
       '0' < T2.I1 [+]
     SCAN ( PARTITION: P1, FULL SCAN, ACCESS: 8, DISK_PAGE_COUNT: BLOCKED, SELF_ID: 7 )
      [ FILTER ]
      '0' < T2.I1 [+]
    PARTITION-COORDINATOR ( TABLE: T1, PARTITION: 1/1, INDEX: T1_I1, ACCESS: 14, SELF_ID: 2 )
     [ PARTITION KEY ]
     AND
      OR
       T1.I1 > '0'
     [ PARTITION FILTER ]
     OR
      AND
       T1.I1 = T2.I1
       T1.I1 > '0'
     [ VARIABLE KEY ]
     OR
      AND
       T1.I1 = T2.I1
       T1.I1 > '0'
     [ FILTER ]
     T1.I2 > '0'
     SCAN ( PARTITION: P1, RID SCAN, ACCESS: 14, DISK_PAGE_COUNT: BLOCKED, SELF_ID: 6 )
   HASH ( ITEM_SIZE: BLOCKED, ITEM_COUNT: 4, DISK_PAGE_COUNT: BLOCKED, ACCESS: 7, SELF_ID: 11, REF_ID: 4 )
    [ FILTER ]
    T1.I1 = T3.I1
    PARTITION-COORDINATOR ( TABLE: T3, PARTITION: 1/1, ACCESS: 4, SELF_ID: 4 )
     [ PARTITION KEY ]
     AND
      OR
       '0' < T3.I1 [+]
     SCAN ( PARTITION: P1, FULL SCAN, ACCESS: 5, DISK_PAGE_COUNT: BLOCKED, SELF_ID: 8 )
      [ FILTER ]
      '0' < T3.I1 [+]
  PARTITION-COORDINATOR ( TABLE: T4, PARTITION: 1/1, ACCESS: 35, SELF_ID: 5 )
   SCAN ( PARTITION: P1, FULL SCAN, ACCESS: 35, DISK_PAGE_COUNT: BLOCKED, SELF_ID: 9 )
------------------------------------------------------------


$P0> SELECT * FROM T1, T2, T3 
                   WHERE T1.I1 = T3.I2 AND T2.I1 = T3.I1 
                   AND T3.I2 > '0' AND T3.I1 > '0';
T1.I1  T1.I2  T2.I1  T2.I2  T3.I1  T3.I2  
-------------------------------------------------
1    1    1    1    1    1    
1    1    1         1    1    
1    1    3    2    3    1    
1    1    4    8    4    1    
4 rows selected.
------------------------------------------------------------
PROJECT ( COLUMN_COUNT: 6, TUPLE_SIZE: 35 )
 JOIN
  JOIN
   PARTITION-COORDINATOR ( TABLE: T2, PARTITION: 1/1, ACCESS: 8, SELF_ID: 3 )
    [ PARTITION KEY ]
    AND
     OR
      '0' < T2.I1 [+]
    SCAN ( PARTITION: P1, FULL SCAN, ACCESS: 8, DISK_PAGE_COUNT: BLOCKED, SELF_ID: 6 )
     [ FILTER ]
     '0' < T2.I1 [+]
   HASH ( ITEM_SIZE: BLOCKED, ITEM_COUNT: 3, DISK_PAGE_COUNT: BLOCKED, ACCESS: 4, SELF_ID: 8, REF_ID: 4 )
    [ FILTER ]
    T2.I1 = T3.I1
    PARTITION-COORDINATOR ( TABLE: T3, PARTITION: 1/1, ACCESS: 3, SELF_ID: 4 )
     [ PARTITION KEY ]
     AND
      OR
       T3.I1 > '0'
     SCAN ( PARTITION: P1, FULL SCAN, ACCESS: 5, DISK_PAGE_COUNT: BLOCKED, SELF_ID: 7 )
      [ FILTER ]
      AND
       T3.I1 > '0'
       T3.I2 > '0'
  PARTITION-COORDINATOR ( TABLE: T1, PARTITION: 1/1, INDEX: T1_I1, ACCESS: 4, SELF_ID: 2 )
   [ PARTITION FILTER ]
   OR
    AND
     T1.I1 = T3.I2
   [ VARIABLE KEY ]
   OR
    AND
     T1.I1 = T3.I2
   SCAN ( PARTITION: P1, RID SCAN, ACCESS: 4, DISK_PAGE_COUNT: BLOCKED, SELF_ID: 5 )
------------------------------------------------------------

$P0> SELECT * FROM T1, T2, T3, T4
                   WHERE T1.I1 = T3.I2 AND T2.I1 = T3.I1 AND T1.I2 = T4.I2
                   AND T3.I2 > '0' AND T3.I1 > '0';
T1.I1  T1.I2  T2.I1  T2.I2  T3.I1  T3.I2  T4.I1  T4.I2  
-----------------------------------------------------------------
1    1    1         1    1    2    1    
1    1    1    1    1    1    2    1    
1    1    3    2    3    1    2    1    
1    1    4    8    4    1    2    1    
4 rows selected.
------------------------------------------------------------
PROJECT ( COLUMN_COUNT: 8, TUPLE_SIZE: 47 )
 JOIN
  JOIN
   JOIN
    PARTITION-COORDINATOR ( TABLE: T3, PARTITION: 1/1, ACCESS: 3, SELF_ID: 4 )
     [ PARTITION KEY ]
     AND
      OR
       T3.I1 > '0'
     SCAN ( PARTITION: P1, FULL SCAN, ACCESS: 5, DISK_PAGE_COUNT: BLOCKED, SELF_ID: 8 )
      [ FILTER ]
      AND
       T3.I1 > '0'
       T3.I2 > '0'
    PARTITION-COORDINATOR ( TABLE: T1, PARTITION: 1/1, INDEX: T1_I1, ACCESS: 3, SELF_ID: 2 )
     [ PARTITION FILTER ]
     OR
      AND
       T1.I1 = T3.I2
     [ VARIABLE KEY ]
     OR
      AND
       T1.I1 = T3.I2
     SCAN ( PARTITION: P1, RID SCAN, ACCESS: 3, DISK_PAGE_COUNT: BLOCKED, SELF_ID: 6 )
   HASH ( ITEM_SIZE: BLOCKED, ITEM_COUNT: 8, DISK_PAGE_COUNT: BLOCKED, ACCESS: 4, SELF_ID: 11, REF_ID: 3 )
    [ FILTER ]
    T2.I1 = T3.I1
    PARTITION-COORDINATOR ( TABLE: T2, PARTITION: 1/1, ACCESS: 8, SELF_ID: 3 )
     [ PARTITION KEY ]
     AND
      OR
       '0' < T2.I1 [+]
     SCAN ( PARTITION: P1, FULL SCAN, ACCESS: 8, DISK_PAGE_COUNT: BLOCKED, SELF_ID: 7 )
      [ FILTER ]
      '0' < T2.I1 [+]
  HASH ( ITEM_SIZE: BLOCKED, ITEM_COUNT: 5, DISK_PAGE_COUNT: BLOCKED, ACCESS: 4, SELF_ID: 12, REF_ID: 5 )
   [ FILTER ]
   T1.I2 = T4.I2
   PARTITION-COORDINATOR ( TABLE: T4, PARTITION: 1/1, ACCESS: 5, SELF_ID: 5 )
    SCAN ( PARTITION: P1, FULL SCAN, ACCESS: 5, DISK_PAGE_COUNT: BLOCKED, SELF_ID: 9 )
------------------------------------------------------------

$P0> ALTER SESSION SET EXPLAIN PLAN=OFF;
Alter success.
$P0> ALTER SESSION SET TRCLOG_DETAIL_PREDICATE=0;
Alter success.

$P0> DROP TABLE T1;
Drop success.
$P0> DROP TABLE T2;
Drop success.
$P0> DROP TABLE T3;
Drop success.
$P0> DROP TABLE T4;
Drop success.

# ==> [query.sql] END <=
# ==> [query.sql] BEGIN <=
--+SKIP BEGIN; 
$P0> DROP TABLE T1;
$P0> DROP TABLE T2;
$P0> DROP TABLE T3;
$P0> DROP TABLE T4;
--+SKIP END; 

$P0> CREATE TABLE T1 ( I1 VARCHAR(3) VARIABLE, I2 VARCHAR(3) FIXED ) PARTITION BY RANGE(I1) ( PARTITION P1 VALUES DEFAULT TABLESPACE PDT_TBS ) TABLESPACE SYS_TBS_DISK_DATA;
Create success.
$P0> CREATE TABLE T2 ( I1 VARCHAR(3) VARIABLE, I2 VARCHAR(3) FIXED ) PARTITION BY RANGE(I1) ( PARTITION P1 VALUES DEFAULT TABLESPACE PDT_TBS ) TABLESPACE SYS_TBS_DISK_DATA;
Create success.
$P0> CREATE TABLE T3 ( I1 VARCHAR(3) VARIABLE, I2 VARCHAR(3) FIXED ) PARTITION BY RANGE(I1) ( PARTITION P1 VALUES DEFAULT TABLESPACE PDT_TBS ) TABLESPACE SYS_TBS_DISK_DATA;
Create success.
$P0> CREATE TABLE T4 ( I1 VARCHAR(3) VARIABLE, I2 VARCHAR(3) FIXED ) PARTITION BY RANGE(I1) ( PARTITION P1 VALUES DEFAULT TABLESPACE PDT_TBS ) TABLESPACE SYS_TBS_DISK_DATA;
Create success.


$P0> CREATE INDEX T1_I1 ON T1(I1);
Create success.
$P0> CREATE INDEX T1_I2 ON T1(I2);
Create success.

$P0> INSERT INTO T1 VALUES (1, 1);
1 row inserted.
$P0> INSERT INTO T1 VALUES (2, 2);
1 row inserted.
$P0> INSERT INTO T1 VALUES (0, 3);
1 row inserted.
$P0> INSERT INTO T1 VALUES (2, 4);
1 row inserted.
$P0> INSERT INTO T1 VALUES (3, 1);
1 row inserted.
$P0> INSERT INTO T1 VALUES (3, 1);
1 row inserted.
$P0> INSERT INTO T1 VALUES (4, 2);
1 row inserted.
$P0> INSERT INTO T1 VALUES (2, NULL);
1 row inserted.

$P0> INSERT INTO T2 VALUES (1, 1);
1 row inserted.
$P0> INSERT INTO T2 VALUES (2, 2);
1 row inserted.
$P0> INSERT INTO T2 VALUES (1, NULL);
1 row inserted.
$P0> INSERT INTO T2 VALUES (2, 4);
1 row inserted.
$P0> INSERT INTO T2 VALUES (3, 2);
1 row inserted.
$P0> INSERT INTO T2 VALUES (4, 8);
1 row inserted.
$P0> INSERT INTO T2 VALUES (2, 2);
1 row inserted.
$P0> INSERT INTO T2 VALUES (5, 4);
1 row inserted.

$P0> INSERT INTO T3 VALUES (1, 1);
1 row inserted.
$P0> INSERT INTO T3 VALUES (0, 3);
1 row inserted.
$P0> INSERT INTO T3 VALUES (3, 1);
1 row inserted.
$P0> INSERT INTO T3 VALUES (4, 1);
1 row inserted.
$P0> INSERT INTO T3 VALUES (3, NULL);
1 row inserted.

$P0> INSERT INTO T4 VALUES (1, NULL);
1 row inserted.
$P0> INSERT INTO T4 VALUES (2, 1);
1 row inserted.
$P0> INSERT INTO T4 VALUES (3, 2);
1 row inserted.
$P0> INSERT INTO T4 VALUES (2, 2);
1 row inserted.
$P0> INSERT INTO T4 VALUES (5, 4);
1 row inserted.

$P0> ALTER SESSION SET EXPLAIN PLAN=ON;
Alter success.
$P0> ALTER SESSION SET TRCLOG_DETAIL_PREDICATE=1;
Alter success.

$P0> SELECT * FROM T1, T2, T3 
                   WHERE T1.I1 = T2.I1 AND T1.I1 = T3.I1 
                   AND T1.I1 > '0' AND T1.I2 > '0';
T1.I1  T1.I2  T2.I1  T2.I2  T3.I1  T3.I2  
-------------------------------------------------
1    1    1    1    1    1    
1    1    1         1    1    
3    1    3    2    3         
3    1    3    2    3    1    
3    1    3    2    3         
3    1    3    2    3    1    
4    2    4    8    4    1    
7 rows selected.
------------------------------------------------------------
PROJECT ( COLUMN_COUNT: 6, TUPLE_SIZE: 35 )
 JOIN
  JOIN
   PARTITION-COORDINATOR ( TABLE: T2, PARTITION: 1/1, ACCESS: 8, SELF_ID: 3 )
    [ PARTITION KEY ]
    AND
     OR
      '0' < T2.I1 [+]
    SCAN ( PARTITION: P1, FULL SCAN, ACCESS: 8, DISK_PAGE_COUNT: BLOCKED, SELF_ID: 6 )
     [ FILTER ]
     '0' < T2.I1 [+]
   PARTITION-COORDINATOR ( TABLE: T1, PARTITION: 1/1, INDEX: T1_I1, ACCESS: 14, SELF_ID: 2 )
    [ PARTITION KEY ]
    AND
     OR
      T1.I1 > '0'
    [ PARTITION FILTER ]
    OR
     AND
      T1.I1 = T2.I1
      T1.I1 > '0'
    [ VARIABLE KEY ]
    OR
     AND
      T1.I1 = T2.I1
      T1.I1 > '0'
    [ FILTER ]
    T1.I2 > '0'
    SCAN ( PARTITION: P1, RID SCAN, ACCESS: 14, DISK_PAGE_COUNT: BLOCKED, SELF_ID: 5 )
  HASH ( ITEM_SIZE: BLOCKED, ITEM_COUNT: 4, DISK_PAGE_COUNT: BLOCKED, ACCESS: 7, SELF_ID: 9, REF_ID: 4 )
   [ FILTER ]
   T1.I1 = T3.I1
   PARTITION-COORDINATOR ( TABLE: T3, PARTITION: 1/1, ACCESS: 4, SELF_ID: 4 )
    [ PARTITION KEY ]
    AND
     OR
      '0' < T3.I1 [+]
    SCAN ( PARTITION: P1, FULL SCAN, ACCESS: 5, DISK_PAGE_COUNT: BLOCKED, SELF_ID: 7 )
     [ FILTER ]
     '0' < T3.I1 [+]
------------------------------------------------------------


$P0> SELECT * FROM T1, T2, T3, T4 
                   WHERE T1.I1 = T2.I1 AND T1.I1 = T3.I1 
                   AND T1.I1 > '0' AND T1.I2 > '0';
T1.I1  T1.I2  T2.I1  T2.I2  T3.I1  T3.I2  T4.I1  T4.I2  
-----------------------------------------------------------------
1    1    1    1    1    1    1         
1    1    1    1    1    1    2    1    
1    1    1    1    1    1    3    2    
1    1    1    1    1    1    2    2    
1    1    1    1    1    1    5    4    
1    1    1         1    1    1         
1    1    1         1    1    2    1    
1    1    1         1    1    3    2    
1    1    1         1    1    2    2    
1    1    1         1    1    5    4    
3    1    3    2    3         1         
3    1    3    2    3         2    1    
3    1    3    2    3         3    2    
3    1    3    2    3         2    2    
3    1    3    2    3         5    4    
3    1    3    2    3    1    1         
3    1    3    2    3    1    2    1    
3    1    3    2    3    1    3    2    
3    1    3    2    3    1    2    2    
3    1    3    2    3    1    5    4    
3    1    3    2    3         1         
3    1    3    2    3         2    1    
3    1    3    2    3         3    2    
3    1    3    2    3         2    2    
3    1    3    2    3         5    4    
3    1    3    2    3    1    1         
3    1    3    2    3    1    2    1    
3    1    3    2    3    1    3    2    
3    1    3    2    3    1    2    2    
3    1    3    2    3    1    5    4    
4    2    4    8    4    1    1         
4    2    4    8    4    1    2    1    
4    2    4    8    4    1    3    2    
4    2    4    8    4    1    2    2    
4    2    4    8    4    1    5    4    
35 rows selected.
------------------------------------------------------------
PROJECT ( COLUMN_COUNT: 8, TUPLE_SIZE: 47 )
 JOIN
  JOIN
   JOIN
    PARTITION-COORDINATOR ( TABLE: T2, PARTITION: 1/1, ACCESS: 8, SELF_ID: 3 )
     [ PARTITION KEY ]
     AND
      OR
       '0' < T2.I1 [+]
     SCAN ( PARTITION: P1, FULL SCAN, ACCESS: 8, DISK_PAGE_COUNT: BLOCKED, SELF_ID: 7 )
      [ FILTER ]
      '0' < T2.I1 [+]
    PARTITION-COORDINATOR ( TABLE: T1, PARTITION: 1/1, INDEX: T1_I1, ACCESS: 14, SELF_ID: 2 )
     [ PARTITION KEY ]
     AND
      OR
       T1.I1 > '0'
     [ PARTITION FILTER ]
     OR
      AND
       T1.I1 = T2.I1
       T1.I1 > '0'
     [ VARIABLE KEY ]
     OR
      AND
       T1.I1 = T2.I1
       T1.I1 > '0'
     [ FILTER ]
     T1.I2 > '0'
     SCAN ( PARTITION: P1, RID SCAN, ACCESS: 14, DISK_PAGE_COUNT: BLOCKED, SELF_ID: 6 )
   HASH ( ITEM_SIZE: BLOCKED, ITEM_COUNT: 4, DISK_PAGE_COUNT: BLOCKED, ACCESS: 7, SELF_ID: 11, REF_ID: 4 )
    [ FILTER ]
    T1.I1 = T3.I1
    PARTITION-COORDINATOR ( TABLE: T3, PARTITION: 1/1, ACCESS: 4, SELF_ID: 4 )
     [ PARTITION KEY ]
     AND
      OR
       '0' < T3.I1 [+]
     SCAN ( PARTITION: P1, FULL SCAN, ACCESS: 5, DISK_PAGE_COUNT: BLOCKED, SELF_ID: 8 )
      [ FILTER ]
      '0' < T3.I1 [+]
  PARTITION-COORDINATOR ( TABLE: T4, PARTITION: 1/1, ACCESS: 35, SELF_ID: 5 )
   SCAN ( PARTITION: P1, FULL SCAN, ACCESS: 35, DISK_PAGE_COUNT: BLOCKED, SELF_ID: 9 )
------------------------------------------------------------


$P0> SELECT * FROM T1, T2, T3 
                   WHERE T1.I1 = T3.I2 AND T2.I1 = T3.I1 
                   AND T3.I2 > '0' AND T3.I1 > '0';
T1.I1  T1.I2  T2.I1  T2.I2  T3.I1  T3.I2  
-------------------------------------------------
1    1    1    1    1    1    
1    1    1         1    1    
1    1    3    2    3    1    
1    1    4    8    4    1    
4 rows selected.
------------------------------------------------------------
PROJECT ( COLUMN_COUNT: 6, TUPLE_SIZE: 35 )
 JOIN
  JOIN
   PARTITION-COORDINATOR ( TABLE: T2, PARTITION: 1/1, ACCESS: 8, SELF_ID: 3 )
    [ PARTITION KEY ]
    AND
     OR
      '0' < T2.I1 [+]
    SCAN ( PARTITION: P1, FULL SCAN, ACCESS: 8, DISK_PAGE_COUNT: BLOCKED, SELF_ID: 6 )
     [ FILTER ]
     '0' < T2.I1 [+]
   HASH ( ITEM_SIZE: BLOCKED, ITEM_COUNT: 3, DISK_PAGE_COUNT: BLOCKED, ACCESS: 4, SELF_ID: 8, REF_ID: 4 )
    [ FILTER ]
    T2.I1 = T3.I1
    PARTITION-COORDINATOR ( TABLE: T3, PARTITION: 1/1, ACCESS: 3, SELF_ID: 4 )
     [ PARTITION KEY ]
     AND
      OR
       T3.I1 > '0'
     SCAN ( PARTITION: P1, FULL SCAN, ACCESS: 5, DISK_PAGE_COUNT: BLOCKED, SELF_ID: 7 )
      [ FILTER ]
      AND
       T3.I1 > '0'
       T3.I2 > '0'
  PARTITION-COORDINATOR ( TABLE: T1, PARTITION: 1/1, INDEX: T1_I1, ACCESS: 4, SELF_ID: 2 )
   [ PARTITION FILTER ]
   OR
    AND
     T1.I1 = T3.I2
   [ VARIABLE KEY ]
   OR
    AND
     T1.I1 = T3.I2
   SCAN ( PARTITION: P1, RID SCAN, ACCESS: 4, DISK_PAGE_COUNT: BLOCKED, SELF_ID: 5 )
------------------------------------------------------------

$P0> SELECT * FROM T1, T2, T3, T4
                   WHERE T1.I1 = T3.I2 AND T2.I1 = T3.I1 AND T1.I2 = T4.I2
                   AND T3.I2 > '0' AND T3.I1 > '0';
T1.I1  T1.I2  T2.I1  T2.I2  T3.I1  T3.I2  T4.I1  T4.I2  
-----------------------------------------------------------------
1    1    1         1    1    2    1    
1    1    1    1    1    1    2    1    
1    1    3    2    3    1    2    1    
1    1    4    8    4    1    2    1    
4 rows selected.
------------------------------------------------------------
PROJECT ( COLUMN_COUNT: 8, TUPLE_SIZE: 47 )
 JOIN
  JOIN
   JOIN
    PARTITION-COORDINATOR ( TABLE: T3, PARTITION: 1/1, ACCESS: 3, SELF_ID: 4 )
     [ PARTITION KEY ]
     AND
      OR
       T3.I1 > '0'
     SCAN ( PARTITION: P1, FULL SCAN, ACCESS: 5, DISK_PAGE_COUNT: BLOCKED, SELF_ID: 8 )
      [ FILTER ]
      AND
       T3.I1 > '0'
       T3.I2 > '0'
    PARTITION-COORDINATOR ( TABLE: T1, PARTITION: 1/1, INDEX: T1_I1, ACCESS: 3, SELF_ID: 2 )
     [ PARTITION FILTER ]
     OR
      AND
       T1.I1 = T3.I2
     [ VARIABLE KEY ]
     OR
      AND
       T1.I1 = T3.I2
     SCAN ( PARTITION: P1, RID SCAN, ACCESS: 3, DISK_PAGE_COUNT: BLOCKED, SELF_ID: 6 )
   HASH ( ITEM_SIZE: BLOCKED, ITEM_COUNT: 8, DISK_PAGE_COUNT: BLOCKED, ACCESS: 4, SELF_ID: 11, REF_ID: 3 )
    [ FILTER ]
    T2.I1 = T3.I1
    PARTITION-COORDINATOR ( TABLE: T2, PARTITION: 1/1, ACCESS: 8, SELF_ID: 3 )
     [ PARTITION KEY ]
     AND
      OR
       '0' < T2.I1 [+]
     SCAN ( PARTITION: P1, FULL SCAN, ACCESS: 8, DISK_PAGE_COUNT: BLOCKED, SELF_ID: 7 )
      [ FILTER ]
      '0' < T2.I1 [+]
  HASH ( ITEM_SIZE: BLOCKED, ITEM_COUNT: 5, DISK_PAGE_COUNT: BLOCKED, ACCESS: 4, SELF_ID: 12, REF_ID: 5 )
   [ FILTER ]
   T1.I2 = T4.I2
   PARTITION-COORDINATOR ( TABLE: T4, PARTITION: 1/1, ACCESS: 5, SELF_ID: 5 )
    SCAN ( PARTITION: P1, FULL SCAN, ACCESS: 5, DISK_PAGE_COUNT: BLOCKED, SELF_ID: 9 )
------------------------------------------------------------

$P0> ALTER SESSION SET EXPLAIN PLAN=OFF;
Alter success.
$P0> ALTER SESSION SET TRCLOG_DETAIL_PREDICATE=0;
Alter success.

$P0> DROP TABLE T1;
Drop success.
$P0> DROP TABLE T2;
Drop success.
$P0> DROP TABLE T3;
Drop success.
$P0> DROP TABLE T4;
Drop success.

# ==> [query.sql] END <=
# ==> [query.sql] BEGIN <=
--+SKIP BEGIN; 
$P0> DROP TABLE T1;
$P0> DROP TABLE T2;
$P0> DROP TABLE T3;
$P0> DROP TABLE T4;
--+SKIP END; 

$P0> CREATE TABLE T1 ( I1 VARCHAR(3) VARIABLE, I2 VARCHAR(3) FIXED ) PARTITION BY RANGE(I1) ( PARTITION P1 VALUES DEFAULT TABLESPACE PDT_TBS ) TABLESPACE SYS_TBS_DISK_DATA;
Create success.
$P0> CREATE TABLE T2 ( I1 VARCHAR(3) VARIABLE, I2 VARCHAR(3) FIXED ) PARTITION BY RANGE(I1) ( PARTITION P1 VALUES DEFAULT TABLESPACE PDT_TBS ) TABLESPACE SYS_TBS_DISK_DATA;
Create success.
$P0> CREATE TABLE T3 ( I1 VARCHAR(3) VARIABLE, I2 VARCHAR(3) FIXED ) PARTITION BY RANGE(I1) ( PARTITION P1 VALUES DEFAULT TABLESPACE PDT_TBS ) TABLESPACE SYS_TBS_DISK_DATA;
Create success.
$P0> CREATE TABLE T4 ( I1 VARCHAR(3) VARIABLE, I2 VARCHAR(3) FIXED ) PARTITION BY RANGE(I1) ( PARTITION P1 VALUES DEFAULT TABLESPACE PDT_TBS ) TABLESPACE SYS_TBS_DISK_DATA;
Create success.


$P0> CREATE INDEX T1_I1 ON T1(I1);
Create success.
$P0> CREATE INDEX T1_I2 ON T1(I2);
Create success.

$P0> INSERT INTO T1 VALUES (1, 1);
1 row inserted.
$P0> INSERT INTO T1 VALUES (2, 2);
1 row inserted.
$P0> INSERT INTO T1 VALUES (0, 3);
1 row inserted.
$P0> INSERT INTO T1 VALUES (2, 4);
1 row inserted.
$P0> INSERT INTO T1 VALUES (3, 1);
1 row inserted.
$P0> INSERT INTO T1 VALUES (3, 1);
1 row inserted.
$P0> INSERT INTO T1 VALUES (4, 2);
1 row inserted.
$P0> INSERT INTO T1 VALUES (2, NULL);
1 row inserted.

$P0> INSERT INTO T2 VALUES (1, 1);
1 row inserted.
$P0> INSERT INTO T2 VALUES (2, 2);
1 row inserted.
$P0> INSERT INTO T2 VALUES (1, NULL);
1 row inserted.
$P0> INSERT INTO T2 VALUES (2, 4);
1 row inserted.
$P0> INSERT INTO T2 VALUES (3, 2);
1 row inserted.
$P0> INSERT INTO T2 VALUES (4, 8);
1 row inserted.
$P0> INSERT INTO T2 VALUES (2, 2);
1 row inserted.
$P0> INSERT INTO T2 VALUES (5, 4);
1 row inserted.

$P0> INSERT INTO T3 VALUES (1, 1);
1 row inserted.
$P0> INSERT INTO T3 VALUES (0, 3);
1 row inserted.
$P0> INSERT INTO T3 VALUES (3, 1);
1 row inserted.
$P0> INSERT INTO T3 VALUES (4, 1);
1 row inserted.
$P0> INSERT INTO T3 VALUES (3, NULL);
1 row inserted.

$P0> INSERT INTO T4 VALUES (1, NULL);
1 row inserted.
$P0> INSERT INTO T4 VALUES (2, 1);
1 row inserted.
$P0> INSERT INTO T4 VALUES (3, 2);
1 row inserted.
$P0> INSERT INTO T4 VALUES (2, 2);
1 row inserted.
$P0> INSERT INTO T4 VALUES (5, 4);
1 row inserted.

$P0> ALTER SESSION SET EXPLAIN PLAN=ON;
Alter success.
$P0> ALTER SESSION SET TRCLOG_DETAIL_PREDICATE=1;
Alter success.

$P0> SELECT * FROM T1, T2, T3 
                   WHERE T1.I1 = T2.I1 AND T1.I1 = T3.I1 
                   AND T1.I1 > '0' AND T1.I2 > '0';
T1.I1  T1.I2  T2.I1  T2.I2  T3.I1  T3.I2  
-------------------------------------------------
1    1    1    1    1    1    
1    1    1         1    1    
3    1    3    2    3         
3    1    3    2    3    1    
3    1    3    2    3         
3    1    3    2    3    1    
4    2    4    8    4    1    
7 rows selected.
------------------------------------------------------------
PROJECT ( COLUMN_COUNT: 6, TUPLE_SIZE: 35 )
 JOIN
  JOIN
   PARTITION-COORDINATOR ( TABLE: T2, PARTITION: 1/1, ACCESS: 8, SELF_ID: 3 )
    [ PARTITION KEY ]
    AND
     OR
      '0' < T2.I1 [+]
    SCAN ( PARTITION: P1, FULL SCAN, ACCESS: 8, DISK_PAGE_COUNT: BLOCKED, SELF_ID: 6 )
     [ FILTER ]
     '0' < T2.I1 [+]
   PARTITION-COORDINATOR ( TABLE: T1, PARTITION: 1/1, INDEX: T1_I1, ACCESS: 14, SELF_ID: 2 )
    [ PARTITION KEY ]
    AND
     OR
      T1.I1 > '0'
    [ PARTITION FILTER ]
    OR
     AND
      T1.I1 = T2.I1
      T1.I1 > '0'
    [ VARIABLE KEY ]
    OR
     AND
      T1.I1 = T2.I1
      T1.I1 > '0'
    [ FILTER ]
    T1.I2 > '0'
    SCAN ( PARTITION: P1, RID SCAN, ACCESS: 14, DISK_PAGE_COUNT: BLOCKED, SELF_ID: 5 )
  HASH ( ITEM_SIZE: BLOCKED, ITEM_COUNT: 4, DISK_PAGE_COUNT: BLOCKED, ACCESS: 7, SELF_ID: 9, REF_ID: 4 )
   [ FILTER ]
   T1.I1 = T3.I1
   PARTITION-COORDINATOR ( TABLE: T3, PARTITION: 1/1, ACCESS: 4, SELF_ID: 4 )
    [ PARTITION KEY ]
    AND
     OR
      '0' < T3.I1 [+]
    SCAN ( PARTITION: P1, FULL SCAN, ACCESS: 5, DISK_PAGE_COUNT: BLOCKED, SELF_ID: 7 )
     [ FILTER ]
     '0' < T3.I1 [+]
------------------------------------------------------------


$P0> SELECT * FROM T1, T2, T3, T4 
                   WHERE T1.I1 = T2.I1 AND T1.I1 = T3.I1 
                   AND T1.I1 > '0' AND T1.I2 > '0';
T1.I1  T1.I2  T2.I1  T2.I2  T3.I1  T3.I2  T4.I1  T4.I2  
-----------------------------------------------------------------
1    1    1    1    1    1    1         
1    1    1    1    1    1    2    1    
1    1    1    1    1    1    3    2    
1    1    1    1    1    1    2    2    
1    1    1    1    1    1    5    4    
1    1    1         1    1    1         
1    1    1         1    1    2    1    
1    1    1         1    1    3    2    
1    1    1         1    1    2    2    
1    1    1         1    1    5    4    
3    1    3    2    3         1         
3    1    3    2    3         2    1    
3    1    3    2    3         3    2    
3    1    3    2    3         2    2    
3    1    3    2    3         5    4    
3    1    3    2    3    1    1         
3    1    3    2    3    1    2    1    
3    1    3    2    3    1    3    2    
3    1    3    2    3    1    2    2    
3    1    3    2    3    1    5    4    
3    1    3    2    3         1         
3    1    3    2    3         2    1    
3    1    3    2    3         3    2    
3    1    3    2    3         2    2    
3    1    3    2    3         5    4    
3    1    3    2    3    1    1         
3    1    3    2    3    1    2    1    
3    1    3    2    3    1    3    2    
3    1    3    2    3    1    2    2    
3    1    3    2    3    1    5    4    
4    2    4    8    4    1    1         
4    2    4    8    4    1    2    1    
4    2    4    8    4    1    3    2    
4    2    4    8    4    1    2    2    
4    2    4    8    4    1    5    4    
35 rows selected.
------------------------------------------------------------
PROJECT ( COLUMN_COUNT: 8, TUPLE_SIZE: 47 )
 JOIN
  JOIN
   JOIN
    PARTITION-COORDINATOR ( TABLE: T2, PARTITION: 1/1, ACCESS: 8, SELF_ID: 3 )
     [ PARTITION KEY ]
     AND
      OR
       '0' < T2.I1 [+]
     SCAN ( PARTITION: P1, FULL SCAN, ACCESS: 8, DISK_PAGE_COUNT: BLOCKED, SELF_ID: 7 )
      [ FILTER ]
      '0' < T2.I1 [+]
    PARTITION-COORDINATOR ( TABLE: T1, PARTITION: 1/1, INDEX: T1_I1, ACCESS: 14, SELF_ID: 2 )
     [ PARTITION KEY ]
     AND
      OR
       T1.I1 > '0'
     [ PARTITION FILTER ]
     OR
      AND
       T1.I1 = T2.I1
       T1.I1 > '0'
     [ VARIABLE KEY ]
     OR
      AND
       T1.I1 = T2.I1
       T1.I1 > '0'
     [ FILTER ]
     T1.I2 > '0'
     SCAN ( PARTITION: P1, RID SCAN, ACCESS: 14, DISK_PAGE_COUNT: BLOCKED, SELF_ID: 6 )
   HASH ( ITEM_SIZE: BLOCKED, ITEM_COUNT: 4, DISK_PAGE_COUNT: BLOCKED, ACCESS: 7, SELF_ID: 11, REF_ID: 4 )
    [ FILTER ]
    T1.I1 = T3.I1
    PARTITION-COORDINATOR ( TABLE: T3, PARTITION: 1/1, ACCESS: 4, SELF_ID: 4 )
     [ PARTITION KEY ]
     AND
      OR
       '0' < T3.I1 [+]
     SCAN ( PARTITION: P1, FULL SCAN, ACCESS: 5, DISK_PAGE_COUNT: BLOCKED, SELF_ID: 8 )
      [ FILTER ]
      '0' < T3.I1 [+]
  PARTITION-COORDINATOR ( TABLE: T4, PARTITION: 1/1, ACCESS: 35, SELF_ID: 5 )
   SCAN ( PARTITION: P1, FULL SCAN, ACCESS: 35, DISK_PAGE_COUNT: BLOCKED, SELF_ID: 9 )
------------------------------------------------------------


$P0> SELECT * FROM T1, T2, T3 
                   WHERE T1.I1 = T3.I2 AND T2.I1 = T3.I1 
                   AND T3.I2 > '0' AND T3.I1 > '0';
T1.I1  T1.I2  T2.I1  T2.I2  T3.I1  T3.I2  
-------------------------------------------------
1    1    1    1    1    1    
1    1    1         1    1    
1    1    3    2    3    1    
1    1    4    8    4    1    
4 rows selected.
------------------------------------------------------------
PROJECT ( COLUMN_COUNT: 6, TUPLE_SIZE: 35 )
 JOIN
  JOIN
   PARTITION-COORDINATOR ( TABLE: T2, PARTITION: 1/1, ACCESS: 8, SELF_ID: 3 )
    [ PARTITION KEY ]
    AND
     OR
      '0' < T2.I1 [+]
    SCAN ( PARTITION: P1, FULL SCAN, ACCESS: 8, DISK_PAGE_COUNT: BLOCKED, SELF_ID: 6 )
     [ FILTER ]
     '0' < T2.I1 [+]
   HASH ( ITEM_SIZE: BLOCKED, ITEM_COUNT: 3, DISK_PAGE_COUNT: BLOCKED, ACCESS: 4, SELF_ID: 8, REF_ID: 4 )
    [ FILTER ]
    T2.I1 = T3.I1
    PARTITION-COORDINATOR ( TABLE: T3, PARTITION: 1/1, ACCESS: 3, SELF_ID: 4 )
     [ PARTITION KEY ]
     AND
      OR
       T3.I1 > '0'
     SCAN ( PARTITION: P1, FULL SCAN, ACCESS: 5, DISK_PAGE_COUNT: BLOCKED, SELF_ID: 7 )
      [ FILTER ]
      AND
       T3.I1 > '0'
       T3.I2 > '0'
  PARTITION-COORDINATOR ( TABLE: T1, PARTITION: 1/1, INDEX: T1_I1, ACCESS: 4, SELF_ID: 2 )
   [ PARTITION FILTER ]
   OR
    AND
     T1.I1 = T3.I2
   [ VARIABLE KEY ]
   OR
    AND
     T1.I1 = T3.I2
   SCAN ( PARTITION: P1, RID SCAN, ACCESS: 4, DISK_PAGE_COUNT: BLOCKED, SELF_ID: 5 )
------------------------------------------------------------

$P0> SELECT * FROM T1, T2, T3, T4
                   WHERE T1.I1 = T3.I2 AND T2.I1 = T3.I1 AND T1.I2 = T4.I2
                   AND T3.I2 > '0' AND T3.I1 > '0';
T1.I1  T1.I2  T2.I1  T2.I2  T3.I1  T3.I2  T4.I1  T4.I2  
-----------------------------------------------------------------
1    1    1         1    1    2    1    
1    1    1    1    1    1    2    1    
1    1    3    2    3    1    2    1    
1    1    4    8    4    1    2    1    
4 rows selected.
------------------------------------------------------------
PROJECT ( COLUMN_COUNT: 8, TUPLE_SIZE: 47 )
 JOIN
  JOIN
   JOIN
    PARTITION-COORDINATOR ( TABLE: T3, PARTITION: 1/1, ACCESS: 3, SELF_ID: 4 )
     [ PARTITION KEY ]
     AND
      OR
       T3.I1 > '0'
     SCAN ( PARTITION: P1, FULL SCAN, ACCESS: 5, DISK_PAGE_COUNT: BLOCKED, SELF_ID: 8 )
      [ FILTER ]
      AND
       T3.I1 > '0'
       T3.I2 > '0'
    PARTITION-COORDINATOR ( TABLE: T1, PARTITION: 1/1, INDEX: T1_I1, ACCESS: 3, SELF_ID: 2 )
     [ PARTITION FILTER ]
     OR
      AND
       T1.I1 = T3.I2
     [ VARIABLE KEY ]
     OR
      AND
       T1.I1 = T3.I2
     SCAN ( PARTITION: P1, RID SCAN, ACCESS: 3, DISK_PAGE_COUNT: BLOCKED, SELF_ID: 6 )
   HASH ( ITEM_SIZE: BLOCKED, ITEM_COUNT: 8, DISK_PAGE_COUNT: BLOCKED, ACCESS: 4, SELF_ID: 11, REF_ID: 3 )
    [ FILTER ]
    T2.I1 = T3.I1
    PARTITION-COORDINATOR ( TABLE: T2, PARTITION: 1/1, ACCESS: 8, SELF_ID: 3 )
     [ PARTITION KEY ]
     AND
      OR
       '0' < T2.I1 [+]
     SCAN ( PARTITION: P1, FULL SCAN, ACCESS: 8, DISK_PAGE_COUNT: BLOCKED, SELF_ID: 7 )
      [ FILTER ]
      '0' < T2.I1 [+]
  HASH ( ITEM_SIZE: BLOCKED, ITEM_COUNT: 5, DISK_PAGE_COUNT: BLOCKED, ACCESS: 4, SELF_ID: 12, REF_ID: 5 )
   [ FILTER ]
   T1.I2 = T4.I2
   PARTITION-COORDINATOR ( TABLE: T4, PARTITION: 1/1, ACCESS: 5, SELF_ID: 5 )
    SCAN ( PARTITION: P1, FULL SCAN, ACCESS: 5, DISK_PAGE_COUNT: BLOCKED, SELF_ID: 9 )
------------------------------------------------------------

$P0> ALTER SESSION SET EXPLAIN PLAN=OFF;
Alter success.
$P0> ALTER SESSION SET TRCLOG_DETAIL_PREDICATE=0;
Alter success.

$P0> DROP TABLE T1;
Drop success.
$P0> DROP TABLE T2;
Drop success.
$P0> DROP TABLE T3;
Drop success.
$P0> DROP TABLE T4;
Drop success.

# ==> [query.sql] END <=
# ==> [query.sql] BEGIN <=
--+SKIP BEGIN; 
$P0> DROP TABLE T1;
$P0> DROP TABLE T2;
$P0> DROP TABLE T3;
$P0> DROP TABLE T4;
--+SKIP END; 

$P0> CREATE TABLE T1 ( I1 VARCHAR(3) VARIABLE, I2 VARCHAR(3) FIXED ) PARTITION BY RANGE(I1) ( PARTITION P1 VALUES DEFAULT TABLESPACE PDT_TBS ) TABLESPACE SYS_TBS_DISK_DATA;
Create success.
$P0> CREATE TABLE T2 ( I1 VARCHAR(3) VARIABLE, I2 VARCHAR(3) FIXED ) PARTITION BY RANGE(I1) ( PARTITION P1 VALUES DEFAULT TABLESPACE PDT_TBS ) TABLESPACE SYS_TBS_DISK_DATA;
Create success.
$P0> CREATE TABLE T3 ( I1 VARCHAR(3) VARIABLE, I2 VARCHAR(3) FIXED ) PARTITION BY RANGE(I1) ( PARTITION P1 VALUES DEFAULT TABLESPACE PDT_TBS ) TABLESPACE SYS_TBS_DISK_DATA;
Create success.
$P0> CREATE TABLE T4 ( I1 VARCHAR(3) VARIABLE, I2 VARCHAR(3) FIXED ) PARTITION BY RANGE(I1) ( PARTITION P1 VALUES DEFAULT TABLESPACE PDT_TBS ) TABLESPACE SYS_TBS_DISK_DATA;
Create success.


$P0> CREATE INDEX T1_I1 ON T1(I1);
Create success.
$P0> CREATE INDEX T1_I2 ON T1(I2);
Create success.

$P0> INSERT INTO T1 VALUES (1, 1);
1 row inserted.
$P0> INSERT INTO T1 VALUES (2, 2);
1 row inserted.
$P0> INSERT INTO T1 VALUES (0, 3);
1 row inserted.
$P0> INSERT INTO T1 VALUES (2, 4);
1 row inserted.
$P0> INSERT INTO T1 VALUES (3, 1);
1 row inserted.
$P0> INSERT INTO T1 VALUES (3, 1);
1 row inserted.
$P0> INSERT INTO T1 VALUES (4, 2);
1 row inserted.
$P0> INSERT INTO T1 VALUES (2, NULL);
1 row inserted.

$P0> INSERT INTO T2 VALUES (1, 1);
1 row inserted.
$P0> INSERT INTO T2 VALUES (2, 2);
1 row inserted.
$P0> INSERT INTO T2 VALUES (1, NULL);
1 row inserted.
$P0> INSERT INTO T2 VALUES (2, 4);
1 row inserted.
$P0> INSERT INTO T2 VALUES (3, 2);
1 row inserted.
$P0> INSERT INTO T2 VALUES (4, 8);
1 row inserted.
$P0> INSERT INTO T2 VALUES (2, 2);
1 row inserted.
$P0> INSERT INTO T2 VALUES (5, 4);
1 row inserted.

$P0> INSERT INTO T3 VALUES (1, 1);
1 row inserted.
$P0> INSERT INTO T3 VALUES (0, 3);
1 row inserted.
$P0> INSERT INTO T3 VALUES (3, 1);
1 row inserted.
$P0> INSERT INTO T3 VALUES (4, 1);
1 row inserted.
$P0> INSERT INTO T3 VALUES (3, NULL);
1 row inserted.

$P0> INSERT INTO T4 VALUES (1, NULL);
1 row inserted.
$P0> INSERT INTO T4 VALUES (2, 1);
1 row inserted.
$P0> INSERT INTO T4 VALUES (3, 2);
1 row inserted.
$P0> INSERT INTO T4 VALUES (2, 2);
1 row inserted.
$P0> INSERT INTO T4 VALUES (5, 4);
1 row inserted.

$P0> ALTER SESSION SET EXPLAIN PLAN=ON;
Alter success.
$P0> ALTER SESSION SET TRCLOG_DETAIL_PREDICATE=1;
Alter success.

$P0> SELECT * FROM T1, T2, T3 
                   WHERE T1.I1 = T2.I1 AND T1.I1 = T3.I1 
                   AND T1.I1 > '0' AND T1.I2 > '0';
T1.I1  T1.I2  T2.I1  T2.I2  T3.I1  T3.I2  
-------------------------------------------------
1    1    1    1    1    1    
1    1    1         1    1    
3    1    3    2    3         
3    1    3    2    3    1    
3    1    3    2    3         
3    1    3    2    3    1    
4    2    4    8    4    1    
7 rows selected.
------------------------------------------------------------
PROJECT ( COLUMN_COUNT: 6, TUPLE_SIZE: 35 )
 JOIN
  JOIN
   PARTITION-COORDINATOR ( TABLE: T2, PARTITION: 1/1, ACCESS: 8, SELF_ID: 3 )
    [ PARTITION KEY ]
    AND
     OR
      '0' < T2.I1 [+]
    SCAN ( PARTITION: P1, FULL SCAN, ACCESS: 8, DISK_PAGE_COUNT: BLOCKED, SELF_ID: 6 )
     [ FILTER ]
     '0' < T2.I1 [+]
   PARTITION-COORDINATOR ( TABLE: T1, PARTITION: 1/1, INDEX: T1_I1, ACCESS: 14, SELF_ID: 2 )
    [ PARTITION KEY ]
    AND
     OR
      T1.I1 > '0'
    [ PARTITION FILTER ]
    OR
     AND
      T1.I1 = T2.I1
      T1.I1 > '0'
    [ VARIABLE KEY ]
    OR
     AND
      T1.I1 = T2.I1
      T1.I1 > '0'
    [ FILTER ]
    T1.I2 > '0'
    SCAN ( PARTITION: P1, RID SCAN, ACCESS: 14, DISK_PAGE_COUNT: BLOCKED, SELF_ID: 5 )
  HASH ( ITEM_SIZE: BLOCKED, ITEM_COUNT: 4, DISK_PAGE_COUNT: BLOCKED, ACCESS: 7, SELF_ID: 9, REF_ID: 4 )
   [ FILTER ]
   T1.I1 = T3.I1
   PARTITION-COORDINATOR ( TABLE: T3, PARTITION: 1/1, ACCESS: 4, SELF_ID: 4 )
    [ PARTITION KEY ]
    AND
     OR
      '0' < T3.I1 [+]
    SCAN ( PARTITION: P1, FULL SCAN, ACCESS: 5, DISK_PAGE_COUNT: BLOCKED, SELF_ID: 7 )
     [ FILTER ]
     '0' < T3.I1 [+]
------------------------------------------------------------


$P0> SELECT * FROM T1, T2, T3, T4 
                   WHERE T1.I1 = T2.I1 AND T1.I1 = T3.I1 
                   AND T1.I1 > '0' AND T1.I2 > '0';
T1.I1  T1.I2  T2.I1  T2.I2  T3.I1  T3.I2  T4.I1  T4.I2  
-----------------------------------------------------------------
1    1    1    1    1    1    1         
1    1    1    1    1    1    2    1    
1    1    1    1    1    1    3    2    
1    1    1    1    1    1    2    2    
1    1    1    1    1    1    5    4    
1    1    1         1    1    1         
1    1    1         1    1    2    1    
1    1    1         1    1    3    2    
1    1    1         1    1    2    2    
1    1    1         1    1    5    4    
3    1    3    2    3         1         
3    1    3    2    3         2    1    
3    1    3    2    3         3    2    
3    1    3    2    3         2    2    
3    1    3    2    3         5    4    
3    1    3    2    3    1    1         
3    1    3    2    3    1    2    1    
3    1    3    2    3    1    3    2    
3    1    3    2    3    1    2    2    
3    1    3    2    3    1    5    4    
3    1    3    2    3         1         
3    1    3    2    3         2    1    
3    1    3    2    3         3    2    
3    1    3    2    3         2    2    
3    1    3    2    3         5    4    
3    1    3    2    3    1    1         
3    1    3    2    3    1    2    1    
3    1    3    2    3    1    3    2    
3    1    3    2    3    1    2    2    
3    1    3    2    3    1    5    4    
4    2    4    8    4    1    1         
4    2    4    8    4    1    2    1    
4    2    4    8    4    1    3    2    
4    2    4    8    4    1    2    2    
4    2    4    8    4    1    5    4    
35 rows selected.
------------------------------------------------------------
PROJECT ( COLUMN_COUNT: 8, TUPLE_SIZE: 47 )
 JOIN
  JOIN
   JOIN
    PARTITION-COORDINATOR ( TABLE: T2, PARTITION: 1/1, ACCESS: 8, SELF_ID: 3 )
     [ PARTITION KEY ]
     AND
      OR
       '0' < T2.I1 [+]
     SCAN ( PARTITION: P1, FULL SCAN, ACCESS: 8, DISK_PAGE_COUNT: BLOCKED, SELF_ID: 7 )
      [ FILTER ]
      '0' < T2.I1 [+]
    PARTITION-COORDINATOR ( TABLE: T1, PARTITION: 1/1, INDEX: T1_I1, ACCESS: 14, SELF_ID: 2 )
     [ PARTITION KEY ]
     AND
      OR
       T1.I1 > '0'
     [ PARTITION FILTER ]
     OR
      AND
       T1.I1 = T2.I1
       T1.I1 > '0'
     [ VARIABLE KEY ]
     OR
      AND
       T1.I1 = T2.I1
       T1.I1 > '0'
     [ FILTER ]
     T1.I2 > '0'
     SCAN ( PARTITION: P1, RID SCAN, ACCESS: 14, DISK_PAGE_COUNT: BLOCKED, SELF_ID: 6 )
   HASH ( ITEM_SIZE: BLOCKED, ITEM_COUNT: 4, DISK_PAGE_COUNT: BLOCKED, ACCESS: 7, SELF_ID: 11, REF_ID: 4 )
    [ FILTER ]
    T1.I1 = T3.I1
    PARTITION-COORDINATOR ( TABLE: T3, PARTITION: 1/1, ACCESS: 4, SELF_ID: 4 )
     [ PARTITION KEY ]
     AND
      OR
       '0' < T3.I1 [+]
     SCAN ( PARTITION: P1, FULL SCAN, ACCESS: 5, DISK_PAGE_COUNT: BLOCKED, SELF_ID: 8 )
      [ FILTER ]
      '0' < T3.I1 [+]
  PARTITION-COORDINATOR ( TABLE: T4, PARTITION: 1/1, ACCESS: 35, SELF_ID: 5 )
   SCAN ( PARTITION: P1, FULL SCAN, ACCESS: 35, DISK_PAGE_COUNT: BLOCKED, SELF_ID: 9 )
------------------------------------------------------------


$P0> SELECT * FROM T1, T2, T3 
                   WHERE T1.I1 = T3.I2 AND T2.I1 = T3.I1 
                   AND T3.I2 > '0' AND T3.I1 > '0';
T1.I1  T1.I2  T2.I1  T2.I2  T3.I1  T3.I2  
-------------------------------------------------
1    1    1    1    1    1    
1    1    1         1    1    
1    1    3    2    3    1    
1    1    4    8    4    1    
4 rows selected.
------------------------------------------------------------
PROJECT ( COLUMN_COUNT: 6, TUPLE_SIZE: 35 )
 JOIN
  JOIN
   PARTITION-COORDINATOR ( TABLE: T2, PARTITION: 1/1, ACCESS: 8, SELF_ID: 3 )
    [ PARTITION KEY ]
    AND
     OR
      '0' < T2.I1 [+]
    SCAN ( PARTITION: P1, FULL SCAN, ACCESS: 8, DISK_PAGE_COUNT: BLOCKED, SELF_ID: 6 )
     [ FILTER ]
     '0' < T2.I1 [+]
   HASH ( ITEM_SIZE: BLOCKED, ITEM_COUNT: 3, DISK_PAGE_COUNT: BLOCKED, ACCESS: 4, SELF_ID: 8, REF_ID: 4 )
    [ FILTER ]
    T2.I1 = T3.I1
    PARTITION-COORDINATOR ( TABLE: T3, PARTITION: 1/1, ACCESS: 3, SELF_ID: 4 )
     [ PARTITION KEY ]
     AND
      OR
       T3.I1 > '0'
     SCAN ( PARTITION: P1, FULL SCAN, ACCESS: 5, DISK_PAGE_COUNT: BLOCKED, SELF_ID: 7 )
      [ FILTER ]
      AND
       T3.I1 > '0'
       T3.I2 > '0'
  PARTITION-COORDINATOR ( TABLE: T1, PARTITION: 1/1, INDEX: T1_I1, ACCESS: 4, SELF_ID: 2 )
   [ PARTITION FILTER ]
   OR
    AND
     T1.I1 = T3.I2
   [ VARIABLE KEY ]
   OR
    AND
     T1.I1 = T3.I2
   SCAN ( PARTITION: P1, RID SCAN, ACCESS: 4, DISK_PAGE_COUNT: BLOCKED, SELF_ID: 5 )
------------------------------------------------------------

$P0> SELECT * FROM T1, T2, T3, T4
                   WHERE T1.I1 = T3.I2 AND T2.I1 = T3.I1 AND T1.I2 = T4.I2
                   AND T3.I2 > '0' AND T3.I1 > '0';
T1.I1  T1.I2  T2.I1  T2.I2  T3.I1  T3.I2  T4.I1  T4.I2  
-----------------------------------------------------------------
1    1    1         1    1    2    1    
1    1    1    1    1    1    2    1    
1    1    3    2    3    1    2    1    
1    1    4    8    4    1    2    1    
4 rows selected.
------------------------------------------------------------
PROJECT ( COLUMN_COUNT: 8, TUPLE_SIZE: 47 )
 JOIN
  JOIN
   JOIN
    PARTITION-COORDINATOR ( TABLE: T3, PARTITION: 1/1, ACCESS: 3, SELF_ID: 4 )
     [ PARTITION KEY ]
     AND
      OR
       T3.I1 > '0'
     SCAN ( PARTITION: P1, FULL SCAN, ACCESS: 5, DISK_PAGE_COUNT: BLOCKED, SELF_ID: 8 )
      [ FILTER ]
      AND
       T3.I1 > '0'
       T3.I2 > '0'
    PARTITION-COORDINATOR ( TABLE: T1, PARTITION: 1/1, INDEX: T1_I1, ACCESS: 3, SELF_ID: 2 )
     [ PARTITION FILTER ]
     OR
      AND
       T1.I1 = T3.I2
     [ VARIABLE KEY ]
     OR
      AND
       T1.I1 = T3.I2
     SCAN ( PARTITION: P1, RID SCAN, ACCESS: 3, DISK_PAGE_COUNT: BLOCKED, SELF_ID: 6 )
   HASH ( ITEM_SIZE: BLOCKED, ITEM_COUNT: 8, DISK_PAGE_COUNT: BLOCKED, ACCESS: 4, SELF_ID: 11, REF_ID: 3 )
    [ FILTER ]
    T2.I1 = T3.I1
    PARTITION-COORDINATOR ( TABLE: T2, PARTITION: 1/1, ACCESS: 8, SELF_ID: 3 )
     [ PARTITION KEY ]
     AND
      OR
       '0' < T2.I1 [+]
     SCAN ( PARTITION: P1, FULL SCAN, ACCESS: 8, DISK_PAGE_COUNT: BLOCKED, SELF_ID: 7 )
      [ FILTER ]
      '0' < T2.I1 [+]
  HASH ( ITEM_SIZE: BLOCKED, ITEM_COUNT: 5, DISK_PAGE_COUNT: BLOCKED, ACCESS: 4, SELF_ID: 12, REF_ID: 5 )
   [ FILTER ]
   T1.I2 = T4.I2
   PARTITION-COORDINATOR ( TABLE: T4, PARTITION: 1/1, ACCESS: 5, SELF_ID: 5 )
    SCAN ( PARTITION: P1, FULL SCAN, ACCESS: 5, DISK_PAGE_COUNT: BLOCKED, SELF_ID: 9 )
------------------------------------------------------------

$P0> ALTER SESSION SET EXPLAIN PLAN=OFF;
Alter success.
$P0> ALTER SESSION SET TRCLOG_DETAIL_PREDICATE=0;
Alter success.

$P0> DROP TABLE T1;
Drop success.
$P0> DROP TABLE T2;
Drop success.
$P0> DROP TABLE T3;
Drop success.
$P0> DROP TABLE T4;
Drop success.

# ==> [query.sql] END <=
# ==> [query.sql] BEGIN <=
--+SKIP BEGIN; 
$P0> DROP TABLE T1;
$P0> DROP TABLE T2;
$P0> DROP TABLE T3;
$P0> DROP TABLE T4;
--+SKIP END; 

$P0> CREATE TABLE T1 ( I1 VARCHAR(3) VARIABLE, I2 VARCHAR(3) FIXED ) PARTITION BY RANGE(I1) ( PARTITION P1 VALUES DEFAULT TABLESPACE PDT_TBS ) TABLESPACE SYS_TBS_DISK_DATA;
Create success.
$P0> CREATE TABLE T2 ( I1 VARCHAR(3) VARIABLE, I2 VARCHAR(3) FIXED ) PARTITION BY RANGE(I1) ( PARTITION P1 VALUES DEFAULT TABLESPACE PDT_TBS ) TABLESPACE SYS_TBS_DISK_DATA;
Create success.
$P0> CREATE TABLE T3 ( I1 VARCHAR(3) VARIABLE, I2 VARCHAR(3) FIXED ) PARTITION BY RANGE(I1) ( PARTITION P1 VALUES DEFAULT TABLESPACE PDT_TBS ) TABLESPACE SYS_TBS_DISK_DATA;
Create success.
$P0> CREATE TABLE T4 ( I1 VARCHAR(3) VARIABLE, I2 VARCHAR(3) FIXED ) PARTITION BY RANGE(I1) ( PARTITION P1 VALUES DEFAULT TABLESPACE PDT_TBS ) TABLESPACE SYS_TBS_DISK_DATA;
Create success.


$P0> CREATE INDEX T1_I1 ON T1(I1);
Create success.
$P0> CREATE INDEX T1_I2 ON T1(I2);
Create success.

$P0> INSERT INTO T1 VALUES (1, 1);
1 row inserted.
$P0> INSERT INTO T1 VALUES (2, 2);
1 row inserted.
$P0> INSERT INTO T1 VALUES (0, 3);
1 row inserted.
$P0> INSERT INTO T1 VALUES (2, 4);
1 row inserted.
$P0> INSERT INTO T1 VALUES (3, 1);
1 row inserted.
$P0> INSERT INTO T1 VALUES (3, 1);
1 row inserted.
$P0> INSERT INTO T1 VALUES (4, 2);
1 row inserted.
$P0> INSERT INTO T1 VALUES (2, NULL);
1 row inserted.

$P0> INSERT INTO T2 VALUES (1, 1);
1 row inserted.
$P0> INSERT INTO T2 VALUES (2, 2);
1 row inserted.
$P0> INSERT INTO T2 VALUES (1, NULL);
1 row inserted.
$P0> INSERT INTO T2 VALUES (2, 4);
1 row inserted.
$P0> INSERT INTO T2 VALUES (3, 2);
1 row inserted.
$P0> INSERT INTO T2 VALUES (4, 8);
1 row inserted.
$P0> INSERT INTO T2 VALUES (2, 2);
1 row inserted.
$P0> INSERT INTO T2 VALUES (5, 4);
1 row inserted.

$P0> INSERT INTO T3 VALUES (1, 1);
1 row inserted.
$P0> INSERT INTO T3 VALUES (0, 3);
1 row inserted.
$P0> INSERT INTO T3 VALUES (3, 1);
1 row inserted.
$P0> INSERT INTO T3 VALUES (4, 1);
1 row inserted.
$P0> INSERT INTO T3 VALUES (3, NULL);
1 row inserted.

$P0> INSERT INTO T4 VALUES (1, NULL);
1 row inserted.
$P0> INSERT INTO T4 VALUES (2, 1);
1 row inserted.
$P0> INSERT INTO T4 VALUES (3, 2);
1 row inserted.
$P0> INSERT INTO T4 VALUES (2, 2);
1 row inserted.
$P0> INSERT INTO T4 VALUES (5, 4);
1 row inserted.

$P0> ALTER SESSION SET EXPLAIN PLAN=ON;
Alter success.
$P0> ALTER SESSION SET TRCLOG_DETAIL_PREDICATE=1;
Alter success.

$P0> SELECT * FROM T1, T2, T3 
                   WHERE T1.I1 = T2.I1 AND T1.I1 = T3.I1 
                   AND T1.I1 > '0' AND T1.I2 > '0';
T1.I1  T1.I2  T2.I1  T2.I2  T3.I1  T3.I2  
-------------------------------------------------
1    1    1    1    1    1    
1    1    1         1    1    
3    1    3    2    3         
3    1    3    2    3    1    
3    1    3    2    3         
3    1    3    2    3    1    
4    2    4    8    4    1    
7 rows selected.
------------------------------------------------------------
PROJECT ( COLUMN_COUNT: 6, TUPLE_SIZE: 35 )
 JOIN
  JOIN
   PARTITION-COORDINATOR ( TABLE: T2, PARTITION: 1/1, ACCESS: 8, SELF_ID: 3 )
    [ PARTITION KEY ]
    AND
     OR
      '0' < T2.I1 [+]
    SCAN ( PARTITION: P1, FULL SCAN, ACCESS: 8, DISK_PAGE_COUNT: BLOCKED, SELF_ID: 6 )
     [ FILTER ]
     '0' < T2.I1 [+]
   PARTITION-COORDINATOR ( TABLE: T1, PARTITION: 1/1, INDEX: T1_I1, ACCESS: 14, SELF_ID: 2 )
    [ PARTITION KEY ]
    AND
     OR
      T1.I1 > '0'
    [ PARTITION FILTER ]
    OR
     AND
      T1.I1 = T2.I1
      T1.I1 > '0'
    [ VARIABLE KEY ]
    OR
     AND
      T1.I1 = T2.I1
      T1.I1 > '0'
    [ FILTER ]
    T1.I2 > '0'
    SCAN ( PARTITION: P1, RID SCAN, ACCESS: 14, DISK_PAGE_COUNT: BLOCKED, SELF_ID: 5 )
  HASH ( ITEM_SIZE: BLOCKED, ITEM_COUNT: 4, DISK_PAGE_COUNT: BLOCKED, ACCESS: 7, SELF_ID: 9, REF_ID: 4 )
   [ FILTER ]
   T1.I1 = T3.I1
   PARTITION-COORDINATOR ( TABLE: T3, PARTITION: 1/1, ACCESS: 4, SELF_ID: 4 )
    [ PARTITION KEY ]
    AND
     OR
      '0' < T3.I1 [+]
    SCAN ( PARTITION: P1, FULL SCAN, ACCESS: 5, DISK_PAGE_COUNT: BLOCKED, SELF_ID: 7 )
     [ FILTER ]
     '0' < T3.I1 [+]
------------------------------------------------------------


$P0> SELECT * FROM T1, T2, T3, T4 
                   WHERE T1.I1 = T2.I1 AND T1.I1 = T3.I1 
                   AND T1.I1 > '0' AND T1.I2 > '0';
T1.I1  T1.I2  T2.I1  T2.I2  T3.I1  T3.I2  T4.I1  T4.I2  
-----------------------------------------------------------------
1    1    1    1    1    1    1         
1    1    1    1    1    1    2    1    
1    1    1    1    1    1    3    2    
1    1    1    1    1    1    2    2    
1    1    1    1    1    1    5    4    
1    1    1         1    1    1         
1    1    1         1    1    2    1    
1    1    1         1    1    3    2    
1    1    1         1    1    2    2    
1    1    1         1    1    5    4    
3    1    3    2    3         1         
3    1    3    2    3         2    1    
3    1    3    2    3         3    2    
3    1    3    2    3         2    2    
3    1    3    2    3         5    4    
3    1    3    2    3    1    1         
3    1    3    2    3    1    2    1    
3    1    3    2    3    1    3    2    
3    1    3    2    3    1    2    2    
3    1    3    2    3    1    5    4    
3    1    3    2    3         1         
3    1    3    2    3         2    1    
3    1    3    2    3         3    2    
3    1    3    2    3         2    2    
3    1    3    2    3         5    4    
3    1    3    2    3    1    1         
3    1    3    2    3    1    2    1    
3    1    3    2    3    1    3    2    
3    1    3    2    3    1    2    2    
3    1    3    2    3    1    5    4    
4    2    4    8    4    1    1         
4    2    4    8    4    1    2    1    
4    2    4    8    4    1    3    2    
4    2    4    8    4    1    2    2    
4    2    4    8    4    1    5    4    
35 rows selected.
------------------------------------------------------------
PROJECT ( COLUMN_COUNT: 8, TUPLE_SIZE: 47 )
 JOIN
  JOIN
   JOIN
    PARTITION-COORDINATOR ( TABLE: T2, PARTITION: 1/1, ACCESS: 8, SELF_ID: 3 )
     [ PARTITION KEY ]
     AND
      OR
       '0' < T2.I1 [+]
     SCAN ( PARTITION: P1, FULL SCAN, ACCESS: 8, DISK_PAGE_COUNT: BLOCKED, SELF_ID: 7 )
      [ FILTER ]
      '0' < T2.I1 [+]
    PARTITION-COORDINATOR ( TABLE: T1, PARTITION: 1/1, INDEX: T1_I1, ACCESS: 14, SELF_ID: 2 )
     [ PARTITION KEY ]
     AND
      OR
       T1.I1 > '0'
     [ PARTITION FILTER ]
     OR
      AND
       T1.I1 = T2.I1
       T1.I1 > '0'
     [ VARIABLE KEY ]
     OR
      AND
       T1.I1 = T2.I1
       T1.I1 > '0'
     [ FILTER ]
     T1.I2 > '0'
     SCAN ( PARTITION: P1, RID SCAN, ACCESS: 14, DISK_PAGE_COUNT: BLOCKED, SELF_ID: 6 )
   HASH ( ITEM_SIZE: BLOCKED, ITEM_COUNT: 4, DISK_PAGE_COUNT: BLOCKED, ACCESS: 7, SELF_ID: 11, REF_ID: 4 )
    [ FILTER ]
    T1.I1 = T3.I1
    PARTITION-COORDINATOR ( TABLE: T3, PARTITION: 1/1, ACCESS: 4, SELF_ID: 4 )
     [ PARTITION KEY ]
     AND
      OR
       '0' < T3.I1 [+]
     SCAN ( PARTITION: P1, FULL SCAN, ACCESS: 5, DISK_PAGE_COUNT: BLOCKED, SELF_ID: 8 )
      [ FILTER ]
      '0' < T3.I1 [+]
  PARTITION-COORDINATOR ( TABLE: T4, PARTITION: 1/1, ACCESS: 35, SELF_ID: 5 )
   SCAN ( PARTITION: P1, FULL SCAN, ACCESS: 35, DISK_PAGE_COUNT: BLOCKED, SELF_ID: 9 )
------------------------------------------------------------


$P0> SELECT * FROM T1, T2, T3 
                   WHERE T1.I1 = T3.I2 AND T2.I1 = T3.I1 
                   AND T3.I2 > '0' AND T3.I1 > '0';
T1.I1  T1.I2  T2.I1  T2.I2  T3.I1  T3.I2  
-------------------------------------------------
1    1    1    1    1    1    
1    1    1         1    1    
1    1    3    2    3    1    
1    1    4    8    4    1    
4 rows selected.
------------------------------------------------------------
PROJECT ( COLUMN_COUNT: 6, TUPLE_SIZE: 35 )
 JOIN
  JOIN
   PARTITION-COORDINATOR ( TABLE: T2, PARTITION: 1/1, ACCESS: 8, SELF_ID: 3 )
    [ PARTITION KEY ]
    AND
     OR
      '0' < T2.I1 [+]
    SCAN ( PARTITION: P1, FULL SCAN, ACCESS: 8, DISK_PAGE_COUNT: BLOCKED, SELF_ID: 6 )
     [ FILTER ]
     '0' < T2.I1 [+]
   HASH ( ITEM_SIZE: BLOCKED, ITEM_COUNT: 3, DISK_PAGE_COUNT: BLOCKED, ACCESS: 4, SELF_ID: 8, REF_ID: 4 )
    [ FILTER ]
    T2.I1 = T3.I1
    PARTITION-COORDINATOR ( TABLE: T3, PARTITION: 1/1, ACCESS: 3, SELF_ID: 4 )
     [ PARTITION KEY ]
     AND
      OR
       T3.I1 > '0'
     SCAN ( PARTITION: P1, FULL SCAN, ACCESS: 5, DISK_PAGE_COUNT: BLOCKED, SELF_ID: 7 )
      [ FILTER ]
      AND
       T3.I1 > '0'
       T3.I2 > '0'
  PARTITION-COORDINATOR ( TABLE: T1, PARTITION: 1/1, INDEX: T1_I1, ACCESS: 4, SELF_ID: 2 )
   [ PARTITION FILTER ]
   OR
    AND
     T1.I1 = T3.I2
   [ VARIABLE KEY ]
   OR
    AND
     T1.I1 = T3.I2
   SCAN ( PARTITION: P1, RID SCAN, ACCESS: 4, DISK_PAGE_COUNT: BLOCKED, SELF_ID: 5 )
------------------------------------------------------------

$P0> SELECT * FROM T1, T2, T3, T4
                   WHERE T1.I1 = T3.I2 AND T2.I1 = T3.I1 AND T1.I2 = T4.I2
                   AND T3.I2 > '0' AND T3.I1 > '0';
T1.I1  T1.I2  T2.I1  T2.I2  T3.I1  T3.I2  T4.I1  T4.I2  
-----------------------------------------------------------------
1    1    1         1    1    2    1    
1    1    1    1    1    1    2    1    
1    1    3    2    3    1    2    1    
1    1    4    8    4    1    2    1    
4 rows selected.
------------------------------------------------------------
PROJECT ( COLUMN_COUNT: 8, TUPLE_SIZE: 47 )
 JOIN
  JOIN
   JOIN
    PARTITION-COORDINATOR ( TABLE: T3, PARTITION: 1/1, ACCESS: 3, SELF_ID: 4 )
     [ PARTITION KEY ]
     AND
      OR
       T3.I1 > '0'
     SCAN ( PARTITION: P1, FULL SCAN, ACCESS: 5, DISK_PAGE_COUNT: BLOCKED, SELF_ID: 8 )
      [ FILTER ]
      AND
       T3.I1 > '0'
       T3.I2 > '0'
    PARTITION-COORDINATOR ( TABLE: T1, PARTITION: 1/1, INDEX: T1_I1, ACCESS: 3, SELF_ID: 2 )
     [ PARTITION FILTER ]
     OR
      AND
       T1.I1 = T3.I2
     [ VARIABLE KEY ]
     OR
      AND
       T1.I1 = T3.I2
     SCAN ( PARTITION: P1, RID SCAN, ACCESS: 3, DISK_PAGE_COUNT: BLOCKED, SELF_ID: 6 )
   HASH ( ITEM_SIZE: BLOCKED, ITEM_COUNT: 8, DISK_PAGE_COUNT: BLOCKED, ACCESS: 4, SELF_ID: 11, REF_ID: 3 )
    [ FILTER ]
    T2.I1 = T3.I1
    PARTITION-COORDINATOR ( TABLE: T2, PARTITION: 1/1, ACCESS: 8, SELF_ID: 3 )
     [ PARTITION KEY ]
     AND
      OR
       '0' < T2.I1 [+]
     SCAN ( PARTITION: P1, FULL SCAN, ACCESS: 8, DISK_PAGE_COUNT: BLOCKED, SELF_ID: 7 )
      [ FILTER ]
      '0' < T2.I1 [+]
  HASH ( ITEM_SIZE: BLOCKED, ITEM_COUNT: 5, DISK_PAGE_COUNT: BLOCKED, ACCESS: 4, SELF_ID: 12, REF_ID: 5 )
   [ FILTER ]
   T1.I2 = T4.I2
   PARTITION-COORDINATOR ( TABLE: T4, PARTITION: 1/1, ACCESS: 5, SELF_ID: 5 )
    SCAN ( PARTITION: P1, FULL SCAN, ACCESS: 5, DISK_PAGE_COUNT: BLOCKED, SELF_ID: 9 )
------------------------------------------------------------

$P0> ALTER SESSION SET EXPLAIN PLAN=OFF;
Alter success.
$P0> ALTER SESSION SET TRCLOG_DETAIL_PREDICATE=0;
Alter success.

$P0> DROP TABLE T1;
Drop success.
$P0> DROP TABLE T2;
Drop success.
$P0> DROP TABLE T3;
Drop success.
$P0> DROP TABLE T4;
Drop success.

# ==> [query.sql] END <=
# ==> [query.sql] BEGIN <=
--+SKIP BEGIN; 
$P0> DROP TABLE T1;
$P0> DROP TABLE T2;
$P0> DROP TABLE T3;
$P0> DROP TABLE T4;
--+SKIP END; 

$P0> CREATE TABLE T1 ( I1 VARCHAR(3) VARIABLE, I2 VARCHAR(3) FIXED ) PARTITION BY RANGE(I1) ( PARTITION P1 VALUES DEFAULT TABLESPACE PDT_TBS ) TABLESPACE SYS_TBS_DISK_DATA;
Create success.
$P0> CREATE TABLE T2 ( I1 VARCHAR(3) VARIABLE, I2 VARCHAR(3) FIXED ) PARTITION BY RANGE(I1) ( PARTITION P1 VALUES DEFAULT TABLESPACE PDT_TBS ) TABLESPACE SYS_TBS_DISK_DATA;
Create success.
$P0> CREATE TABLE T3 ( I1 VARCHAR(3) VARIABLE, I2 VARCHAR(3) FIXED ) PARTITION BY RANGE(I1) ( PARTITION P1 VALUES DEFAULT TABLESPACE PDT_TBS ) TABLESPACE SYS_TBS_DISK_DATA;
Create success.
$P0> CREATE TABLE T4 ( I1 VARCHAR(3) VARIABLE, I2 VARCHAR(3) FIXED ) PARTITION BY RANGE(I1) ( PARTITION P1 VALUES DEFAULT TABLESPACE PDT_TBS ) TABLESPACE SYS_TBS_DISK_DATA;
Create success.


$P0> CREATE INDEX T1_I1 ON T1(I1);
Create success.
$P0> CREATE INDEX T1_I2 ON T1(I2);
Create success.

$P0> INSERT INTO T1 VALUES (1, 1);
1 row inserted.
$P0> INSERT INTO T1 VALUES (2, 2);
1 row inserted.
$P0> INSERT INTO T1 VALUES (0, 3);
1 row inserted.
$P0> INSERT INTO T1 VALUES (2, 4);
1 row inserted.
$P0> INSERT INTO T1 VALUES (3, 1);
1 row inserted.
$P0> INSERT INTO T1 VALUES (3, 1);
1 row inserted.
$P0> INSERT INTO T1 VALUES (4, 2);
1 row inserted.
$P0> INSERT INTO T1 VALUES (2, NULL);
1 row inserted.

$P0> INSERT INTO T2 VALUES (1, 1);
1 row inserted.
$P0> INSERT INTO T2 VALUES (2, 2);
1 row inserted.
$P0> INSERT INTO T2 VALUES (1, NULL);
1 row inserted.
$P0> INSERT INTO T2 VALUES (2, 4);
1 row inserted.
$P0> INSERT INTO T2 VALUES (3, 2);
1 row inserted.
$P0> INSERT INTO T2 VALUES (4, 8);
1 row inserted.
$P0> INSERT INTO T2 VALUES (2, 2);
1 row inserted.
$P0> INSERT INTO T2 VALUES (5, 4);
1 row inserted.

$P0> INSERT INTO T3 VALUES (1, 1);
1 row inserted.
$P0> INSERT INTO T3 VALUES (0, 3);
1 row inserted.
$P0> INSERT INTO T3 VALUES (3, 1);
1 row inserted.
$P0> INSERT INTO T3 VALUES (4, 1);
1 row inserted.
$P0> INSERT INTO T3 VALUES (3, NULL);
1 row inserted.

$P0> INSERT INTO T4 VALUES (1, NULL);
1 row inserted.
$P0> INSERT INTO T4 VALUES (2, 1);
1 row inserted.
$P0> INSERT INTO T4 VALUES (3, 2);
1 row inserted.
$P0> INSERT INTO T4 VALUES (2, 2);
1 row inserted.
$P0> INSERT INTO T4 VALUES (5, 4);
1 row inserted.

$P0> ALTER SESSION SET EXPLAIN PLAN=ON;
Alter success.
$P0> ALTER SESSION SET TRCLOG_DETAIL_PREDICATE=1;
Alter success.

$P0> SELECT * FROM T1, T2, T3 
                   WHERE T1.I1 = T2.I1 AND T1.I1 = T3.I1 
                   AND T1.I1 > '0' AND T1.I2 > '0';
T1.I1  T1.I2  T2.I1  T2.I2  T3.I1  T3.I2  
-------------------------------------------------
1    1    1    1    1    1    
1    1    1         1    1    
3    1    3    2    3         
3    1    3    2    3    1    
3    1    3    2    3         
3    1    3    2    3    1    
4    2    4    8    4    1    
7 rows selected.
------------------------------------------------------------
PROJECT ( COLUMN_COUNT: 6, TUPLE_SIZE: 35 )
 JOIN
  JOIN
   PARTITION-COORDINATOR ( TABLE: T2, PARTITION: 1/1, ACCESS: 8, SELF_ID: 3 )
    [ PARTITION KEY ]
    AND
     OR
      '0' < T2.I1 [+]
    SCAN ( PARTITION: P1, FULL SCAN, ACCESS: 8, DISK_PAGE_COUNT: BLOCKED, SELF_ID: 6 )
     [ FILTER ]
     '0' < T2.I1 [+]
   PARTITION-COORDINATOR ( TABLE: T1, PARTITION: 1/1, INDEX: T1_I1, ACCESS: 14, SELF_ID: 2 )
    [ PARTITION KEY ]
    AND
     OR
      T1.I1 > '0'
    [ PARTITION FILTER ]
    OR
     AND
      T1.I1 = T2.I1
      T1.I1 > '0'
    [ VARIABLE KEY ]
    OR
     AND
      T1.I1 = T2.I1
      T1.I1 > '0'
    [ FILTER ]
    T1.I2 > '0'
    SCAN ( PARTITION: P1, RID SCAN, ACCESS: 14, DISK_PAGE_COUNT: BLOCKED, SELF_ID: 5 )
  HASH ( ITEM_SIZE: BLOCKED, ITEM_COUNT: 4, DISK_PAGE_COUNT: BLOCKED, ACCESS: 7, SELF_ID: 9, REF_ID: 4 )
   [ FILTER ]
   T1.I1 = T3.I1
   PARTITION-COORDINATOR ( TABLE: T3, PARTITION: 1/1, ACCESS: 4, SELF_ID: 4 )
    [ PARTITION KEY ]
    AND
     OR
      '0' < T3.I1 [+]
    SCAN ( PARTITION: P1, FULL SCAN, ACCESS: 5, DISK_PAGE_COUNT: BLOCKED, SELF_ID: 7 )
     [ FILTER ]
     '0' < T3.I1 [+]
------------------------------------------------------------


$P0> SELECT * FROM T1, T2, T3, T4 
                   WHERE T1.I1 = T2.I1 AND T1.I1 = T3.I1 
                   AND T1.I1 > '0' AND T1.I2 > '0';
T1.I1  T1.I2  T2.I1  T2.I2  T3.I1  T3.I2  T4.I1  T4.I2  
-----------------------------------------------------------------
1    1    1    1    1    1    1         
1    1    1    1    1    1    2    1    
1    1    1    1    1    1    3    2    
1    1    1    1    1    1    2    2    
1    1    1    1    1    1    5    4    
1    1    1         1    1    1         
1    1    1         1    1    2    1    
1    1    1         1    1    3    2    
1    1    1         1    1    2    2    
1    1    1         1    1    5    4    
3    1    3    2    3         1         
3    1    3    2    3         2    1    
3    1    3    2    3         3    2    
3    1    3    2    3         2    2    
3    1    3    2    3         5    4    
3    1    3    2    3    1    1         
3    1    3    2    3    1    2    1    
3    1    3    2    3    1    3    2    
3    1    3    2    3    1    2    2    
3    1    3    2    3    1    5    4    
3    1    3    2    3         1         
3    1    3    2    3         2    1    
3    1    3    2    3         3    2    
3    1    3    2    3         2    2    
3    1    3    2    3         5    4    
3    1    3    2    3    1    1         
3    1    3    2    3    1    2    1    
3    1    3    2    3    1    3    2    
3    1    3    2    3    1    2    2    
3    1    3    2    3    1    5    4    
4    2    4    8    4    1    1         
4    2    4    8    4    1    2    1    
4    2    4    8    4    1    3    2    
4    2    4    8    4    1    2    2    
4    2    4    8    4    1    5    4    
35 rows selected.
------------------------------------------------------------
PROJECT ( COLUMN_COUNT: 8, TUPLE_SIZE: 47 )
 JOIN
  JOIN
   JOIN
    PARTITION-COORDINATOR ( TABLE: T2, PARTITION: 1/1, ACCESS: 8, SELF_ID: 3 )
     [ PARTITION KEY ]
     AND
      OR
       '0' < T2.I1 [+]
     SCAN ( PARTITION: P1, FULL SCAN, ACCESS: 8, DISK_PAGE_COUNT: BLOCKED, SELF_ID: 7 )
      [ FILTER ]
      '0' < T2.I1 [+]
    PARTITION-COORDINATOR ( TABLE: T1, PARTITION: 1/1, INDEX: T1_I1, ACCESS: 14, SELF_ID: 2 )
     [ PARTITION KEY ]
     AND
      OR
       T1.I1 > '0'
     [ PARTITION FILTER ]
     OR
      AND
       T1.I1 = T2.I1
       T1.I1 > '0'
     [ VARIABLE KEY ]
     OR
      AND
       T1.I1 = T2.I1
       T1.I1 > '0'
     [ FILTER ]
     T1.I2 > '0'
     SCAN ( PARTITION: P1, RID SCAN, ACCESS: 14, DISK_PAGE_COUNT: BLOCKED, SELF_ID: 6 )
   HASH ( ITEM_SIZE: BLOCKED, ITEM_COUNT: 4, DISK_PAGE_COUNT: BLOCKED, ACCESS: 7, SELF_ID: 11, REF_ID: 4 )
    [ FILTER ]
    T1.I1 = T3.I1
    PARTITION-COORDINATOR ( TABLE: T3, PARTITION: 1/1, ACCESS: 4, SELF_ID: 4 )
     [ PARTITION KEY ]
     AND
      OR
       '0' < T3.I1 [+]
     SCAN ( PARTITION: P1, FULL SCAN, ACCESS: 5, DISK_PAGE_COUNT: BLOCKED, SELF_ID: 8 )
      [ FILTER ]
      '0' < T3.I1 [+]
  PARTITION-COORDINATOR ( TABLE: T4, PARTITION: 1/1, ACCESS: 35, SELF_ID: 5 )
   SCAN ( PARTITION: P1, FULL SCAN, ACCESS: 35, DISK_PAGE_COUNT: BLOCKED, SELF_ID: 9 )
------------------------------------------------------------


$P0> SELECT * FROM T1, T2, T3 
                   WHERE T1.I1 = T3.I2 AND T2.I1 = T3.I1 
                   AND T3.I2 > '0' AND T3.I1 > '0';
T1.I1  T1.I2  T2.I1  T2.I2  T3.I1  T3.I2  
-------------------------------------------------
1    1    1    1    1    1    
1    1    1         1    1    
1    1    3    2    3    1    
1    1    4    8    4    1    
4 rows selected.
------------------------------------------------------------
PROJECT ( COLUMN_COUNT: 6, TUPLE_SIZE: 35 )
 JOIN
  JOIN
   PARTITION-COORDINATOR ( TABLE: T2, PARTITION: 1/1, ACCESS: 8, SELF_ID: 3 )
    [ PARTITION KEY ]
    AND
     OR
      '0' < T2.I1 [+]
    SCAN ( PARTITION: P1, FULL SCAN, ACCESS: 8, DISK_PAGE_COUNT: BLOCKED, SELF_ID: 6 )
     [ FILTER ]
     '0' < T2.I1 [+]
   HASH ( ITEM_SIZE: BLOCKED, ITEM_COUNT: 3, DISK_PAGE_COUNT: BLOCKED, ACCESS: 4, SELF_ID: 8, REF_ID: 4 )
    [ FILTER ]
    T2.I1 = T3.I1
    PARTITION-COORDINATOR ( TABLE: T3, PARTITION: 1/1, ACCESS: 3, SELF_ID: 4 )
     [ PARTITION KEY ]
     AND
      OR
       T3.I1 > '0'
     SCAN ( PARTITION: P1, FULL SCAN, ACCESS: 5, DISK_PAGE_COUNT: BLOCKED, SELF_ID: 7 )
      [ FILTER ]
      AND
       T3.I1 > '0'
       T3.I2 > '0'
  PARTITION-COORDINATOR ( TABLE: T1, PARTITION: 1/1, INDEX: T1_I1, ACCESS: 4, SELF_ID: 2 )
   [ PARTITION FILTER ]
   OR
    AND
     T1.I1 = T3.I2
   [ VARIABLE KEY ]
   OR
    AND
     T1.I1 = T3.I2
   SCAN ( PARTITION: P1, RID SCAN, ACCESS: 4, DISK_PAGE_COUNT: BLOCKED, SELF_ID: 5 )
------------------------------------------------------------

$P0> SELECT * FROM T1, T2, T3, T4
                   WHERE T1.I1 = T3.I2 AND T2.I1 = T3.I1 AND T1.I2 = T4.I2
                   AND T3.I2 > '0' AND T3.I1 > '0';
T1.I1  T1.I2  T2.I1  T2.I2  T3.I1  T3.I2  T4.I1  T4.I2  
-----------------------------------------------------------------
1    1    1         1    1    2    1    
1    1    1    1    1    1    2    1    
1    1    3    2    3    1    2    1    
1    1    4    8    4    1    2    1    
4 rows selected.
------------------------------------------------------------
PROJECT ( COLUMN_COUNT: 8, TUPLE_SIZE: 47 )
 JOIN
  JOIN
   JOIN
    PARTITION-COORDINATOR ( TABLE: T3, PARTITION: 1/1, ACCESS: 3, SELF_ID: 4 )
     [ PARTITION KEY ]
     AND
      OR
       T3.I1 > '0'
     SCAN ( PARTITION: P1, FULL SCAN, ACCESS: 5, DISK_PAGE_COUNT: BLOCKED, SELF_ID: 8 )
      [ FILTER ]
      AND
       T3.I1 > '0'
       T3.I2 > '0'
    PARTITION-COORDINATOR ( TABLE: T1, PARTITION: 1/1, INDEX: T1_I1, ACCESS: 3, SELF_ID: 2 )
     [ PARTITION FILTER ]
     OR
      AND
       T1.I1 = T3.I2
     [ VARIABLE KEY ]
     OR
      AND
       T1.I1 = T3.I2
     SCAN ( PARTITION: P1, RID SCAN, ACCESS: 3, DISK_PAGE_COUNT: BLOCKED, SELF_ID: 6 )
   HASH ( ITEM_SIZE: BLOCKED, ITEM_COUNT: 8, DISK_PAGE_COUNT: BLOCKED, ACCESS: 4, SELF_ID: 11, REF_ID: 3 )
    [ FILTER ]
    T2.I1 = T3.I1
    PARTITION-COORDINATOR ( TABLE: T2, PARTITION: 1/1, ACCESS: 8, SELF_ID: 3 )
     [ PARTITION KEY ]
     AND
      OR
       '0' < T2.I1 [+]
     SCAN ( PARTITION: P1, FULL SCAN, ACCESS: 8, DISK_PAGE_COUNT: BLOCKED, SELF_ID: 7 )
      [ FILTER ]
      '0' < T2.I1 [+]
  HASH ( ITEM_SIZE: BLOCKED, ITEM_COUNT: 5, DISK_PAGE_COUNT: BLOCKED, ACCESS: 4, SELF_ID: 12, REF_ID: 5 )
   [ FILTER ]
   T1.I2 = T4.I2
   PARTITION-COORDINATOR ( TABLE: T4, PARTITION: 1/1, ACCESS: 5, SELF_ID: 5 )
    SCAN ( PARTITION: P1, FULL SCAN, ACCESS: 5, DISK_PAGE_COUNT: BLOCKED, SELF_ID: 9 )
------------------------------------------------------------

$P0> ALTER SESSION SET EXPLAIN PLAN=OFF;
Alter success.
$P0> ALTER SESSION SET TRCLOG_DETAIL_PREDICATE=0;
Alter success.

$P0> DROP TABLE T1;
Drop success.
$P0> DROP TABLE T2;
Drop success.
$P0> DROP TABLE T3;
Drop success.
$P0> DROP TABLE T4;
Drop success.

# ==> [query.sql] END <=
# ==> [query.sql] BEGIN <=
--+SKIP BEGIN; 
$P0> DROP TABLE T1;
$P0> DROP TABLE T2;
$P0> DROP TABLE T3;
$P0> DROP TABLE T4;
--+SKIP END; 

$P0> CREATE TABLE T1 ( I1 VARCHAR(3) VARIABLE, I2 VARCHAR(3) FIXED ) PARTITION BY RANGE(I1) ( PARTITION P1 VALUES DEFAULT TABLESPACE PDT_TBS ) TABLESPACE SYS_TBS_DISK_DATA;
Create success.
$P0> CREATE TABLE T2 ( I1 VARCHAR(3) VARIABLE, I2 VARCHAR(3) FIXED ) PARTITION BY RANGE(I1) ( PARTITION P1 VALUES DEFAULT TABLESPACE PDT_TBS ) TABLESPACE SYS_TBS_DISK_DATA;
Create success.
$P0> CREATE TABLE T3 ( I1 VARCHAR(3) VARIABLE, I2 VARCHAR(3) FIXED ) PARTITION BY RANGE(I1) ( PARTITION P1 VALUES DEFAULT TABLESPACE PDT_TBS ) TABLESPACE SYS_TBS_DISK_DATA;
Create success.
$P0> CREATE TABLE T4 ( I1 VARCHAR(3) VARIABLE, I2 VARCHAR(3) FIXED ) PARTITION BY RANGE(I1) ( PARTITION P1 VALUES DEFAULT TABLESPACE PDT_TBS ) TABLESPACE SYS_TBS_DISK_DATA;
Create success.


$P0> CREATE INDEX T1_I1 ON T1(I1);
Create success.
$P0> CREATE INDEX T1_I2 ON T1(I2);
Create success.

$P0> INSERT INTO T1 VALUES (1, 1);
1 row inserted.
$P0> INSERT INTO T1 VALUES (2, 2);
1 row inserted.
$P0> INSERT INTO T1 VALUES (0, 3);
1 row inserted.
$P0> INSERT INTO T1 VALUES (2, 4);
1 row inserted.
$P0> INSERT INTO T1 VALUES (3, 1);
1 row inserted.
$P0> INSERT INTO T1 VALUES (3, 1);
1 row inserted.
$P0> INSERT INTO T1 VALUES (4, 2);
1 row inserted.
$P0> INSERT INTO T1 VALUES (2, NULL);
1 row inserted.

$P0> INSERT INTO T2 VALUES (1, 1);
1 row inserted.
$P0> INSERT INTO T2 VALUES (2, 2);
1 row inserted.
$P0> INSERT INTO T2 VALUES (1, NULL);
1 row inserted.
$P0> INSERT INTO T2 VALUES (2, 4);
1 row inserted.
$P0> INSERT INTO T2 VALUES (3, 2);
1 row inserted.
$P0> INSERT INTO T2 VALUES (4, 8);
1 row inserted.
$P0> INSERT INTO T2 VALUES (2, 2);
1 row inserted.
$P0> INSERT INTO T2 VALUES (5, 4);
1 row inserted.

$P0> INSERT INTO T3 VALUES (1, 1);
1 row inserted.
$P0> INSERT INTO T3 VALUES (0, 3);
1 row inserted.
$P0> INSERT INTO T3 VALUES (3, 1);
1 row inserted.
$P0> INSERT INTO T3 VALUES (4, 1);
1 row inserted.
$P0> INSERT INTO T3 VALUES (3, NULL);
1 row inserted.

$P0> INSERT INTO T4 VALUES (1, NULL);
1 row inserted.
$P0> INSERT INTO T4 VALUES (2, 1);
1 row inserted.
$P0> INSERT INTO T4 VALUES (3, 2);
1 row inserted.
$P0> INSERT INTO T4 VALUES (2, 2);
1 row inserted.
$P0> INSERT INTO T4 VALUES (5, 4);
1 row inserted.

$P0> ALTER SESSION SET EXPLAIN PLAN=ON;
Alter success.
$P0> ALTER SESSION SET TRCLOG_DETAIL_PREDICATE=1;
Alter success.

$P0> SELECT * FROM T1, T2, T3 
                   WHERE T1.I1 = T2.I1 AND T1.I1 = T3.I1 
                   AND T1.I1 > '0' AND T1.I2 > '0';
T1.I1  T1.I2  T2.I1  T2.I2  T3.I1  T3.I2  
-------------------------------------------------
1    1    1    1    1    1    
1    1    1         1    1    
3    1    3    2    3         
3    1    3    2    3    1    
3    1    3    2    3         
3    1    3    2    3    1    
4    2    4    8    4    1    
7 rows selected.
------------------------------------------------------------
PROJECT ( COLUMN_COUNT: 6, TUPLE_SIZE: 35 )
 JOIN
  JOIN
   PARTITION-COORDINATOR ( TABLE: T2, PARTITION: 1/1, ACCESS: 8, SELF_ID: 3 )
    [ PARTITION KEY ]
    AND
     OR
      '0' < T2.I1 [+]
    SCAN ( PARTITION: P1, FULL SCAN, ACCESS: 8, DISK_PAGE_COUNT: BLOCKED, SELF_ID: 6 )
     [ FILTER ]
     '0' < T2.I1 [+]
   PARTITION-COORDINATOR ( TABLE: T1, PARTITION: 1/1, INDEX: T1_I1, ACCESS: 14, SELF_ID: 2 )
    [ PARTITION KEY ]
    AND
     OR
      T1.I1 > '0'
    [ PARTITION FILTER ]
    OR
     AND
      T1.I1 = T2.I1
      T1.I1 > '0'
    [ VARIABLE KEY ]
    OR
     AND
      T1.I1 = T2.I1
      T1.I1 > '0'
    [ FILTER ]
    T1.I2 > '0'
    SCAN ( PARTITION: P1, RID SCAN, ACCESS: 14, DISK_PAGE_COUNT: BLOCKED, SELF_ID: 5 )
  HASH ( ITEM_SIZE: BLOCKED, ITEM_COUNT: 4, DISK_PAGE_COUNT: BLOCKED, ACCESS: 7, SELF_ID: 9, REF_ID: 4 )
   [ FILTER ]
   T1.I1 = T3.I1
   PARTITION-COORDINATOR ( TABLE: T3, PARTITION: 1/1, ACCESS: 4, SELF_ID: 4 )
    [ PARTITION KEY ]
    AND
     OR
      '0' < T3.I1 [+]
    SCAN ( PARTITION: P1, FULL SCAN, ACCESS: 5, DISK_PAGE_COUNT: BLOCKED, SELF_ID: 7 )
     [ FILTER ]
     '0' < T3.I1 [+]
------------------------------------------------------------


$P0> SELECT * FROM T1, T2, T3, T4 
                   WHERE T1.I1 = T2.I1 AND T1.I1 = T3.I1 
                   AND T1.I1 > '0' AND T1.I2 > '0';
T1.I1  T1.I2  T2.I1  T2.I2  T3.I1  T3.I2  T4.I1  T4.I2  
-----------------------------------------------------------------
1    1    1    1    1    1    1         
1    1    1    1    1    1    2    1    
1    1    1    1    1    1    3    2    
1    1    1    1    1    1    2    2    
1    1    1    1    1    1    5    4    
1    1    1         1    1    1         
1    1    1         1    1    2    1    
1    1    1         1    1    3    2    
1    1    1         1    1    2    2    
1    1    1         1    1    5    4    
3    1    3    2    3         1         
3    1    3    2    3         2    1    
3    1    3    2    3         3    2    
3    1    3    2    3         2    2    
3    1    3    2    3         5    4    
3    1    3    2    3    1    1         
3    1    3    2    3    1    2    1    
3    1    3    2    3    1    3    2    
3    1    3    2    3    1    2    2    
3    1    3    2    3    1    5    4    
3    1    3    2    3         1         
3    1    3    2    3         2    1    
3    1    3    2    3         3    2    
3    1    3    2    3         2    2    
3    1    3    2    3         5    4    
3    1    3    2    3    1    1         
3    1    3    2    3    1    2    1    
3    1    3    2    3    1    3    2    
3    1    3    2    3    1    2    2    
3    1    3    2    3    1    5    4    
4    2    4    8    4    1    1         
4    2    4    8    4    1    2    1    
4    2    4    8    4    1    3    2    
4    2    4    8    4    1    2    2    
4    2    4    8    4    1    5    4    
35 rows selected.
------------------------------------------------------------
PROJECT ( COLUMN_COUNT: 8, TUPLE_SIZE: 47 )
 JOIN
  JOIN
   JOIN
    PARTITION-COORDINATOR ( TABLE: T2, PARTITION: 1/1, ACCESS: 8, SELF_ID: 3 )
     [ PARTITION KEY ]
     AND
      OR
       '0' < T2.I1 [+]
     SCAN ( PARTITION: P1, FULL SCAN, ACCESS: 8, DISK_PAGE_COUNT: BLOCKED, SELF_ID: 7 )
      [ FILTER ]
      '0' < T2.I1 [+]
    PARTITION-COORDINATOR ( TABLE: T1, PARTITION: 1/1, INDEX: T1_I1, ACCESS: 14, SELF_ID: 2 )
     [ PARTITION KEY ]
     AND
      OR
       T1.I1 > '0'
     [ PARTITION FILTER ]
     OR
      AND
       T1.I1 = T2.I1
       T1.I1 > '0'
     [ VARIABLE KEY ]
     OR
      AND
       T1.I1 = T2.I1
       T1.I1 > '0'
     [ FILTER ]
     T1.I2 > '0'
     SCAN ( PARTITION: P1, RID SCAN, ACCESS: 14, DISK_PAGE_COUNT: BLOCKED, SELF_ID: 6 )
   HASH ( ITEM_SIZE: BLOCKED, ITEM_COUNT: 4, DISK_PAGE_COUNT: BLOCKED, ACCESS: 7, SELF_ID: 11, REF_ID: 4 )
    [ FILTER ]
    T1.I1 = T3.I1
    PARTITION-COORDINATOR ( TABLE: T3, PARTITION: 1/1, ACCESS: 4, SELF_ID: 4 )
     [ PARTITION KEY ]
     AND
      OR
       '0' < T3.I1 [+]
     SCAN ( PARTITION: P1, FULL SCAN, ACCESS: 5, DISK_PAGE_COUNT: BLOCKED, SELF_ID: 8 )
      [ FILTER ]
      '0' < T3.I1 [+]
  PARTITION-COORDINATOR ( TABLE: T4, PARTITION: 1/1, ACCESS: 35, SELF_ID: 5 )
   SCAN ( PARTITION: P1, FULL SCAN, ACCESS: 35, DISK_PAGE_COUNT: BLOCKED, SELF_ID: 9 )
------------------------------------------------------------


$P0> SELECT * FROM T1, T2, T3 
                   WHERE T1.I1 = T3.I2 AND T2.I1 = T3.I1 
                   AND T3.I2 > '0' AND T3.I1 > '0';
T1.I1  T1.I2  T2.I1  T2.I2  T3.I1  T3.I2  
-------------------------------------------------
1    1    1    1    1    1    
1    1    1         1    1    
1    1    3    2    3    1    
1    1    4    8    4    1    
4 rows selected.
------------------------------------------------------------
PROJECT ( COLUMN_COUNT: 6, TUPLE_SIZE: 35 )
 JOIN
  JOIN
   PARTITION-COORDINATOR ( TABLE: T2, PARTITION: 1/1, ACCESS: 8, SELF_ID: 3 )
    [ PARTITION KEY ]
    AND
     OR
      '0' < T2.I1 [+]
    SCAN ( PARTITION: P1, FULL SCAN, ACCESS: 8, DISK_PAGE_COUNT: BLOCKED, SELF_ID: 6 )
     [ FILTER ]
     '0' < T2.I1 [+]
   HASH ( ITEM_SIZE: BLOCKED, ITEM_COUNT: 3, DISK_PAGE_COUNT: BLOCKED, ACCESS: 4, SELF_ID: 8, REF_ID: 4 )
    [ FILTER ]
    T2.I1 = T3.I1
    PARTITION-COORDINATOR ( TABLE: T3, PARTITION: 1/1, ACCESS: 3, SELF_ID: 4 )
     [ PARTITION KEY ]
     AND
      OR
       T3.I1 > '0'
     SCAN ( PARTITION: P1, FULL SCAN, ACCESS: 5, DISK_PAGE_COUNT: BLOCKED, SELF_ID: 7 )
      [ FILTER ]
      AND
       T3.I1 > '0'
       T3.I2 > '0'
  PARTITION-COORDINATOR ( TABLE: T1, PARTITION: 1/1, INDEX: T1_I1, ACCESS: 4, SELF_ID: 2 )
   [ PARTITION FILTER ]
   OR
    AND
     T1.I1 = T3.I2
   [ VARIABLE KEY ]
   OR
    AND
     T1.I1 = T3.I2
   SCAN ( PARTITION: P1, RID SCAN, ACCESS: 4, DISK_PAGE_COUNT: BLOCKED, SELF_ID: 5 )
------------------------------------------------------------

$P0> SELECT * FROM T1, T2, T3, T4
                   WHERE T1.I1 = T3.I2 AND T2.I1 = T3.I1 AND T1.I2 = T4.I2
                   AND T3.I2 > '0' AND T3.I1 > '0';
T1.I1  T1.I2  T2.I1  T2.I2  T3.I1  T3.I2  T4.I1  T4.I2  
-----------------------------------------------------------------
1    1    1         1    1    2    1    
1    1    1    1    1    1    2    1    
1    1    3    2    3    1    2    1    
1    1    4    8    4    1    2    1    
4 rows selected.
------------------------------------------------------------
PROJECT ( COLUMN_COUNT: 8, TUPLE_SIZE: 47 )
 JOIN
  JOIN
   JOIN
    PARTITION-COORDINATOR ( TABLE: T3, PARTITION: 1/1, ACCESS: 3, SELF_ID: 4 )
     [ PARTITION KEY ]
     AND
      OR
       T3.I1 > '0'
     SCAN ( PARTITION: P1, FULL SCAN, ACCESS: 5, DISK_PAGE_COUNT: BLOCKED, SELF_ID: 8 )
      [ FILTER ]
      AND
       T3.I1 > '0'
       T3.I2 > '0'
    PARTITION-COORDINATOR ( TABLE: T1, PARTITION: 1/1, INDEX: T1_I1, ACCESS: 3, SELF_ID: 2 )
     [ PARTITION FILTER ]
     OR
      AND
       T1.I1 = T3.I2
     [ VARIABLE KEY ]
     OR
      AND
       T1.I1 = T3.I2
     SCAN ( PARTITION: P1, RID SCAN, ACCESS: 3, DISK_PAGE_COUNT: BLOCKED, SELF_ID: 6 )
   HASH ( ITEM_SIZE: BLOCKED, ITEM_COUNT: 8, DISK_PAGE_COUNT: BLOCKED, ACCESS: 4, SELF_ID: 11, REF_ID: 3 )
    [ FILTER ]
    T2.I1 = T3.I1
    PARTITION-COORDINATOR ( TABLE: T2, PARTITION: 1/1, ACCESS: 8, SELF_ID: 3 )
     [ PARTITION KEY ]
     AND
      OR
       '0' < T2.I1 [+]
     SCAN ( PARTITION: P1, FULL SCAN, ACCESS: 8, DISK_PAGE_COUNT: BLOCKED, SELF_ID: 7 )
      [ FILTER ]
      '0' < T2.I1 [+]
  HASH ( ITEM_SIZE: BLOCKED, ITEM_COUNT: 5, DISK_PAGE_COUNT: BLOCKED, ACCESS: 4, SELF_ID: 12, REF_ID: 5 )
   [ FILTER ]
   T1.I2 = T4.I2
   PARTITION-COORDINATOR ( TABLE: T4, PARTITION: 1/1, ACCESS: 5, SELF_ID: 5 )
    SCAN ( PARTITION: P1, FULL SCAN, ACCESS: 5, DISK_PAGE_COUNT: BLOCKED, SELF_ID: 9 )
------------------------------------------------------------

$P0> ALTER SESSION SET EXPLAIN PLAN=OFF;
Alter success.
$P0> ALTER SESSION SET TRCLOG_DETAIL_PREDICATE=0;
Alter success.

$P0> DROP TABLE T1;
Drop success.
$P0> DROP TABLE T2;
Drop success.
$P0> DROP TABLE T3;
Drop success.
$P0> DROP TABLE T4;
Drop success.

# ==> [query.sql] END <=
# ==> [query.sql] BEGIN <=
--+SKIP BEGIN; 
$P0> DROP TABLE T1;
$P0> DROP TABLE T2;
$P0> DROP TABLE T3;
$P0> DROP TABLE T4;
--+SKIP END; 

$P0> CREATE TABLE T1 ( I1 VARCHAR(3) VARIABLE, I2 VARCHAR(3) FIXED ) PARTITION BY RANGE(I1) ( PARTITION P1 VALUES DEFAULT TABLESPACE PDT_TBS ) TABLESPACE SYS_TBS_DISK_DATA;
Create success.
$P0> CREATE TABLE T2 ( I1 VARCHAR(3) VARIABLE, I2 VARCHAR(3) FIXED ) PARTITION BY RANGE(I1) ( PARTITION P1 VALUES DEFAULT TABLESPACE PDT_TBS ) TABLESPACE SYS_TBS_DISK_DATA;
Create success.
$P0> CREATE TABLE T3 ( I1 VARCHAR(3) VARIABLE, I2 VARCHAR(3) FIXED ) PARTITION BY RANGE(I1) ( PARTITION P1 VALUES DEFAULT TABLESPACE PDT_TBS ) TABLESPACE SYS_TBS_DISK_DATA;
Create success.
$P0> CREATE TABLE T4 ( I1 VARCHAR(3) VARIABLE, I2 VARCHAR(3) FIXED ) PARTITION BY RANGE(I1) ( PARTITION P1 VALUES DEFAULT TABLESPACE PDT_TBS ) TABLESPACE SYS_TBS_DISK_DATA;
Create success.


$P0> CREATE INDEX T1_I1 ON T1(I1);
Create success.
$P0> CREATE INDEX T1_I2 ON T1(I2);
Create success.

$P0> INSERT INTO T1 VALUES (1, 1);
1 row inserted.
$P0> INSERT INTO T1 VALUES (2, 2);
1 row inserted.
$P0> INSERT INTO T1 VALUES (0, 3);
1 row inserted.
$P0> INSERT INTO T1 VALUES (2, 4);
1 row inserted.
$P0> INSERT INTO T1 VALUES (3, 1);
1 row inserted.
$P0> INSERT INTO T1 VALUES (3, 1);
1 row inserted.
$P0> INSERT INTO T1 VALUES (4, 2);
1 row inserted.
$P0> INSERT INTO T1 VALUES (2, NULL);
1 row inserted.

$P0> INSERT INTO T2 VALUES (1, 1);
1 row inserted.
$P0> INSERT INTO T2 VALUES (2, 2);
1 row inserted.
$P0> INSERT INTO T2 VALUES (1, NULL);
1 row inserted.
$P0> INSERT INTO T2 VALUES (2, 4);
1 row inserted.
$P0> INSERT INTO T2 VALUES (3, 2);
1 row inserted.
$P0> INSERT INTO T2 VALUES (4, 8);
1 row inserted.
$P0> INSERT INTO T2 VALUES (2, 2);
1 row inserted.
$P0> INSERT INTO T2 VALUES (5, 4);
1 row inserted.

$P0> INSERT INTO T3 VALUES (1, 1);
1 row inserted.
$P0> INSERT INTO T3 VALUES (0, 3);
1 row inserted.
$P0> INSERT INTO T3 VALUES (3, 1);
1 row inserted.
$P0> INSERT INTO T3 VALUES (4, 1);
1 row inserted.
$P0> INSERT INTO T3 VALUES (3, NULL);
1 row inserted.

$P0> INSERT INTO T4 VALUES (1, NULL);
1 row inserted.
$P0> INSERT INTO T4 VALUES (2, 1);
1 row inserted.
$P0> INSERT INTO T4 VALUES (3, 2);
1 row inserted.
$P0> INSERT INTO T4 VALUES (2, 2);
1 row inserted.
$P0> INSERT INTO T4 VALUES (5, 4);
1 row inserted.

$P0> ALTER SESSION SET EXPLAIN PLAN=ON;
Alter success.
$P0> ALTER SESSION SET TRCLOG_DETAIL_PREDICATE=1;
Alter success.

$P0> SELECT * FROM T1, T2, T3 
                   WHERE T1.I1 = T2.I1 AND T1.I1 = T3.I1 
                   AND T1.I1 > '0' AND T1.I2 > '0';
T1.I1  T1.I2  T2.I1  T2.I2  T3.I1  T3.I2  
-------------------------------------------------
1    1    1    1    1    1    
1    1    1         1    1    
3    1    3    2    3         
3    1    3    2    3    1    
3    1    3    2    3         
3    1    3    2    3    1    
4    2    4    8    4    1    
7 rows selected.
------------------------------------------------------------
PROJECT ( COLUMN_COUNT: 6, TUPLE_SIZE: 35 )
 JOIN
  JOIN
   PARTITION-COORDINATOR ( TABLE: T2, PARTITION: 1/1, ACCESS: 8, SELF_ID: 3 )
    [ PARTITION KEY ]
    AND
     OR
      '0' < T2.I1 [+]
    SCAN ( PARTITION: P1, FULL SCAN, ACCESS: 8, DISK_PAGE_COUNT: BLOCKED, SELF_ID: 6 )
     [ FILTER ]
     '0' < T2.I1 [+]
   PARTITION-COORDINATOR ( TABLE: T1, PARTITION: 1/1, INDEX: T1_I1, ACCESS: 14, SELF_ID: 2 )
    [ PARTITION KEY ]
    AND
     OR
      T1.I1 > '0'
    [ PARTITION FILTER ]
    OR
     AND
      T1.I1 = T2.I1
      T1.I1 > '0'
    [ VARIABLE KEY ]
    OR
     AND
      T1.I1 = T2.I1
      T1.I1 > '0'
    [ FILTER ]
    T1.I2 > '0'
    SCAN ( PARTITION: P1, RID SCAN, ACCESS: 14, DISK_PAGE_COUNT: BLOCKED, SELF_ID: 5 )
  HASH ( ITEM_SIZE: BLOCKED, ITEM_COUNT: 4, DISK_PAGE_COUNT: BLOCKED, ACCESS: 7, SELF_ID: 9, REF_ID: 4 )
   [ FILTER ]
   T1.I1 = T3.I1
   PARTITION-COORDINATOR ( TABLE: T3, PARTITION: 1/1, ACCESS: 4, SELF_ID: 4 )
    [ PARTITION KEY ]
    AND
     OR
      '0' < T3.I1 [+]
    SCAN ( PARTITION: P1, FULL SCAN, ACCESS: 5, DISK_PAGE_COUNT: BLOCKED, SELF_ID: 7 )
     [ FILTER ]
     '0' < T3.I1 [+]
------------------------------------------------------------


$P0> SELECT * FROM T1, T2, T3, T4 
                   WHERE T1.I1 = T2.I1 AND T1.I1 = T3.I1 
                   AND T1.I1 > '0' AND T1.I2 > '0';
T1.I1  T1.I2  T2.I1  T2.I2  T3.I1  T3.I2  T4.I1  T4.I2  
-----------------------------------------------------------------
1    1    1    1    1    1    1         
1    1    1    1    1    1    2    1    
1    1    1    1    1    1    3    2    
1    1    1    1    1    1    2    2    
1    1    1    1    1    1    5    4    
1    1    1         1    1    1         
1    1    1         1    1    2    1    
1    1    1         1    1    3    2    
1    1    1         1    1    2    2    
1    1    1         1    1    5    4    
3    1    3    2    3         1         
3    1    3    2    3         2    1    
3    1    3    2    3         3    2    
3    1    3    2    3         2    2    
3    1    3    2    3         5    4    
3    1    3    2    3    1    1         
3    1    3    2    3    1    2    1    
3    1    3    2    3    1    3    2    
3    1    3    2    3    1    2    2    
3    1    3    2    3    1    5    4    
3    1    3    2    3         1         
3    1    3    2    3         2    1    
3    1    3    2    3         3    2    
3    1    3    2    3         2    2    
3    1    3    2    3         5    4    
3    1    3    2    3    1    1         
3    1    3    2    3    1    2    1    
3    1    3    2    3    1    3    2    
3    1    3    2    3    1    2    2    
3    1    3    2    3    1    5    4    
4    2    4    8    4    1    1         
4    2    4    8    4    1    2    1    
4    2    4    8    4    1    3    2    
4    2    4    8    4    1    2    2    
4    2    4    8    4    1    5    4    
35 rows selected.
------------------------------------------------------------
PROJECT ( COLUMN_COUNT: 8, TUPLE_SIZE: 47 )
 JOIN
  JOIN
   JOIN
    PARTITION-COORDINATOR ( TABLE: T2, PARTITION: 1/1, ACCESS: 8, SELF_ID: 3 )
     [ PARTITION KEY ]
     AND
      OR
       '0' < T2.I1 [+]
     SCAN ( PARTITION: P1, FULL SCAN, ACCESS: 8, DISK_PAGE_COUNT: BLOCKED, SELF_ID: 7 )
      [ FILTER ]
      '0' < T2.I1 [+]
    PARTITION-COORDINATOR ( TABLE: T1, PARTITION: 1/1, INDEX: T1_I1, ACCESS: 14, SELF_ID: 2 )
     [ PARTITION KEY ]
     AND
      OR
       T1.I1 > '0'
     [ PARTITION FILTER ]
     OR
      AND
       T1.I1 = T2.I1
       T1.I1 > '0'
     [ VARIABLE KEY ]
     OR
      AND
       T1.I1 = T2.I1
       T1.I1 > '0'
     [ FILTER ]
     T1.I2 > '0'
     SCAN ( PARTITION: P1, RID SCAN, ACCESS: 14, DISK_PAGE_COUNT: BLOCKED, SELF_ID: 6 )
   HASH ( ITEM_SIZE: BLOCKED, ITEM_COUNT: 4, DISK_PAGE_COUNT: BLOCKED, ACCESS: 7, SELF_ID: 11, REF_ID: 4 )
    [ FILTER ]
    T1.I1 = T3.I1
    PARTITION-COORDINATOR ( TABLE: T3, PARTITION: 1/1, ACCESS: 4, SELF_ID: 4 )
     [ PARTITION KEY ]
     AND
      OR
       '0' < T3.I1 [+]
     SCAN ( PARTITION: P1, FULL SCAN, ACCESS: 5, DISK_PAGE_COUNT: BLOCKED, SELF_ID: 8 )
      [ FILTER ]
      '0' < T3.I1 [+]
  PARTITION-COORDINATOR ( TABLE: T4, PARTITION: 1/1, ACCESS: 35, SELF_ID: 5 )
   SCAN ( PARTITION: P1, FULL SCAN, ACCESS: 35, DISK_PAGE_COUNT: BLOCKED, SELF_ID: 9 )
------------------------------------------------------------


$P0> SELECT * FROM T1, T2, T3 
                   WHERE T1.I1 = T3.I2 AND T2.I1 = T3.I1 
                   AND T3.I2 > '0' AND T3.I1 > '0';
T1.I1  T1.I2  T2.I1  T2.I2  T3.I1  T3.I2  
-------------------------------------------------
1    1    1    1    1    1    
1    1    1         1    1    
1    1    3    2    3    1    
1    1    4    8    4    1    
4 rows selected.
------------------------------------------------------------
PROJECT ( COLUMN_COUNT: 6, TUPLE_SIZE: 35 )
 JOIN
  JOIN
   PARTITION-COORDINATOR ( TABLE: T2, PARTITION: 1/1, ACCESS: 8, SELF_ID: 3 )
    [ PARTITION KEY ]
    AND
     OR
      '0' < T2.I1 [+]
    SCAN ( PARTITION: P1, FULL SCAN, ACCESS: 8, DISK_PAGE_COUNT: BLOCKED, SELF_ID: 6 )
     [ FILTER ]
     '0' < T2.I1 [+]
   HASH ( ITEM_SIZE: BLOCKED, ITEM_COUNT: 3, DISK_PAGE_COUNT: BLOCKED, ACCESS: 4, SELF_ID: 8, REF_ID: 4 )
    [ FILTER ]
    T2.I1 = T3.I1
    PARTITION-COORDINATOR ( TABLE: T3, PARTITION: 1/1, ACCESS: 3, SELF_ID: 4 )
     [ PARTITION KEY ]
     AND
      OR
       T3.I1 > '0'
     SCAN ( PARTITION: P1, FULL SCAN, ACCESS: 5, DISK_PAGE_COUNT: BLOCKED, SELF_ID: 7 )
      [ FILTER ]
      AND
       T3.I1 > '0'
       T3.I2 > '0'
  PARTITION-COORDINATOR ( TABLE: T1, PARTITION: 1/1, INDEX: T1_I1, ACCESS: 4, SELF_ID: 2 )
   [ PARTITION FILTER ]
   OR
    AND
     T1.I1 = T3.I2
   [ VARIABLE KEY ]
   OR
    AND
     T1.I1 = T3.I2
   SCAN ( PARTITION: P1, RID SCAN, ACCESS: 4, DISK_PAGE_COUNT: BLOCKED, SELF_ID: 5 )
------------------------------------------------------------

$P0> SELECT * FROM T1, T2, T3, T4
                   WHERE T1.I1 = T3.I2 AND T2.I1 = T3.I1 AND T1.I2 = T4.I2
                   AND T3.I2 > '0' AND T3.I1 > '0';
T1.I1  T1.I2  T2.I1  T2.I2  T3.I1  T3.I2  T4.I1  T4.I2  
-----------------------------------------------------------------
1    1    1         1    1    2    1    
1    1    1    1    1    1    2    1    
1    1    3    2    3    1    2    1    
1    1    4    8    4    1    2    1    
4 rows selected.
------------------------------------------------------------
PROJECT ( COLUMN_COUNT: 8, TUPLE_SIZE: 47 )
 JOIN
  JOIN
   JOIN
    PARTITION-COORDINATOR ( TABLE: T3, PARTITION: 1/1, ACCESS: 3, SELF_ID: 4 )
     [ PARTITION KEY ]
     AND
      OR
       T3.I1 > '0'
     SCAN ( PARTITION: P1, FULL SCAN, ACCESS: 5, DISK_PAGE_COUNT: BLOCKED, SELF_ID: 8 )
      [ FILTER ]
      AND
       T3.I1 > '0'
       T3.I2 > '0'
    PARTITION-COORDINATOR ( TABLE: T1, PARTITION: 1/1, INDEX: T1_I1, ACCESS: 3, SELF_ID: 2 )
     [ PARTITION FILTER ]
     OR
      AND
       T1.I1 = T3.I2
     [ VARIABLE KEY ]
     OR
      AND
       T1.I1 = T3.I2
     SCAN ( PARTITION: P1, RID SCAN, ACCESS: 3, DISK_PAGE_COUNT: BLOCKED, SELF_ID: 6 )
   HASH ( ITEM_SIZE: BLOCKED, ITEM_COUNT: 8, DISK_PAGE_COUNT: BLOCKED, ACCESS: 4, SELF_ID: 11, REF_ID: 3 )
    [ FILTER ]
    T2.I1 = T3.I1
    PARTITION-COORDINATOR ( TABLE: T2, PARTITION: 1/1, ACCESS: 8, SELF_ID: 3 )
     [ PARTITION KEY ]
     AND
      OR
       '0' < T2.I1 [+]
     SCAN ( PARTITION: P1, FULL SCAN, ACCESS: 8, DISK_PAGE_COUNT: BLOCKED, SELF_ID: 7 )
      [ FILTER ]
      '0' < T2.I1 [+]
  HASH ( ITEM_SIZE: BLOCKED, ITEM_COUNT: 5, DISK_PAGE_COUNT: BLOCKED, ACCESS: 4, SELF_ID: 12, REF_ID: 5 )
   [ FILTER ]
   T1.I2 = T4.I2
   PARTITION-COORDINATOR ( TABLE: T4, PARTITION: 1/1, ACCESS: 5, SELF_ID: 5 )
    SCAN ( PARTITION: P1, FULL SCAN, ACCESS: 5, DISK_PAGE_COUNT: BLOCKED, SELF_ID: 9 )
------------------------------------------------------------

$P0> ALTER SESSION SET EXPLAIN PLAN=OFF;
Alter success.
$P0> ALTER SESSION SET TRCLOG_DETAIL_PREDICATE=0;
Alter success.

$P0> DROP TABLE T1;
Drop success.
$P0> DROP TABLE T2;
Drop success.
$P0> DROP TABLE T3;
Drop success.
$P0> DROP TABLE T4;
Drop success.

# ==> [query.sql] END <=

