 
+----------------------------------------------------------------------+
SECTOR 0; BY ATC
+----------------------------------------------------------------------+
 
$T0> THREAD T0 C0;
$T0> ###########################################################################
$T0> # Global Index Test
$T0> ###########################################################################

$T0> ##################################
$T0> # SECTOR; PREPARATION
$T0> ##################################

$T0> SKIP BEGIN;
$T0> drop table t1;
$T0> drop tablespace data1 including contents and datafiles;
$T0> drop tablespace data2 including contents and datafiles;

$T0> alter session set explain plan = off;
$T0> SKIP END;

$T0> create tablespace data1 datafile 'data1.dbf' size 10M autoextend on;
Create success.
$T0> create tablespace data2 datafile 'data2.dbf' size 10M autoextend on;
Create success.

$T0> ##################################
$T0> # SECTOR; REBUILD
$T0> ##################################



$T0> create table t1( i1 integer, i2 integer, i3 integer )
partition by range(i1)
(
  partition p1 values less than ('100'),
  partition p2 values less than ('200'),
  partition p3 values default
)
tablespace sys_tbs_disk_data;
Create success.


$T0> create index idx1 on t1(i1);
Create success.
$T0> create index idx2 on t1(i1, i2);
Create success.
$T0> create index idx3 on t1(i1, i2, i3);
Create success.

$T0> create index idx4 on t1(i2) tablespace data1;
Create success.
$T0> create index idx5 on t1(i2, i3) tablespace data1;
Create success.

$T0> create index idx6 on t1(i3) tablespace data2;
Create success.
$T0> create index idx7 on t1(i3, i1) tablespace data2;
Create success.
$T0> create index idx8 on t1(i3, i2, i1) tablespace data2;
Create success.

$T0> insert into t1 values ( '1', '1', '1' );
1 row inserted.
$T0> insert into t1 values ( '2', '2', '2' );
1 row inserted.
$T0> insert into t1 values ( '100', '100', '100' );
1 row inserted.
$T0> insert into t1 values ( '101', '101', '101' );
1 row inserted.
$T0> insert into t1 values ( '200', '200', '200' );
1 row inserted.
$T0> insert into t1 values ( '202', '202', '202' );
1 row inserted.


$T0> alter index idx1 rebuild;
Alter success.
$T0> alter index idx2 rebuild;
Alter success.
$T0> alter index idx3 rebuild;
Alter success.
$T0> alter index idx4 rebuild;
Alter success.
$T0> alter index idx5 rebuild;
Alter success.
$T0> alter index idx6 rebuild;
Alter success.
$T0> alter index idx7 rebuild;
Alter success.
$T0> alter index idx8 rebuild;
Alter success.

$T0> alter session set explain plan = on;
Alter success.

$T0> select /*+index(t1,idx1)*/ * from t1;
T1.I1       T1.I2       T1.I3       
----------------------------------------
1           1           1           
2           2           2           
100         100         100         
101         101         101         
200         200         200         
202         202         202         
6 rows selected.
------------------------------------------------------------
PROJECT ( COLUMN_COUNT: 3, TUPLE_SIZE: 12, COST: BLOCKED )
 PARTITION-COORDINATOR ( TABLE: SYS.T1, PARTITION: 3/3, INDEX: SYS.IDX1, ACCESS: 6, COST: BLOCKED )
  SCAN ( PARTITION: P3, RID SCAN, ACCESS: 2, DISK_PAGE_COUNT: BLOCKED, COST: BLOCKED )
  SCAN ( PARTITION: P2, RID SCAN, ACCESS: 2, DISK_PAGE_COUNT: BLOCKED, COST: BLOCKED )
  SCAN ( PARTITION: P1, RID SCAN, ACCESS: 2, DISK_PAGE_COUNT: BLOCKED, COST: BLOCKED )
------------------------------------------------------------
$T0> select /*+index(t1,idx2)*/ * from t1;
T1.I1       T1.I2       T1.I3       
----------------------------------------
1           1           1           
2           2           2           
100         100         100         
101         101         101         
200         200         200         
202         202         202         
6 rows selected.
------------------------------------------------------------
PROJECT ( COLUMN_COUNT: 3, TUPLE_SIZE: 12, COST: BLOCKED )
 PARTITION-COORDINATOR ( TABLE: SYS.T1, PARTITION: 3/3, INDEX: SYS.IDX2, ACCESS: 6, COST: BLOCKED )
  SCAN ( PARTITION: P3, RID SCAN, ACCESS: 2, DISK_PAGE_COUNT: BLOCKED, COST: BLOCKED )
  SCAN ( PARTITION: P2, RID SCAN, ACCESS: 2, DISK_PAGE_COUNT: BLOCKED, COST: BLOCKED )
  SCAN ( PARTITION: P1, RID SCAN, ACCESS: 2, DISK_PAGE_COUNT: BLOCKED, COST: BLOCKED )
------------------------------------------------------------
$T0> select /*+index(t1,idx3)*/ * from t1;
T1.I1       T1.I2       T1.I3       
----------------------------------------
1           1           1           
2           2           2           
100         100         100         
101         101         101         
200         200         200         
202         202         202         
6 rows selected.
------------------------------------------------------------
PROJECT ( COLUMN_COUNT: 3, TUPLE_SIZE: 12, COST: BLOCKED )
 PARTITION-COORDINATOR ( TABLE: SYS.T1, PARTITION: 3/3, INDEX: SYS.IDX3, ACCESS: 6, COST: BLOCKED )
  SCAN ( PARTITION: P3, RID SCAN, ACCESS: 2, DISK_PAGE_COUNT: BLOCKED, COST: BLOCKED )
  SCAN ( PARTITION: P2, RID SCAN, ACCESS: 2, DISK_PAGE_COUNT: BLOCKED, COST: BLOCKED )
  SCAN ( PARTITION: P1, RID SCAN, ACCESS: 2, DISK_PAGE_COUNT: BLOCKED, COST: BLOCKED )
------------------------------------------------------------
$T0> select /*+index(t1,idx4)*/ * from t1;
T1.I1       T1.I2       T1.I3       
----------------------------------------
1           1           1           
2           2           2           
100         100         100         
101         101         101         
200         200         200         
202         202         202         
6 rows selected.
------------------------------------------------------------
PROJECT ( COLUMN_COUNT: 3, TUPLE_SIZE: 12, COST: BLOCKED )
 PARTITION-COORDINATOR ( TABLE: SYS.T1, PARTITION: 3/3, INDEX: SYS.IDX4, ACCESS: 6, COST: BLOCKED )
  SCAN ( PARTITION: P3, RID SCAN, ACCESS: 2, DISK_PAGE_COUNT: BLOCKED, COST: BLOCKED )
  SCAN ( PARTITION: P2, RID SCAN, ACCESS: 2, DISK_PAGE_COUNT: BLOCKED, COST: BLOCKED )
  SCAN ( PARTITION: P1, RID SCAN, ACCESS: 2, DISK_PAGE_COUNT: BLOCKED, COST: BLOCKED )
------------------------------------------------------------
$T0> select /*+index(t1,idx5)*/ * from t1;
T1.I1       T1.I2       T1.I3       
----------------------------------------
1           1           1           
2           2           2           
100         100         100         
101         101         101         
200         200         200         
202         202         202         
6 rows selected.
------------------------------------------------------------
PROJECT ( COLUMN_COUNT: 3, TUPLE_SIZE: 12, COST: BLOCKED )
 PARTITION-COORDINATOR ( TABLE: SYS.T1, PARTITION: 3/3, INDEX: SYS.IDX5, ACCESS: 6, COST: BLOCKED )
  SCAN ( PARTITION: P3, RID SCAN, ACCESS: 2, DISK_PAGE_COUNT: BLOCKED, COST: BLOCKED )
  SCAN ( PARTITION: P2, RID SCAN, ACCESS: 2, DISK_PAGE_COUNT: BLOCKED, COST: BLOCKED )
  SCAN ( PARTITION: P1, RID SCAN, ACCESS: 2, DISK_PAGE_COUNT: BLOCKED, COST: BLOCKED )
------------------------------------------------------------
$T0> select /*+index(t1,idx6)*/ * from t1;
T1.I1       T1.I2       T1.I3       
----------------------------------------
1           1           1           
2           2           2           
100         100         100         
101         101         101         
200         200         200         
202         202         202         
6 rows selected.
------------------------------------------------------------
PROJECT ( COLUMN_COUNT: 3, TUPLE_SIZE: 12, COST: BLOCKED )
 PARTITION-COORDINATOR ( TABLE: SYS.T1, PARTITION: 3/3, INDEX: SYS.IDX6, ACCESS: 6, COST: BLOCKED )
  SCAN ( PARTITION: P3, RID SCAN, ACCESS: 2, DISK_PAGE_COUNT: BLOCKED, COST: BLOCKED )
  SCAN ( PARTITION: P2, RID SCAN, ACCESS: 2, DISK_PAGE_COUNT: BLOCKED, COST: BLOCKED )
  SCAN ( PARTITION: P1, RID SCAN, ACCESS: 2, DISK_PAGE_COUNT: BLOCKED, COST: BLOCKED )
------------------------------------------------------------
$T0> select /*+index(t1,idx7)*/ * from t1;
T1.I1       T1.I2       T1.I3       
----------------------------------------
1           1           1           
2           2           2           
100         100         100         
101         101         101         
200         200         200         
202         202         202         
6 rows selected.
------------------------------------------------------------
PROJECT ( COLUMN_COUNT: 3, TUPLE_SIZE: 12, COST: BLOCKED )
 PARTITION-COORDINATOR ( TABLE: SYS.T1, PARTITION: 3/3, INDEX: SYS.IDX7, ACCESS: 6, COST: BLOCKED )
  SCAN ( PARTITION: P3, RID SCAN, ACCESS: 2, DISK_PAGE_COUNT: BLOCKED, COST: BLOCKED )
  SCAN ( PARTITION: P2, RID SCAN, ACCESS: 2, DISK_PAGE_COUNT: BLOCKED, COST: BLOCKED )
  SCAN ( PARTITION: P1, RID SCAN, ACCESS: 2, DISK_PAGE_COUNT: BLOCKED, COST: BLOCKED )
------------------------------------------------------------
$T0> select /*+index(t1,idx8)*/ * from t1;
T1.I1       T1.I2       T1.I3       
----------------------------------------
1           1           1           
2           2           2           
100         100         100         
101         101         101         
200         200         200         
202         202         202         
6 rows selected.
------------------------------------------------------------
PROJECT ( COLUMN_COUNT: 3, TUPLE_SIZE: 12, COST: BLOCKED )
 PARTITION-COORDINATOR ( TABLE: SYS.T1, PARTITION: 3/3, INDEX: SYS.IDX8, ACCESS: 6, COST: BLOCKED )
  SCAN ( PARTITION: P3, RID SCAN, ACCESS: 2, DISK_PAGE_COUNT: BLOCKED, COST: BLOCKED )
  SCAN ( PARTITION: P2, RID SCAN, ACCESS: 2, DISK_PAGE_COUNT: BLOCKED, COST: BLOCKED )
  SCAN ( PARTITION: P1, RID SCAN, ACCESS: 2, DISK_PAGE_COUNT: BLOCKED, COST: BLOCKED )
------------------------------------------------------------

$T0> alter session set explain plan = off;
Alter success.


$T0> create table t1( i1 integer, i2 numeric(5,1), i3 numeric(5,1) )
partition by range(i1)
(
  partition p1 values less than ('100'),
  partition p2 values less than ('200'),
  partition p3 values default
)
tablespace sys_tbs_disk_data;
Create success.


$T0> create index idx1 on t1(i1);
Create success.
$T0> create index idx2 on t1(i1, i2);
Create success.
$T0> create index idx3 on t1(i1, i2, i3);
Create success.

$T0> create index idx4 on t1(i2) tablespace data1;
Create success.
$T0> create index idx5 on t1(i2, i3) tablespace data1;
Create success.

$T0> create index idx6 on t1(i3) tablespace data2;
Create success.
$T0> create index idx7 on t1(i3, i1) tablespace data2;
Create success.
$T0> create index idx8 on t1(i3, i2, i1) tablespace data2;
Create success.

$T0> insert into t1 values ( '1', '1', '1' );
1 row inserted.
$T0> insert into t1 values ( '2', '2', '2' );
1 row inserted.
$T0> insert into t1 values ( '100', '100', '100' );
1 row inserted.
$T0> insert into t1 values ( '101', '101', '101' );
1 row inserted.
$T0> insert into t1 values ( '200', '200', '200' );
1 row inserted.
$T0> insert into t1 values ( '202', '202', '202' );
1 row inserted.


$T0> alter index idx1 rebuild;
Alter success.
$T0> alter index idx2 rebuild;
Alter success.
$T0> alter index idx3 rebuild;
Alter success.
$T0> alter index idx4 rebuild;
Alter success.
$T0> alter index idx5 rebuild;
Alter success.
$T0> alter index idx6 rebuild;
Alter success.
$T0> alter index idx7 rebuild;
Alter success.
$T0> alter index idx8 rebuild;
Alter success.

$T0> alter session set explain plan = on;
Alter success.

$T0> select /*+index(t1,idx1)*/ * from t1;
T1.I1       T1.I2       T1.I3       
----------------------------------------
1           1           1           
2           2           2           
100         100         100         
101         101         101         
200         200         200         
202         202         202         
6 rows selected.
------------------------------------------------------------
PROJECT ( COLUMN_COUNT: 3, TUPLE_SIZE: 16, COST: BLOCKED )
 PARTITION-COORDINATOR ( TABLE: SYS.T1, PARTITION: 3/3, INDEX: SYS.IDX1, ACCESS: 6, COST: BLOCKED )
  SCAN ( PARTITION: P3, RID SCAN, ACCESS: 2, DISK_PAGE_COUNT: BLOCKED, COST: BLOCKED )
  SCAN ( PARTITION: P2, RID SCAN, ACCESS: 2, DISK_PAGE_COUNT: BLOCKED, COST: BLOCKED )
  SCAN ( PARTITION: P1, RID SCAN, ACCESS: 2, DISK_PAGE_COUNT: BLOCKED, COST: BLOCKED )
------------------------------------------------------------
$T0> select /*+index(t1,idx2)*/ * from t1;
T1.I1       T1.I2       T1.I3       
----------------------------------------
1           1           1           
2           2           2           
100         100         100         
101         101         101         
200         200         200         
202         202         202         
6 rows selected.
------------------------------------------------------------
PROJECT ( COLUMN_COUNT: 3, TUPLE_SIZE: 16, COST: BLOCKED )
 PARTITION-COORDINATOR ( TABLE: SYS.T1, PARTITION: 3/3, INDEX: SYS.IDX2, ACCESS: 6, COST: BLOCKED )
  SCAN ( PARTITION: P3, RID SCAN, ACCESS: 2, DISK_PAGE_COUNT: BLOCKED, COST: BLOCKED )
  SCAN ( PARTITION: P2, RID SCAN, ACCESS: 2, DISK_PAGE_COUNT: BLOCKED, COST: BLOCKED )
  SCAN ( PARTITION: P1, RID SCAN, ACCESS: 2, DISK_PAGE_COUNT: BLOCKED, COST: BLOCKED )
------------------------------------------------------------
$T0> select /*+index(t1,idx3)*/ * from t1;
T1.I1       T1.I2       T1.I3       
----------------------------------------
1           1           1           
2           2           2           
100         100         100         
101         101         101         
200         200         200         
202         202         202         
6 rows selected.
------------------------------------------------------------
PROJECT ( COLUMN_COUNT: 3, TUPLE_SIZE: 16, COST: BLOCKED )
 PARTITION-COORDINATOR ( TABLE: SYS.T1, PARTITION: 3/3, INDEX: SYS.IDX3, ACCESS: 6, COST: BLOCKED )
  SCAN ( PARTITION: P3, RID SCAN, ACCESS: 2, DISK_PAGE_COUNT: BLOCKED, COST: BLOCKED )
  SCAN ( PARTITION: P2, RID SCAN, ACCESS: 2, DISK_PAGE_COUNT: BLOCKED, COST: BLOCKED )
  SCAN ( PARTITION: P1, RID SCAN, ACCESS: 2, DISK_PAGE_COUNT: BLOCKED, COST: BLOCKED )
------------------------------------------------------------
$T0> select /*+index(t1,idx4)*/ * from t1;
T1.I1       T1.I2       T1.I3       
----------------------------------------
1           1           1           
2           2           2           
100         100         100         
101         101         101         
200         200         200         
202         202         202         
6 rows selected.
------------------------------------------------------------
PROJECT ( COLUMN_COUNT: 3, TUPLE_SIZE: 16, COST: BLOCKED )
 PARTITION-COORDINATOR ( TABLE: SYS.T1, PARTITION: 3/3, INDEX: SYS.IDX4, ACCESS: 6, COST: BLOCKED )
  SCAN ( PARTITION: P3, RID SCAN, ACCESS: 2, DISK_PAGE_COUNT: BLOCKED, COST: BLOCKED )
  SCAN ( PARTITION: P2, RID SCAN, ACCESS: 2, DISK_PAGE_COUNT: BLOCKED, COST: BLOCKED )
  SCAN ( PARTITION: P1, RID SCAN, ACCESS: 2, DISK_PAGE_COUNT: BLOCKED, COST: BLOCKED )
------------------------------------------------------------
$T0> select /*+index(t1,idx5)*/ * from t1;
T1.I1       T1.I2       T1.I3       
----------------------------------------
1           1           1           
2           2           2           
100         100         100         
101         101         101         
200         200         200         
202         202         202         
6 rows selected.
------------------------------------------------------------
PROJECT ( COLUMN_COUNT: 3, TUPLE_SIZE: 16, COST: BLOCKED )
 PARTITION-COORDINATOR ( TABLE: SYS.T1, PARTITION: 3/3, INDEX: SYS.IDX5, ACCESS: 6, COST: BLOCKED )
  SCAN ( PARTITION: P3, RID SCAN, ACCESS: 2, DISK_PAGE_COUNT: BLOCKED, COST: BLOCKED )
  SCAN ( PARTITION: P2, RID SCAN, ACCESS: 2, DISK_PAGE_COUNT: BLOCKED, COST: BLOCKED )
  SCAN ( PARTITION: P1, RID SCAN, ACCESS: 2, DISK_PAGE_COUNT: BLOCKED, COST: BLOCKED )
------------------------------------------------------------
$T0> select /*+index(t1,idx6)*/ * from t1;
T1.I1       T1.I2       T1.I3       
----------------------------------------
1           1           1           
2           2           2           
100         100         100         
101         101         101         
200         200         200         
202         202         202         
6 rows selected.
------------------------------------------------------------
PROJECT ( COLUMN_COUNT: 3, TUPLE_SIZE: 16, COST: BLOCKED )
 PARTITION-COORDINATOR ( TABLE: SYS.T1, PARTITION: 3/3, INDEX: SYS.IDX6, ACCESS: 6, COST: BLOCKED )
  SCAN ( PARTITION: P3, RID SCAN, ACCESS: 2, DISK_PAGE_COUNT: BLOCKED, COST: BLOCKED )
  SCAN ( PARTITION: P2, RID SCAN, ACCESS: 2, DISK_PAGE_COUNT: BLOCKED, COST: BLOCKED )
  SCAN ( PARTITION: P1, RID SCAN, ACCESS: 2, DISK_PAGE_COUNT: BLOCKED, COST: BLOCKED )
------------------------------------------------------------
$T0> select /*+index(t1,idx7)*/ * from t1;
T1.I1       T1.I2       T1.I3       
----------------------------------------
1           1           1           
2           2           2           
100         100         100         
101         101         101         
200         200         200         
202         202         202         
6 rows selected.
------------------------------------------------------------
PROJECT ( COLUMN_COUNT: 3, TUPLE_SIZE: 16, COST: BLOCKED )
 PARTITION-COORDINATOR ( TABLE: SYS.T1, PARTITION: 3/3, INDEX: SYS.IDX7, ACCESS: 6, COST: BLOCKED )
  SCAN ( PARTITION: P3, RID SCAN, ACCESS: 2, DISK_PAGE_COUNT: BLOCKED, COST: BLOCKED )
  SCAN ( PARTITION: P2, RID SCAN, ACCESS: 2, DISK_PAGE_COUNT: BLOCKED, COST: BLOCKED )
  SCAN ( PARTITION: P1, RID SCAN, ACCESS: 2, DISK_PAGE_COUNT: BLOCKED, COST: BLOCKED )
------------------------------------------------------------
$T0> select /*+index(t1,idx8)*/ * from t1;
T1.I1       T1.I2       T1.I3       
----------------------------------------
1           1           1           
2           2           2           
100         100         100         
101         101         101         
200         200         200         
202         202         202         
6 rows selected.
------------------------------------------------------------
PROJECT ( COLUMN_COUNT: 3, TUPLE_SIZE: 16, COST: BLOCKED )
 PARTITION-COORDINATOR ( TABLE: SYS.T1, PARTITION: 3/3, INDEX: SYS.IDX8, ACCESS: 6, COST: BLOCKED )
  SCAN ( PARTITION: P3, RID SCAN, ACCESS: 2, DISK_PAGE_COUNT: BLOCKED, COST: BLOCKED )
  SCAN ( PARTITION: P2, RID SCAN, ACCESS: 2, DISK_PAGE_COUNT: BLOCKED, COST: BLOCKED )
  SCAN ( PARTITION: P1, RID SCAN, ACCESS: 2, DISK_PAGE_COUNT: BLOCKED, COST: BLOCKED )
------------------------------------------------------------

$T0> alter session set explain plan = off;
Alter success.


$T0> create table t1( i1 integer, i2 char(10), i3 char(10) )
partition by range(i1)
(
  partition p1 values less than ('100'),
  partition p2 values less than ('200'),
  partition p3 values default
)
tablespace sys_tbs_disk_data;
Create success.


$T0> create index idx1 on t1(i1);
Create success.
$T0> create index idx2 on t1(i1, i2);
Create success.
$T0> create index idx3 on t1(i1, i2, i3);
Create success.

$T0> create index idx4 on t1(i2) tablespace data1;
Create success.
$T0> create index idx5 on t1(i2, i3) tablespace data1;
Create success.

$T0> create index idx6 on t1(i3) tablespace data2;
Create success.
$T0> create index idx7 on t1(i3, i1) tablespace data2;
Create success.
$T0> create index idx8 on t1(i3, i2, i1) tablespace data2;
Create success.

$T0> insert into t1 values ( '1', '1', '1' );
1 row inserted.
$T0> insert into t1 values ( '2', '2', '2' );
1 row inserted.
$T0> insert into t1 values ( '100', '100', '100' );
1 row inserted.
$T0> insert into t1 values ( '101', '101', '101' );
1 row inserted.
$T0> insert into t1 values ( '200', '200', '200' );
1 row inserted.
$T0> insert into t1 values ( '202', '202', '202' );
1 row inserted.


$T0> alter index idx1 rebuild;
Alter success.
$T0> alter index idx2 rebuild;
Alter success.
$T0> alter index idx3 rebuild;
Alter success.
$T0> alter index idx4 rebuild;
Alter success.
$T0> alter index idx5 rebuild;
Alter success.
$T0> alter index idx6 rebuild;
Alter success.
$T0> alter index idx7 rebuild;
Alter success.
$T0> alter index idx8 rebuild;
Alter success.

$T0> alter session set explain plan = on;
Alter success.

$T0> select /*+index(t1,idx1)*/ * from t1;
T1.I1       T1.I2       T1.I3       
----------------------------------------
1           1           1           
2           2           2           
100         100         100         
101         101         101         
200         200         200         
202         202         202         
6 rows selected.
------------------------------------------------------------
PROJECT ( COLUMN_COUNT: 3, TUPLE_SIZE: 28, COST: BLOCKED )
 PARTITION-COORDINATOR ( TABLE: SYS.T1, PARTITION: 3/3, INDEX: SYS.IDX1, ACCESS: 6, COST: BLOCKED )
  SCAN ( PARTITION: P3, RID SCAN, ACCESS: 2, DISK_PAGE_COUNT: BLOCKED, COST: BLOCKED )
  SCAN ( PARTITION: P2, RID SCAN, ACCESS: 2, DISK_PAGE_COUNT: BLOCKED, COST: BLOCKED )
  SCAN ( PARTITION: P1, RID SCAN, ACCESS: 2, DISK_PAGE_COUNT: BLOCKED, COST: BLOCKED )
------------------------------------------------------------
$T0> select /*+index(t1,idx2)*/ * from t1;
T1.I1       T1.I2       T1.I3       
----------------------------------------
1           1           1           
2           2           2           
100         100         100         
101         101         101         
200         200         200         
202         202         202         
6 rows selected.
------------------------------------------------------------
PROJECT ( COLUMN_COUNT: 3, TUPLE_SIZE: 28, COST: BLOCKED )
 PARTITION-COORDINATOR ( TABLE: SYS.T1, PARTITION: 3/3, INDEX: SYS.IDX2, ACCESS: 6, COST: BLOCKED )
  SCAN ( PARTITION: P3, RID SCAN, ACCESS: 2, DISK_PAGE_COUNT: BLOCKED, COST: BLOCKED )
  SCAN ( PARTITION: P2, RID SCAN, ACCESS: 2, DISK_PAGE_COUNT: BLOCKED, COST: BLOCKED )
  SCAN ( PARTITION: P1, RID SCAN, ACCESS: 2, DISK_PAGE_COUNT: BLOCKED, COST: BLOCKED )
------------------------------------------------------------
$T0> select /*+index(t1,idx3)*/ * from t1;
T1.I1       T1.I2       T1.I3       
----------------------------------------
1           1           1           
2           2           2           
100         100         100         
101         101         101         
200         200         200         
202         202         202         
6 rows selected.
------------------------------------------------------------
PROJECT ( COLUMN_COUNT: 3, TUPLE_SIZE: 28, COST: BLOCKED )
 PARTITION-COORDINATOR ( TABLE: SYS.T1, PARTITION: 3/3, INDEX: SYS.IDX3, ACCESS: 6, COST: BLOCKED )
  SCAN ( PARTITION: P3, RID SCAN, ACCESS: 2, DISK_PAGE_COUNT: BLOCKED, COST: BLOCKED )
  SCAN ( PARTITION: P2, RID SCAN, ACCESS: 2, DISK_PAGE_COUNT: BLOCKED, COST: BLOCKED )
  SCAN ( PARTITION: P1, RID SCAN, ACCESS: 2, DISK_PAGE_COUNT: BLOCKED, COST: BLOCKED )
------------------------------------------------------------
$T0> select /*+index(t1,idx4)*/ * from t1;
T1.I1       T1.I2       T1.I3       
----------------------------------------
1           1           1           
100         100         100         
101         101         101         
2           2           2           
200         200         200         
202         202         202         
6 rows selected.
------------------------------------------------------------
PROJECT ( COLUMN_COUNT: 3, TUPLE_SIZE: 28, COST: BLOCKED )
 PARTITION-COORDINATOR ( TABLE: SYS.T1, PARTITION: 3/3, INDEX: SYS.IDX4, ACCESS: 6, COST: BLOCKED )
  SCAN ( PARTITION: P3, RID SCAN, ACCESS: 2, DISK_PAGE_COUNT: BLOCKED, COST: BLOCKED )
  SCAN ( PARTITION: P2, RID SCAN, ACCESS: 2, DISK_PAGE_COUNT: BLOCKED, COST: BLOCKED )
  SCAN ( PARTITION: P1, RID SCAN, ACCESS: 2, DISK_PAGE_COUNT: BLOCKED, COST: BLOCKED )
------------------------------------------------------------
$T0> select /*+index(t1,idx5)*/ * from t1;
T1.I1       T1.I2       T1.I3       
----------------------------------------
1           1           1           
100         100         100         
101         101         101         
2           2           2           
200         200         200         
202         202         202         
6 rows selected.
------------------------------------------------------------
PROJECT ( COLUMN_COUNT: 3, TUPLE_SIZE: 28, COST: BLOCKED )
 PARTITION-COORDINATOR ( TABLE: SYS.T1, PARTITION: 3/3, INDEX: SYS.IDX5, ACCESS: 6, COST: BLOCKED )
  SCAN ( PARTITION: P3, RID SCAN, ACCESS: 2, DISK_PAGE_COUNT: BLOCKED, COST: BLOCKED )
  SCAN ( PARTITION: P2, RID SCAN, ACCESS: 2, DISK_PAGE_COUNT: BLOCKED, COST: BLOCKED )
  SCAN ( PARTITION: P1, RID SCAN, ACCESS: 2, DISK_PAGE_COUNT: BLOCKED, COST: BLOCKED )
------------------------------------------------------------
$T0> select /*+index(t1,idx6)*/ * from t1;
T1.I1       T1.I2       T1.I3       
----------------------------------------
1           1           1           
100         100         100         
101         101         101         
2           2           2           
200         200         200         
202         202         202         
6 rows selected.
------------------------------------------------------------
PROJECT ( COLUMN_COUNT: 3, TUPLE_SIZE: 28, COST: BLOCKED )
 PARTITION-COORDINATOR ( TABLE: SYS.T1, PARTITION: 3/3, INDEX: SYS.IDX6, ACCESS: 6, COST: BLOCKED )
  SCAN ( PARTITION: P3, RID SCAN, ACCESS: 2, DISK_PAGE_COUNT: BLOCKED, COST: BLOCKED )
  SCAN ( PARTITION: P2, RID SCAN, ACCESS: 2, DISK_PAGE_COUNT: BLOCKED, COST: BLOCKED )
  SCAN ( PARTITION: P1, RID SCAN, ACCESS: 2, DISK_PAGE_COUNT: BLOCKED, COST: BLOCKED )
------------------------------------------------------------
$T0> select /*+index(t1,idx7)*/ * from t1;
T1.I1       T1.I2       T1.I3       
----------------------------------------
1           1           1           
100         100         100         
101         101         101         
2           2           2           
200         200         200         
202         202         202         
6 rows selected.
------------------------------------------------------------
PROJECT ( COLUMN_COUNT: 3, TUPLE_SIZE: 28, COST: BLOCKED )
 PARTITION-COORDINATOR ( TABLE: SYS.T1, PARTITION: 3/3, INDEX: SYS.IDX7, ACCESS: 6, COST: BLOCKED )
  SCAN ( PARTITION: P3, RID SCAN, ACCESS: 2, DISK_PAGE_COUNT: BLOCKED, COST: BLOCKED )
  SCAN ( PARTITION: P2, RID SCAN, ACCESS: 2, DISK_PAGE_COUNT: BLOCKED, COST: BLOCKED )
  SCAN ( PARTITION: P1, RID SCAN, ACCESS: 2, DISK_PAGE_COUNT: BLOCKED, COST: BLOCKED )
------------------------------------------------------------
$T0> select /*+index(t1,idx8)*/ * from t1;
T1.I1       T1.I2       T1.I3       
----------------------------------------
1           1           1           
100         100         100         
101         101         101         
2           2           2           
200         200         200         
202         202         202         
6 rows selected.
------------------------------------------------------------
PROJECT ( COLUMN_COUNT: 3, TUPLE_SIZE: 28, COST: BLOCKED )
 PARTITION-COORDINATOR ( TABLE: SYS.T1, PARTITION: 3/3, INDEX: SYS.IDX8, ACCESS: 6, COST: BLOCKED )
  SCAN ( PARTITION: P3, RID SCAN, ACCESS: 2, DISK_PAGE_COUNT: BLOCKED, COST: BLOCKED )
  SCAN ( PARTITION: P2, RID SCAN, ACCESS: 2, DISK_PAGE_COUNT: BLOCKED, COST: BLOCKED )
  SCAN ( PARTITION: P1, RID SCAN, ACCESS: 2, DISK_PAGE_COUNT: BLOCKED, COST: BLOCKED )
------------------------------------------------------------

$T0> alter session set explain plan = off;
Alter success.


$T0> create table t1( i1 integer, i2 varchar(10), i3 varchar(10) )
partition by range(i1)
(
  partition p1 values less than ('100'),
  partition p2 values less than ('200'),
  partition p3 values default
)
tablespace sys_tbs_disk_data;
Create success.


$T0> create index idx1 on t1(i1);
Create success.
$T0> create index idx2 on t1(i1, i2);
Create success.
$T0> create index idx3 on t1(i1, i2, i3);
Create success.

$T0> create index idx4 on t1(i2) tablespace data1;
Create success.
$T0> create index idx5 on t1(i2, i3) tablespace data1;
Create success.

$T0> create index idx6 on t1(i3) tablespace data2;
Create success.
$T0> create index idx7 on t1(i3, i1) tablespace data2;
Create success.
$T0> create index idx8 on t1(i3, i2, i1) tablespace data2;
Create success.

$T0> insert into t1 values ( '1', '1', '1' );
1 row inserted.
$T0> insert into t1 values ( '2', '2', '2' );
1 row inserted.
$T0> insert into t1 values ( '100', '100', '100' );
1 row inserted.
$T0> insert into t1 values ( '101', '101', '101' );
1 row inserted.
$T0> insert into t1 values ( '200', '200', '200' );
1 row inserted.
$T0> insert into t1 values ( '202', '202', '202' );
1 row inserted.


$T0> alter index idx1 rebuild;
Alter success.
$T0> alter index idx2 rebuild;
Alter success.
$T0> alter index idx3 rebuild;
Alter success.
$T0> alter index idx4 rebuild;
Alter success.
$T0> alter index idx5 rebuild;
Alter success.
$T0> alter index idx6 rebuild;
Alter success.
$T0> alter index idx7 rebuild;
Alter success.
$T0> alter index idx8 rebuild;
Alter success.

$T0> alter session set explain plan = on;
Alter success.

$T0> select /*+index(t1,idx1)*/ * from t1;
T1.I1       T1.I2       T1.I3       
----------------------------------------
1           1           1           
2           2           2           
100         100         100         
101         101         101         
200         200         200         
202         202         202         
6 rows selected.
------------------------------------------------------------
PROJECT ( COLUMN_COUNT: 3, TUPLE_SIZE: 28, COST: BLOCKED )
 PARTITION-COORDINATOR ( TABLE: SYS.T1, PARTITION: 3/3, INDEX: SYS.IDX1, ACCESS: 6, COST: BLOCKED )
  SCAN ( PARTITION: P3, RID SCAN, ACCESS: 2, DISK_PAGE_COUNT: BLOCKED, COST: BLOCKED )
  SCAN ( PARTITION: P2, RID SCAN, ACCESS: 2, DISK_PAGE_COUNT: BLOCKED, COST: BLOCKED )
  SCAN ( PARTITION: P1, RID SCAN, ACCESS: 2, DISK_PAGE_COUNT: BLOCKED, COST: BLOCKED )
------------------------------------------------------------
$T0> select /*+index(t1,idx2)*/ * from t1;
T1.I1       T1.I2       T1.I3       
----------------------------------------
1           1           1           
2           2           2           
100         100         100         
101         101         101         
200         200         200         
202         202         202         
6 rows selected.
------------------------------------------------------------
PROJECT ( COLUMN_COUNT: 3, TUPLE_SIZE: 28, COST: BLOCKED )
 PARTITION-COORDINATOR ( TABLE: SYS.T1, PARTITION: 3/3, INDEX: SYS.IDX2, ACCESS: 6, COST: BLOCKED )
  SCAN ( PARTITION: P3, RID SCAN, ACCESS: 2, DISK_PAGE_COUNT: BLOCKED, COST: BLOCKED )
  SCAN ( PARTITION: P2, RID SCAN, ACCESS: 2, DISK_PAGE_COUNT: BLOCKED, COST: BLOCKED )
  SCAN ( PARTITION: P1, RID SCAN, ACCESS: 2, DISK_PAGE_COUNT: BLOCKED, COST: BLOCKED )
------------------------------------------------------------
$T0> select /*+index(t1,idx3)*/ * from t1;
T1.I1       T1.I2       T1.I3       
----------------------------------------
1           1           1           
2           2           2           
100         100         100         
101         101         101         
200         200         200         
202         202         202         
6 rows selected.
------------------------------------------------------------
PROJECT ( COLUMN_COUNT: 3, TUPLE_SIZE: 28, COST: BLOCKED )
 PARTITION-COORDINATOR ( TABLE: SYS.T1, PARTITION: 3/3, INDEX: SYS.IDX3, ACCESS: 6, COST: BLOCKED )
  SCAN ( PARTITION: P3, RID SCAN, ACCESS: 2, DISK_PAGE_COUNT: BLOCKED, COST: BLOCKED )
  SCAN ( PARTITION: P2, RID SCAN, ACCESS: 2, DISK_PAGE_COUNT: BLOCKED, COST: BLOCKED )
  SCAN ( PARTITION: P1, RID SCAN, ACCESS: 2, DISK_PAGE_COUNT: BLOCKED, COST: BLOCKED )
------------------------------------------------------------
$T0> select /*+index(t1,idx4)*/ * from t1;
T1.I1       T1.I2       T1.I3       
----------------------------------------
1           1           1           
100         100         100         
101         101         101         
2           2           2           
200         200         200         
202         202         202         
6 rows selected.
------------------------------------------------------------
PROJECT ( COLUMN_COUNT: 3, TUPLE_SIZE: 28, COST: BLOCKED )
 PARTITION-COORDINATOR ( TABLE: SYS.T1, PARTITION: 3/3, INDEX: SYS.IDX4, ACCESS: 6, COST: BLOCKED )
  SCAN ( PARTITION: P3, RID SCAN, ACCESS: 2, DISK_PAGE_COUNT: BLOCKED, COST: BLOCKED )
  SCAN ( PARTITION: P2, RID SCAN, ACCESS: 2, DISK_PAGE_COUNT: BLOCKED, COST: BLOCKED )
  SCAN ( PARTITION: P1, RID SCAN, ACCESS: 2, DISK_PAGE_COUNT: BLOCKED, COST: BLOCKED )
------------------------------------------------------------
$T0> select /*+index(t1,idx5)*/ * from t1;
T1.I1       T1.I2       T1.I3       
----------------------------------------
1           1           1           
100         100         100         
101         101         101         
2           2           2           
200         200         200         
202         202         202         
6 rows selected.
------------------------------------------------------------
PROJECT ( COLUMN_COUNT: 3, TUPLE_SIZE: 28, COST: BLOCKED )
 PARTITION-COORDINATOR ( TABLE: SYS.T1, PARTITION: 3/3, INDEX: SYS.IDX5, ACCESS: 6, COST: BLOCKED )
  SCAN ( PARTITION: P3, RID SCAN, ACCESS: 2, DISK_PAGE_COUNT: BLOCKED, COST: BLOCKED )
  SCAN ( PARTITION: P2, RID SCAN, ACCESS: 2, DISK_PAGE_COUNT: BLOCKED, COST: BLOCKED )
  SCAN ( PARTITION: P1, RID SCAN, ACCESS: 2, DISK_PAGE_COUNT: BLOCKED, COST: BLOCKED )
------------------------------------------------------------
$T0> select /*+index(t1,idx6)*/ * from t1;
T1.I1       T1.I2       T1.I3       
----------------------------------------
1           1           1           
100         100         100         
101         101         101         
2           2           2           
200         200         200         
202         202         202         
6 rows selected.
------------------------------------------------------------
PROJECT ( COLUMN_COUNT: 3, TUPLE_SIZE: 28, COST: BLOCKED )
 PARTITION-COORDINATOR ( TABLE: SYS.T1, PARTITION: 3/3, INDEX: SYS.IDX6, ACCESS: 6, COST: BLOCKED )
  SCAN ( PARTITION: P3, RID SCAN, ACCESS: 2, DISK_PAGE_COUNT: BLOCKED, COST: BLOCKED )
  SCAN ( PARTITION: P2, RID SCAN, ACCESS: 2, DISK_PAGE_COUNT: BLOCKED, COST: BLOCKED )
  SCAN ( PARTITION: P1, RID SCAN, ACCESS: 2, DISK_PAGE_COUNT: BLOCKED, COST: BLOCKED )
------------------------------------------------------------
$T0> select /*+index(t1,idx7)*/ * from t1;
T1.I1       T1.I2       T1.I3       
----------------------------------------
1           1           1           
100         100         100         
101         101         101         
2           2           2           
200         200         200         
202         202         202         
6 rows selected.
------------------------------------------------------------
PROJECT ( COLUMN_COUNT: 3, TUPLE_SIZE: 28, COST: BLOCKED )
 PARTITION-COORDINATOR ( TABLE: SYS.T1, PARTITION: 3/3, INDEX: SYS.IDX7, ACCESS: 6, COST: BLOCKED )
  SCAN ( PARTITION: P3, RID SCAN, ACCESS: 2, DISK_PAGE_COUNT: BLOCKED, COST: BLOCKED )
  SCAN ( PARTITION: P2, RID SCAN, ACCESS: 2, DISK_PAGE_COUNT: BLOCKED, COST: BLOCKED )
  SCAN ( PARTITION: P1, RID SCAN, ACCESS: 2, DISK_PAGE_COUNT: BLOCKED, COST: BLOCKED )
------------------------------------------------------------
$T0> select /*+index(t1,idx8)*/ * from t1;
T1.I1       T1.I2       T1.I3       
----------------------------------------
1           1           1           
100         100         100         
101         101         101         
2           2           2           
200         200         200         
202         202         202         
6 rows selected.
------------------------------------------------------------
PROJECT ( COLUMN_COUNT: 3, TUPLE_SIZE: 28, COST: BLOCKED )
 PARTITION-COORDINATOR ( TABLE: SYS.T1, PARTITION: 3/3, INDEX: SYS.IDX8, ACCESS: 6, COST: BLOCKED )
  SCAN ( PARTITION: P3, RID SCAN, ACCESS: 2, DISK_PAGE_COUNT: BLOCKED, COST: BLOCKED )
  SCAN ( PARTITION: P2, RID SCAN, ACCESS: 2, DISK_PAGE_COUNT: BLOCKED, COST: BLOCKED )
  SCAN ( PARTITION: P1, RID SCAN, ACCESS: 2, DISK_PAGE_COUNT: BLOCKED, COST: BLOCKED )
------------------------------------------------------------

$T0> alter session set explain plan = off;
Alter success.


$T0> create table t1( i1 varchar(10), i2 integer, i3 integer )
partition by range(i1)
(
  partition p1 values less than ('100'),
  partition p2 values less than ('200'),
  partition p3 values default
)
tablespace sys_tbs_disk_data;
Create success.


$T0> create index idx1 on t1(i1);
Create success.
$T0> create index idx2 on t1(i1, i2);
Create success.
$T0> create index idx3 on t1(i1, i2, i3);
Create success.

$T0> create index idx4 on t1(i2) tablespace data1;
Create success.
$T0> create index idx5 on t1(i2, i3) tablespace data1;
Create success.

$T0> create index idx6 on t1(i3) tablespace data2;
Create success.
$T0> create index idx7 on t1(i3, i1) tablespace data2;
Create success.
$T0> create index idx8 on t1(i3, i2, i1) tablespace data2;
Create success.

$T0> insert into t1 values ( '1', '1', '1' );
1 row inserted.
$T0> insert into t1 values ( '2', '2', '2' );
1 row inserted.
$T0> insert into t1 values ( '100', '100', '100' );
1 row inserted.
$T0> insert into t1 values ( '101', '101', '101' );
1 row inserted.
$T0> insert into t1 values ( '200', '200', '200' );
1 row inserted.
$T0> insert into t1 values ( '202', '202', '202' );
1 row inserted.


$T0> alter index idx1 rebuild;
Alter success.
$T0> alter index idx2 rebuild;
Alter success.
$T0> alter index idx3 rebuild;
Alter success.
$T0> alter index idx4 rebuild;
Alter success.
$T0> alter index idx5 rebuild;
Alter success.
$T0> alter index idx6 rebuild;
Alter success.
$T0> alter index idx7 rebuild;
Alter success.
$T0> alter index idx8 rebuild;
Alter success.

$T0> alter session set explain plan = on;
Alter success.

$T0> select /*+index(t1,idx1)*/ * from t1;
T1.I1       T1.I2       T1.I3       
----------------------------------------
1           1           1           
100         100         100         
101         101         101         
2           2           2           
200         200         200         
202         202         202         
6 rows selected.
------------------------------------------------------------
PROJECT ( COLUMN_COUNT: 3, TUPLE_SIZE: 20, COST: BLOCKED )
 PARTITION-COORDINATOR ( TABLE: SYS.T1, PARTITION: 3/3, INDEX: SYS.IDX1, ACCESS: 6, COST: BLOCKED )
  SCAN ( PARTITION: P3, RID SCAN, ACCESS: 2, DISK_PAGE_COUNT: BLOCKED, COST: BLOCKED )
  SCAN ( PARTITION: P2, RID SCAN, ACCESS: 3, DISK_PAGE_COUNT: BLOCKED, COST: BLOCKED )
  SCAN ( PARTITION: P1, RID SCAN, ACCESS: 1, DISK_PAGE_COUNT: BLOCKED, COST: BLOCKED )
------------------------------------------------------------
$T0> select /*+index(t1,idx2)*/ * from t1;
T1.I1       T1.I2       T1.I3       
----------------------------------------
1           1           1           
100         100         100         
101         101         101         
2           2           2           
200         200         200         
202         202         202         
6 rows selected.
------------------------------------------------------------
PROJECT ( COLUMN_COUNT: 3, TUPLE_SIZE: 20, COST: BLOCKED )
 PARTITION-COORDINATOR ( TABLE: SYS.T1, PARTITION: 3/3, INDEX: SYS.IDX2, ACCESS: 6, COST: BLOCKED )
  SCAN ( PARTITION: P3, RID SCAN, ACCESS: 2, DISK_PAGE_COUNT: BLOCKED, COST: BLOCKED )
  SCAN ( PARTITION: P2, RID SCAN, ACCESS: 3, DISK_PAGE_COUNT: BLOCKED, COST: BLOCKED )
  SCAN ( PARTITION: P1, RID SCAN, ACCESS: 1, DISK_PAGE_COUNT: BLOCKED, COST: BLOCKED )
------------------------------------------------------------
$T0> select /*+index(t1,idx3)*/ * from t1;
T1.I1       T1.I2       T1.I3       
----------------------------------------
1           1           1           
100         100         100         
101         101         101         
2           2           2           
200         200         200         
202         202         202         
6 rows selected.
------------------------------------------------------------
PROJECT ( COLUMN_COUNT: 3, TUPLE_SIZE: 20, COST: BLOCKED )
 PARTITION-COORDINATOR ( TABLE: SYS.T1, PARTITION: 3/3, INDEX: SYS.IDX3, ACCESS: 6, COST: BLOCKED )
  SCAN ( PARTITION: P3, RID SCAN, ACCESS: 2, DISK_PAGE_COUNT: BLOCKED, COST: BLOCKED )
  SCAN ( PARTITION: P2, RID SCAN, ACCESS: 3, DISK_PAGE_COUNT: BLOCKED, COST: BLOCKED )
  SCAN ( PARTITION: P1, RID SCAN, ACCESS: 1, DISK_PAGE_COUNT: BLOCKED, COST: BLOCKED )
------------------------------------------------------------
$T0> select /*+index(t1,idx4)*/ * from t1;
T1.I1       T1.I2       T1.I3       
----------------------------------------
1           1           1           
2           2           2           
100         100         100         
101         101         101         
200         200         200         
202         202         202         
6 rows selected.
------------------------------------------------------------
PROJECT ( COLUMN_COUNT: 3, TUPLE_SIZE: 20, COST: BLOCKED )
 PARTITION-COORDINATOR ( TABLE: SYS.T1, PARTITION: 3/3, INDEX: SYS.IDX4, ACCESS: 6, COST: BLOCKED )
  SCAN ( PARTITION: P3, RID SCAN, ACCESS: 2, DISK_PAGE_COUNT: BLOCKED, COST: BLOCKED )
  SCAN ( PARTITION: P2, RID SCAN, ACCESS: 3, DISK_PAGE_COUNT: BLOCKED, COST: BLOCKED )
  SCAN ( PARTITION: P1, RID SCAN, ACCESS: 1, DISK_PAGE_COUNT: BLOCKED, COST: BLOCKED )
------------------------------------------------------------
$T0> select /*+index(t1,idx5)*/ * from t1;
T1.I1       T1.I2       T1.I3       
----------------------------------------
1           1           1           
2           2           2           
100         100         100         
101         101         101         
200         200         200         
202         202         202         
6 rows selected.
------------------------------------------------------------
PROJECT ( COLUMN_COUNT: 3, TUPLE_SIZE: 20, COST: BLOCKED )
 PARTITION-COORDINATOR ( TABLE: SYS.T1, PARTITION: 3/3, INDEX: SYS.IDX5, ACCESS: 6, COST: BLOCKED )
  SCAN ( PARTITION: P3, RID SCAN, ACCESS: 2, DISK_PAGE_COUNT: BLOCKED, COST: BLOCKED )
  SCAN ( PARTITION: P2, RID SCAN, ACCESS: 3, DISK_PAGE_COUNT: BLOCKED, COST: BLOCKED )
  SCAN ( PARTITION: P1, RID SCAN, ACCESS: 1, DISK_PAGE_COUNT: BLOCKED, COST: BLOCKED )
------------------------------------------------------------
$T0> select /*+index(t1,idx6)*/ * from t1;
T1.I1       T1.I2       T1.I3       
----------------------------------------
1           1           1           
2           2           2           
100         100         100         
101         101         101         
200         200         200         
202         202         202         
6 rows selected.
------------------------------------------------------------
PROJECT ( COLUMN_COUNT: 3, TUPLE_SIZE: 20, COST: BLOCKED )
 PARTITION-COORDINATOR ( TABLE: SYS.T1, PARTITION: 3/3, INDEX: SYS.IDX6, ACCESS: 6, COST: BLOCKED )
  SCAN ( PARTITION: P3, RID SCAN, ACCESS: 2, DISK_PAGE_COUNT: BLOCKED, COST: BLOCKED )
  SCAN ( PARTITION: P2, RID SCAN, ACCESS: 3, DISK_PAGE_COUNT: BLOCKED, COST: BLOCKED )
  SCAN ( PARTITION: P1, RID SCAN, ACCESS: 1, DISK_PAGE_COUNT: BLOCKED, COST: BLOCKED )
------------------------------------------------------------
$T0> select /*+index(t1,idx7)*/ * from t1;
T1.I1       T1.I2       T1.I3       
----------------------------------------
1           1           1           
2           2           2           
100         100         100         
101         101         101         
200         200         200         
202         202         202         
6 rows selected.
------------------------------------------------------------
PROJECT ( COLUMN_COUNT: 3, TUPLE_SIZE: 20, COST: BLOCKED )
 PARTITION-COORDINATOR ( TABLE: SYS.T1, PARTITION: 3/3, INDEX: SYS.IDX7, ACCESS: 6, COST: BLOCKED )
  SCAN ( PARTITION: P3, RID SCAN, ACCESS: 2, DISK_PAGE_COUNT: BLOCKED, COST: BLOCKED )
  SCAN ( PARTITION: P2, RID SCAN, ACCESS: 3, DISK_PAGE_COUNT: BLOCKED, COST: BLOCKED )
  SCAN ( PARTITION: P1, RID SCAN, ACCESS: 1, DISK_PAGE_COUNT: BLOCKED, COST: BLOCKED )
------------------------------------------------------------
$T0> select /*+index(t1,idx8)*/ * from t1;
T1.I1       T1.I2       T1.I3       
----------------------------------------
1           1           1           
2           2           2           
100         100         100         
101         101         101         
200         200         200         
202         202         202         
6 rows selected.
------------------------------------------------------------
PROJECT ( COLUMN_COUNT: 3, TUPLE_SIZE: 20, COST: BLOCKED )
 PARTITION-COORDINATOR ( TABLE: SYS.T1, PARTITION: 3/3, INDEX: SYS.IDX8, ACCESS: 6, COST: BLOCKED )
  SCAN ( PARTITION: P3, RID SCAN, ACCESS: 2, DISK_PAGE_COUNT: BLOCKED, COST: BLOCKED )
  SCAN ( PARTITION: P2, RID SCAN, ACCESS: 3, DISK_PAGE_COUNT: BLOCKED, COST: BLOCKED )
  SCAN ( PARTITION: P1, RID SCAN, ACCESS: 1, DISK_PAGE_COUNT: BLOCKED, COST: BLOCKED )
------------------------------------------------------------

$T0> alter session set explain plan = off;
Alter success.


$T0> create table t1( i1 varchar(10), i2 numeric(5,1), i3 numeric(5,1) )
partition by range(i1)
(
  partition p1 values less than ('100'),
  partition p2 values less than ('200'),
  partition p3 values default
)
tablespace sys_tbs_disk_data;
Create success.


$T0> create index idx1 on t1(i1);
Create success.
$T0> create index idx2 on t1(i1, i2);
Create success.
$T0> create index idx3 on t1(i1, i2, i3);
Create success.

$T0> create index idx4 on t1(i2) tablespace data1;
Create success.
$T0> create index idx5 on t1(i2, i3) tablespace data1;
Create success.

$T0> create index idx6 on t1(i3) tablespace data2;
Create success.
$T0> create index idx7 on t1(i3, i1) tablespace data2;
Create success.
$T0> create index idx8 on t1(i3, i2, i1) tablespace data2;
Create success.

$T0> insert into t1 values ( '1', '1', '1' );
1 row inserted.
$T0> insert into t1 values ( '2', '2', '2' );
1 row inserted.
$T0> insert into t1 values ( '100', '100', '100' );
1 row inserted.
$T0> insert into t1 values ( '101', '101', '101' );
1 row inserted.
$T0> insert into t1 values ( '200', '200', '200' );
1 row inserted.
$T0> insert into t1 values ( '202', '202', '202' );
1 row inserted.


$T0> alter index idx1 rebuild;
Alter success.
$T0> alter index idx2 rebuild;
Alter success.
$T0> alter index idx3 rebuild;
Alter success.
$T0> alter index idx4 rebuild;
Alter success.
$T0> alter index idx5 rebuild;
Alter success.
$T0> alter index idx6 rebuild;
Alter success.
$T0> alter index idx7 rebuild;
Alter success.
$T0> alter index idx8 rebuild;
Alter success.

$T0> alter session set explain plan = on;
Alter success.

$T0> select /*+index(t1,idx1)*/ * from t1;
T1.I1       T1.I2       T1.I3       
----------------------------------------
1           1           1           
100         100         100         
101         101         101         
2           2           2           
200         200         200         
202         202         202         
6 rows selected.
------------------------------------------------------------
PROJECT ( COLUMN_COUNT: 3, TUPLE_SIZE: 24, COST: BLOCKED )
 PARTITION-COORDINATOR ( TABLE: SYS.T1, PARTITION: 3/3, INDEX: SYS.IDX1, ACCESS: 6, COST: BLOCKED )
  SCAN ( PARTITION: P3, RID SCAN, ACCESS: 2, DISK_PAGE_COUNT: BLOCKED, COST: BLOCKED )
  SCAN ( PARTITION: P2, RID SCAN, ACCESS: 3, DISK_PAGE_COUNT: BLOCKED, COST: BLOCKED )
  SCAN ( PARTITION: P1, RID SCAN, ACCESS: 1, DISK_PAGE_COUNT: BLOCKED, COST: BLOCKED )
------------------------------------------------------------
$T0> select /*+index(t1,idx2)*/ * from t1;
T1.I1       T1.I2       T1.I3       
----------------------------------------
1           1           1           
100         100         100         
101         101         101         
2           2           2           
200         200         200         
202         202         202         
6 rows selected.
------------------------------------------------------------
PROJECT ( COLUMN_COUNT: 3, TUPLE_SIZE: 24, COST: BLOCKED )
 PARTITION-COORDINATOR ( TABLE: SYS.T1, PARTITION: 3/3, INDEX: SYS.IDX2, ACCESS: 6, COST: BLOCKED )
  SCAN ( PARTITION: P3, RID SCAN, ACCESS: 2, DISK_PAGE_COUNT: BLOCKED, COST: BLOCKED )
  SCAN ( PARTITION: P2, RID SCAN, ACCESS: 3, DISK_PAGE_COUNT: BLOCKED, COST: BLOCKED )
  SCAN ( PARTITION: P1, RID SCAN, ACCESS: 1, DISK_PAGE_COUNT: BLOCKED, COST: BLOCKED )
------------------------------------------------------------
$T0> select /*+index(t1,idx3)*/ * from t1;
T1.I1       T1.I2       T1.I3       
----------------------------------------
1           1           1           
100         100         100         
101         101         101         
2           2           2           
200         200         200         
202         202         202         
6 rows selected.
------------------------------------------------------------
PROJECT ( COLUMN_COUNT: 3, TUPLE_SIZE: 24, COST: BLOCKED )
 PARTITION-COORDINATOR ( TABLE: SYS.T1, PARTITION: 3/3, INDEX: SYS.IDX3, ACCESS: 6, COST: BLOCKED )
  SCAN ( PARTITION: P3, RID SCAN, ACCESS: 2, DISK_PAGE_COUNT: BLOCKED, COST: BLOCKED )
  SCAN ( PARTITION: P2, RID SCAN, ACCESS: 3, DISK_PAGE_COUNT: BLOCKED, COST: BLOCKED )
  SCAN ( PARTITION: P1, RID SCAN, ACCESS: 1, DISK_PAGE_COUNT: BLOCKED, COST: BLOCKED )
------------------------------------------------------------
$T0> select /*+index(t1,idx4)*/ * from t1;
T1.I1       T1.I2       T1.I3       
----------------------------------------
1           1           1           
2           2           2           
100         100         100         
101         101         101         
200         200         200         
202         202         202         
6 rows selected.
------------------------------------------------------------
PROJECT ( COLUMN_COUNT: 3, TUPLE_SIZE: 24, COST: BLOCKED )
 PARTITION-COORDINATOR ( TABLE: SYS.T1, PARTITION: 3/3, INDEX: SYS.IDX4, ACCESS: 6, COST: BLOCKED )
  SCAN ( PARTITION: P3, RID SCAN, ACCESS: 2, DISK_PAGE_COUNT: BLOCKED, COST: BLOCKED )
  SCAN ( PARTITION: P2, RID SCAN, ACCESS: 3, DISK_PAGE_COUNT: BLOCKED, COST: BLOCKED )
  SCAN ( PARTITION: P1, RID SCAN, ACCESS: 1, DISK_PAGE_COUNT: BLOCKED, COST: BLOCKED )
------------------------------------------------------------
$T0> select /*+index(t1,idx5)*/ * from t1;
T1.I1       T1.I2       T1.I3       
----------------------------------------
1           1           1           
2           2           2           
100         100         100         
101         101         101         
200         200         200         
202         202         202         
6 rows selected.
------------------------------------------------------------
PROJECT ( COLUMN_COUNT: 3, TUPLE_SIZE: 24, COST: BLOCKED )
 PARTITION-COORDINATOR ( TABLE: SYS.T1, PARTITION: 3/3, INDEX: SYS.IDX5, ACCESS: 6, COST: BLOCKED )
  SCAN ( PARTITION: P3, RID SCAN, ACCESS: 2, DISK_PAGE_COUNT: BLOCKED, COST: BLOCKED )
  SCAN ( PARTITION: P2, RID SCAN, ACCESS: 3, DISK_PAGE_COUNT: BLOCKED, COST: BLOCKED )
  SCAN ( PARTITION: P1, RID SCAN, ACCESS: 1, DISK_PAGE_COUNT: BLOCKED, COST: BLOCKED )
------------------------------------------------------------
$T0> select /*+index(t1,idx6)*/ * from t1;
T1.I1       T1.I2       T1.I3       
----------------------------------------
1           1           1           
2           2           2           
100         100         100         
101         101         101         
200         200         200         
202         202         202         
6 rows selected.
------------------------------------------------------------
PROJECT ( COLUMN_COUNT: 3, TUPLE_SIZE: 24, COST: BLOCKED )
 PARTITION-COORDINATOR ( TABLE: SYS.T1, PARTITION: 3/3, INDEX: SYS.IDX6, ACCESS: 6, COST: BLOCKED )
  SCAN ( PARTITION: P3, RID SCAN, ACCESS: 2, DISK_PAGE_COUNT: BLOCKED, COST: BLOCKED )
  SCAN ( PARTITION: P2, RID SCAN, ACCESS: 3, DISK_PAGE_COUNT: BLOCKED, COST: BLOCKED )
  SCAN ( PARTITION: P1, RID SCAN, ACCESS: 1, DISK_PAGE_COUNT: BLOCKED, COST: BLOCKED )
------------------------------------------------------------
$T0> select /*+index(t1,idx7)*/ * from t1;
T1.I1       T1.I2       T1.I3       
----------------------------------------
1           1           1           
2           2           2           
100         100         100         
101         101         101         
200         200         200         
202         202         202         
6 rows selected.
------------------------------------------------------------
PROJECT ( COLUMN_COUNT: 3, TUPLE_SIZE: 24, COST: BLOCKED )
 PARTITION-COORDINATOR ( TABLE: SYS.T1, PARTITION: 3/3, INDEX: SYS.IDX7, ACCESS: 6, COST: BLOCKED )
  SCAN ( PARTITION: P3, RID SCAN, ACCESS: 2, DISK_PAGE_COUNT: BLOCKED, COST: BLOCKED )
  SCAN ( PARTITION: P2, RID SCAN, ACCESS: 3, DISK_PAGE_COUNT: BLOCKED, COST: BLOCKED )
  SCAN ( PARTITION: P1, RID SCAN, ACCESS: 1, DISK_PAGE_COUNT: BLOCKED, COST: BLOCKED )
------------------------------------------------------------
$T0> select /*+index(t1,idx8)*/ * from t1;
T1.I1       T1.I2       T1.I3       
----------------------------------------
1           1           1           
2           2           2           
100         100         100         
101         101         101         
200         200         200         
202         202         202         
6 rows selected.
------------------------------------------------------------
PROJECT ( COLUMN_COUNT: 3, TUPLE_SIZE: 24, COST: BLOCKED )
 PARTITION-COORDINATOR ( TABLE: SYS.T1, PARTITION: 3/3, INDEX: SYS.IDX8, ACCESS: 6, COST: BLOCKED )
  SCAN ( PARTITION: P3, RID SCAN, ACCESS: 2, DISK_PAGE_COUNT: BLOCKED, COST: BLOCKED )
  SCAN ( PARTITION: P2, RID SCAN, ACCESS: 3, DISK_PAGE_COUNT: BLOCKED, COST: BLOCKED )
  SCAN ( PARTITION: P1, RID SCAN, ACCESS: 1, DISK_PAGE_COUNT: BLOCKED, COST: BLOCKED )
------------------------------------------------------------

$T0> alter session set explain plan = off;
Alter success.


$T0> create table t1( i1 varchar(10), i2 char(10), i3 char(10) )
partition by range(i1)
(
  partition p1 values less than ('100'),
  partition p2 values less than ('200'),
  partition p3 values default
)
tablespace sys_tbs_disk_data;
Create success.


$T0> create index idx1 on t1(i1);
Create success.
$T0> create index idx2 on t1(i1, i2);
Create success.
$T0> create index idx3 on t1(i1, i2, i3);
Create success.

$T0> create index idx4 on t1(i2) tablespace data1;
Create success.
$T0> create index idx5 on t1(i2, i3) tablespace data1;
Create success.

$T0> create index idx6 on t1(i3) tablespace data2;
Create success.
$T0> create index idx7 on t1(i3, i1) tablespace data2;
Create success.
$T0> create index idx8 on t1(i3, i2, i1) tablespace data2;
Create success.

$T0> insert into t1 values ( '1', '1', '1' );
1 row inserted.
$T0> insert into t1 values ( '2', '2', '2' );
1 row inserted.
$T0> insert into t1 values ( '100', '100', '100' );
1 row inserted.
$T0> insert into t1 values ( '101', '101', '101' );
1 row inserted.
$T0> insert into t1 values ( '200', '200', '200' );
1 row inserted.
$T0> insert into t1 values ( '202', '202', '202' );
1 row inserted.


$T0> alter index idx1 rebuild;
Alter success.
$T0> alter index idx2 rebuild;
Alter success.
$T0> alter index idx3 rebuild;
Alter success.
$T0> alter index idx4 rebuild;
Alter success.
$T0> alter index idx5 rebuild;
Alter success.
$T0> alter index idx6 rebuild;
Alter success.
$T0> alter index idx7 rebuild;
Alter success.
$T0> alter index idx8 rebuild;
Alter success.

$T0> alter session set explain plan = on;
Alter success.

$T0> select /*+index(t1,idx1)*/ * from t1;
T1.I1       T1.I2       T1.I3       
----------------------------------------
1           1           1           
100         100         100         
101         101         101         
2           2           2           
200         200         200         
202         202         202         
6 rows selected.
------------------------------------------------------------
PROJECT ( COLUMN_COUNT: 3, TUPLE_SIZE: 36, COST: BLOCKED )
 PARTITION-COORDINATOR ( TABLE: SYS.T1, PARTITION: 3/3, INDEX: SYS.IDX1, ACCESS: 6, COST: BLOCKED )
  SCAN ( PARTITION: P3, RID SCAN, ACCESS: 2, DISK_PAGE_COUNT: BLOCKED, COST: BLOCKED )
  SCAN ( PARTITION: P2, RID SCAN, ACCESS: 3, DISK_PAGE_COUNT: BLOCKED, COST: BLOCKED )
  SCAN ( PARTITION: P1, RID SCAN, ACCESS: 1, DISK_PAGE_COUNT: BLOCKED, COST: BLOCKED )
------------------------------------------------------------
$T0> select /*+index(t1,idx2)*/ * from t1;
T1.I1       T1.I2       T1.I3       
----------------------------------------
1           1           1           
100         100         100         
101         101         101         
2           2           2           
200         200         200         
202         202         202         
6 rows selected.
------------------------------------------------------------
PROJECT ( COLUMN_COUNT: 3, TUPLE_SIZE: 36, COST: BLOCKED )
 PARTITION-COORDINATOR ( TABLE: SYS.T1, PARTITION: 3/3, INDEX: SYS.IDX2, ACCESS: 6, COST: BLOCKED )
  SCAN ( PARTITION: P3, RID SCAN, ACCESS: 2, DISK_PAGE_COUNT: BLOCKED, COST: BLOCKED )
  SCAN ( PARTITION: P2, RID SCAN, ACCESS: 3, DISK_PAGE_COUNT: BLOCKED, COST: BLOCKED )
  SCAN ( PARTITION: P1, RID SCAN, ACCESS: 1, DISK_PAGE_COUNT: BLOCKED, COST: BLOCKED )
------------------------------------------------------------
$T0> select /*+index(t1,idx3)*/ * from t1;
T1.I1       T1.I2       T1.I3       
----------------------------------------
1           1           1           
100         100         100         
101         101         101         
2           2           2           
200         200         200         
202         202         202         
6 rows selected.
------------------------------------------------------------
PROJECT ( COLUMN_COUNT: 3, TUPLE_SIZE: 36, COST: BLOCKED )
 PARTITION-COORDINATOR ( TABLE: SYS.T1, PARTITION: 3/3, INDEX: SYS.IDX3, ACCESS: 6, COST: BLOCKED )
  SCAN ( PARTITION: P3, RID SCAN, ACCESS: 2, DISK_PAGE_COUNT: BLOCKED, COST: BLOCKED )
  SCAN ( PARTITION: P2, RID SCAN, ACCESS: 3, DISK_PAGE_COUNT: BLOCKED, COST: BLOCKED )
  SCAN ( PARTITION: P1, RID SCAN, ACCESS: 1, DISK_PAGE_COUNT: BLOCKED, COST: BLOCKED )
------------------------------------------------------------
$T0> select /*+index(t1,idx4)*/ * from t1;
T1.I1       T1.I2       T1.I3       
----------------------------------------
1           1           1           
100         100         100         
101         101         101         
2           2           2           
200         200         200         
202         202         202         
6 rows selected.
------------------------------------------------------------
PROJECT ( COLUMN_COUNT: 3, TUPLE_SIZE: 36, COST: BLOCKED )
 PARTITION-COORDINATOR ( TABLE: SYS.T1, PARTITION: 3/3, INDEX: SYS.IDX4, ACCESS: 6, COST: BLOCKED )
  SCAN ( PARTITION: P3, RID SCAN, ACCESS: 2, DISK_PAGE_COUNT: BLOCKED, COST: BLOCKED )
  SCAN ( PARTITION: P2, RID SCAN, ACCESS: 3, DISK_PAGE_COUNT: BLOCKED, COST: BLOCKED )
  SCAN ( PARTITION: P1, RID SCAN, ACCESS: 1, DISK_PAGE_COUNT: BLOCKED, COST: BLOCKED )
------------------------------------------------------------
$T0> select /*+index(t1,idx5)*/ * from t1;
T1.I1       T1.I2       T1.I3       
----------------------------------------
1           1           1           
100         100         100         
101         101         101         
2           2           2           
200         200         200         
202         202         202         
6 rows selected.
------------------------------------------------------------
PROJECT ( COLUMN_COUNT: 3, TUPLE_SIZE: 36, COST: BLOCKED )
 PARTITION-COORDINATOR ( TABLE: SYS.T1, PARTITION: 3/3, INDEX: SYS.IDX5, ACCESS: 6, COST: BLOCKED )
  SCAN ( PARTITION: P3, RID SCAN, ACCESS: 2, DISK_PAGE_COUNT: BLOCKED, COST: BLOCKED )
  SCAN ( PARTITION: P2, RID SCAN, ACCESS: 3, DISK_PAGE_COUNT: BLOCKED, COST: BLOCKED )
  SCAN ( PARTITION: P1, RID SCAN, ACCESS: 1, DISK_PAGE_COUNT: BLOCKED, COST: BLOCKED )
------------------------------------------------------------
$T0> select /*+index(t1,idx6)*/ * from t1;
T1.I1       T1.I2       T1.I3       
----------------------------------------
1           1           1           
100         100         100         
101         101         101         
2           2           2           
200         200         200         
202         202         202         
6 rows selected.
------------------------------------------------------------
PROJECT ( COLUMN_COUNT: 3, TUPLE_SIZE: 36, COST: BLOCKED )
 PARTITION-COORDINATOR ( TABLE: SYS.T1, PARTITION: 3/3, INDEX: SYS.IDX6, ACCESS: 6, COST: BLOCKED )
  SCAN ( PARTITION: P3, RID SCAN, ACCESS: 2, DISK_PAGE_COUNT: BLOCKED, COST: BLOCKED )
  SCAN ( PARTITION: P2, RID SCAN, ACCESS: 3, DISK_PAGE_COUNT: BLOCKED, COST: BLOCKED )
  SCAN ( PARTITION: P1, RID SCAN, ACCESS: 1, DISK_PAGE_COUNT: BLOCKED, COST: BLOCKED )
------------------------------------------------------------
$T0> select /*+index(t1,idx7)*/ * from t1;
T1.I1       T1.I2       T1.I3       
----------------------------------------
1           1           1           
100         100         100         
101         101         101         
2           2           2           
200         200         200         
202         202         202         
6 rows selected.
------------------------------------------------------------
PROJECT ( COLUMN_COUNT: 3, TUPLE_SIZE: 36, COST: BLOCKED )
 PARTITION-COORDINATOR ( TABLE: SYS.T1, PARTITION: 3/3, INDEX: SYS.IDX7, ACCESS: 6, COST: BLOCKED )
  SCAN ( PARTITION: P3, RID SCAN, ACCESS: 2, DISK_PAGE_COUNT: BLOCKED, COST: BLOCKED )
  SCAN ( PARTITION: P2, RID SCAN, ACCESS: 3, DISK_PAGE_COUNT: BLOCKED, COST: BLOCKED )
  SCAN ( PARTITION: P1, RID SCAN, ACCESS: 1, DISK_PAGE_COUNT: BLOCKED, COST: BLOCKED )
------------------------------------------------------------
$T0> select /*+index(t1,idx8)*/ * from t1;
T1.I1       T1.I2       T1.I3       
----------------------------------------
1           1           1           
100         100         100         
101         101         101         
2           2           2           
200         200         200         
202         202         202         
6 rows selected.
------------------------------------------------------------
PROJECT ( COLUMN_COUNT: 3, TUPLE_SIZE: 36, COST: BLOCKED )
 PARTITION-COORDINATOR ( TABLE: SYS.T1, PARTITION: 3/3, INDEX: SYS.IDX8, ACCESS: 6, COST: BLOCKED )
  SCAN ( PARTITION: P3, RID SCAN, ACCESS: 2, DISK_PAGE_COUNT: BLOCKED, COST: BLOCKED )
  SCAN ( PARTITION: P2, RID SCAN, ACCESS: 3, DISK_PAGE_COUNT: BLOCKED, COST: BLOCKED )
  SCAN ( PARTITION: P1, RID SCAN, ACCESS: 1, DISK_PAGE_COUNT: BLOCKED, COST: BLOCKED )
------------------------------------------------------------

$T0> alter session set explain plan = off;
Alter success.


$T0> create table t1( i1 varchar(10), i2 varchar(10), i3 varchar(10) )
partition by range(i1)
(
  partition p1 values less than ('100'),
  partition p2 values less than ('200'),
  partition p3 values default
)
tablespace sys_tbs_disk_data;
Create success.


$T0> create index idx1 on t1(i1);
Create success.
$T0> create index idx2 on t1(i1, i2);
Create success.
$T0> create index idx3 on t1(i1, i2, i3);
Create success.

$T0> create index idx4 on t1(i2) tablespace data1;
Create success.
$T0> create index idx5 on t1(i2, i3) tablespace data1;
Create success.

$T0> create index idx6 on t1(i3) tablespace data2;
Create success.
$T0> create index idx7 on t1(i3, i1) tablespace data2;
Create success.
$T0> create index idx8 on t1(i3, i2, i1) tablespace data2;
Create success.

$T0> insert into t1 values ( '1', '1', '1' );
1 row inserted.
$T0> insert into t1 values ( '2', '2', '2' );
1 row inserted.
$T0> insert into t1 values ( '100', '100', '100' );
1 row inserted.
$T0> insert into t1 values ( '101', '101', '101' );
1 row inserted.
$T0> insert into t1 values ( '200', '200', '200' );
1 row inserted.
$T0> insert into t1 values ( '202', '202', '202' );
1 row inserted.


$T0> alter index idx1 rebuild;
Alter success.
$T0> alter index idx2 rebuild;
Alter success.
$T0> alter index idx3 rebuild;
Alter success.
$T0> alter index idx4 rebuild;
Alter success.
$T0> alter index idx5 rebuild;
Alter success.
$T0> alter index idx6 rebuild;
Alter success.
$T0> alter index idx7 rebuild;
Alter success.
$T0> alter index idx8 rebuild;
Alter success.

$T0> alter session set explain plan = on;
Alter success.

$T0> select /*+index(t1,idx1)*/ * from t1;
T1.I1       T1.I2       T1.I3       
----------------------------------------
1           1           1           
100         100         100         
101         101         101         
2           2           2           
200         200         200         
202         202         202         
6 rows selected.
------------------------------------------------------------
PROJECT ( COLUMN_COUNT: 3, TUPLE_SIZE: 36, COST: BLOCKED )
 PARTITION-COORDINATOR ( TABLE: SYS.T1, PARTITION: 3/3, INDEX: SYS.IDX1, ACCESS: 6, COST: BLOCKED )
  SCAN ( PARTITION: P3, RID SCAN, ACCESS: 2, DISK_PAGE_COUNT: BLOCKED, COST: BLOCKED )
  SCAN ( PARTITION: P2, RID SCAN, ACCESS: 3, DISK_PAGE_COUNT: BLOCKED, COST: BLOCKED )
  SCAN ( PARTITION: P1, RID SCAN, ACCESS: 1, DISK_PAGE_COUNT: BLOCKED, COST: BLOCKED )
------------------------------------------------------------
$T0> select /*+index(t1,idx2)*/ * from t1;
T1.I1       T1.I2       T1.I3       
----------------------------------------
1           1           1           
100         100         100         
101         101         101         
2           2           2           
200         200         200         
202         202         202         
6 rows selected.
------------------------------------------------------------
PROJECT ( COLUMN_COUNT: 3, TUPLE_SIZE: 36, COST: BLOCKED )
 PARTITION-COORDINATOR ( TABLE: SYS.T1, PARTITION: 3/3, INDEX: SYS.IDX2, ACCESS: 6, COST: BLOCKED )
  SCAN ( PARTITION: P3, RID SCAN, ACCESS: 2, DISK_PAGE_COUNT: BLOCKED, COST: BLOCKED )
  SCAN ( PARTITION: P2, RID SCAN, ACCESS: 3, DISK_PAGE_COUNT: BLOCKED, COST: BLOCKED )
  SCAN ( PARTITION: P1, RID SCAN, ACCESS: 1, DISK_PAGE_COUNT: BLOCKED, COST: BLOCKED )
------------------------------------------------------------
$T0> select /*+index(t1,idx3)*/ * from t1;
T1.I1       T1.I2       T1.I3       
----------------------------------------
1           1           1           
100         100         100         
101         101         101         
2           2           2           
200         200         200         
202         202         202         
6 rows selected.
------------------------------------------------------------
PROJECT ( COLUMN_COUNT: 3, TUPLE_SIZE: 36, COST: BLOCKED )
 PARTITION-COORDINATOR ( TABLE: SYS.T1, PARTITION: 3/3, INDEX: SYS.IDX3, ACCESS: 6, COST: BLOCKED )
  SCAN ( PARTITION: P3, RID SCAN, ACCESS: 2, DISK_PAGE_COUNT: BLOCKED, COST: BLOCKED )
  SCAN ( PARTITION: P2, RID SCAN, ACCESS: 3, DISK_PAGE_COUNT: BLOCKED, COST: BLOCKED )
  SCAN ( PARTITION: P1, RID SCAN, ACCESS: 1, DISK_PAGE_COUNT: BLOCKED, COST: BLOCKED )
------------------------------------------------------------
$T0> select /*+index(t1,idx4)*/ * from t1;
T1.I1       T1.I2       T1.I3       
----------------------------------------
1           1           1           
100         100         100         
101         101         101         
2           2           2           
200         200         200         
202         202         202         
6 rows selected.
------------------------------------------------------------
PROJECT ( COLUMN_COUNT: 3, TUPLE_SIZE: 36, COST: BLOCKED )
 PARTITION-COORDINATOR ( TABLE: SYS.T1, PARTITION: 3/3, INDEX: SYS.IDX4, ACCESS: 6, COST: BLOCKED )
  SCAN ( PARTITION: P3, RID SCAN, ACCESS: 2, DISK_PAGE_COUNT: BLOCKED, COST: BLOCKED )
  SCAN ( PARTITION: P2, RID SCAN, ACCESS: 3, DISK_PAGE_COUNT: BLOCKED, COST: BLOCKED )
  SCAN ( PARTITION: P1, RID SCAN, ACCESS: 1, DISK_PAGE_COUNT: BLOCKED, COST: BLOCKED )
------------------------------------------------------------
$T0> select /*+index(t1,idx5)*/ * from t1;
T1.I1       T1.I2       T1.I3       
----------------------------------------
1           1           1           
100         100         100         
101         101         101         
2           2           2           
200         200         200         
202         202         202         
6 rows selected.
------------------------------------------------------------
PROJECT ( COLUMN_COUNT: 3, TUPLE_SIZE: 36, COST: BLOCKED )
 PARTITION-COORDINATOR ( TABLE: SYS.T1, PARTITION: 3/3, INDEX: SYS.IDX5, ACCESS: 6, COST: BLOCKED )
  SCAN ( PARTITION: P3, RID SCAN, ACCESS: 2, DISK_PAGE_COUNT: BLOCKED, COST: BLOCKED )
  SCAN ( PARTITION: P2, RID SCAN, ACCESS: 3, DISK_PAGE_COUNT: BLOCKED, COST: BLOCKED )
  SCAN ( PARTITION: P1, RID SCAN, ACCESS: 1, DISK_PAGE_COUNT: BLOCKED, COST: BLOCKED )
------------------------------------------------------------
$T0> select /*+index(t1,idx6)*/ * from t1;
T1.I1       T1.I2       T1.I3       
----------------------------------------
1           1           1           
100         100         100         
101         101         101         
2           2           2           
200         200         200         
202         202         202         
6 rows selected.
------------------------------------------------------------
PROJECT ( COLUMN_COUNT: 3, TUPLE_SIZE: 36, COST: BLOCKED )
 PARTITION-COORDINATOR ( TABLE: SYS.T1, PARTITION: 3/3, INDEX: SYS.IDX6, ACCESS: 6, COST: BLOCKED )
  SCAN ( PARTITION: P3, RID SCAN, ACCESS: 2, DISK_PAGE_COUNT: BLOCKED, COST: BLOCKED )
  SCAN ( PARTITION: P2, RID SCAN, ACCESS: 3, DISK_PAGE_COUNT: BLOCKED, COST: BLOCKED )
  SCAN ( PARTITION: P1, RID SCAN, ACCESS: 1, DISK_PAGE_COUNT: BLOCKED, COST: BLOCKED )
------------------------------------------------------------
$T0> select /*+index(t1,idx7)*/ * from t1;
T1.I1       T1.I2       T1.I3       
----------------------------------------
1           1           1           
100         100         100         
101         101         101         
2           2           2           
200         200         200         
202         202         202         
6 rows selected.
------------------------------------------------------------
PROJECT ( COLUMN_COUNT: 3, TUPLE_SIZE: 36, COST: BLOCKED )
 PARTITION-COORDINATOR ( TABLE: SYS.T1, PARTITION: 3/3, INDEX: SYS.IDX7, ACCESS: 6, COST: BLOCKED )
  SCAN ( PARTITION: P3, RID SCAN, ACCESS: 2, DISK_PAGE_COUNT: BLOCKED, COST: BLOCKED )
  SCAN ( PARTITION: P2, RID SCAN, ACCESS: 3, DISK_PAGE_COUNT: BLOCKED, COST: BLOCKED )
  SCAN ( PARTITION: P1, RID SCAN, ACCESS: 1, DISK_PAGE_COUNT: BLOCKED, COST: BLOCKED )
------------------------------------------------------------
$T0> select /*+index(t1,idx8)*/ * from t1;
T1.I1       T1.I2       T1.I3       
----------------------------------------
1           1           1           
100         100         100         
101         101         101         
2           2           2           
200         200         200         
202         202         202         
6 rows selected.
------------------------------------------------------------
PROJECT ( COLUMN_COUNT: 3, TUPLE_SIZE: 36, COST: BLOCKED )
 PARTITION-COORDINATOR ( TABLE: SYS.T1, PARTITION: 3/3, INDEX: SYS.IDX8, ACCESS: 6, COST: BLOCKED )
  SCAN ( PARTITION: P3, RID SCAN, ACCESS: 2, DISK_PAGE_COUNT: BLOCKED, COST: BLOCKED )
  SCAN ( PARTITION: P2, RID SCAN, ACCESS: 3, DISK_PAGE_COUNT: BLOCKED, COST: BLOCKED )
  SCAN ( PARTITION: P1, RID SCAN, ACCESS: 1, DISK_PAGE_COUNT: BLOCKED, COST: BLOCKED )
------------------------------------------------------------

$T0> alter session set explain plan = off;
Alter success.


$T0> create table t1( i1 integer, i2 integer, i3 integer )
partition by hash(i1)
(
  partition p1,
  partition p2,
  partition p3
)
tablespace sys_tbs_disk_data;
Create success.


$T0> create index idx1 on t1(i1);
Create success.
$T0> create index idx2 on t1(i1, i2);
Create success.
$T0> create index idx3 on t1(i1, i2, i3);
Create success.

$T0> create index idx4 on t1(i2) tablespace data1;
Create success.
$T0> create index idx5 on t1(i2, i3) tablespace data1;
Create success.

$T0> create index idx6 on t1(i3) tablespace data2;
Create success.
$T0> create index idx7 on t1(i3, i1) tablespace data2;
Create success.
$T0> create index idx8 on t1(i3, i2, i1) tablespace data2;
Create success.

$T0> insert into t1 values ( '1', '1', '1' );
1 row inserted.
$T0> insert into t1 values ( '2', '2', '2' );
1 row inserted.
$T0> insert into t1 values ( '100', '100', '100' );
1 row inserted.
$T0> insert into t1 values ( '101', '101', '101' );
1 row inserted.
$T0> insert into t1 values ( '200', '200', '200' );
1 row inserted.
$T0> insert into t1 values ( '202', '202', '202' );
1 row inserted.


$T0> alter index idx1 rebuild;
Alter success.
$T0> alter index idx2 rebuild;
Alter success.
$T0> alter index idx3 rebuild;
Alter success.
$T0> alter index idx4 rebuild;
Alter success.
$T0> alter index idx5 rebuild;
Alter success.
$T0> alter index idx6 rebuild;
Alter success.
$T0> alter index idx7 rebuild;
Alter success.
$T0> alter index idx8 rebuild;
Alter success.

$T0> alter session set explain plan = on;
Alter success.

$T0> select /*+index(t1,idx1)*/ * from t1;
T1.I1       T1.I2       T1.I3       
----------------------------------------
1           1           1           
2           2           2           
100         100         100         
101         101         101         
200         200         200         
202         202         202         
6 rows selected.
------------------------------------------------------------
PROJECT ( COLUMN_COUNT: 3, TUPLE_SIZE: 12, COST: BLOCKED )
 PARTITION-COORDINATOR ( TABLE: SYS.T1, PARTITION: 3/3, INDEX: SYS.IDX1, ACCESS: 6, COST: BLOCKED )
  SCAN ( PARTITION: P3, RID SCAN, ACCESS: 3, DISK_PAGE_COUNT: BLOCKED, COST: BLOCKED )
  SCAN ( PARTITION: P2, RID SCAN, ACCESS: 2, DISK_PAGE_COUNT: BLOCKED, COST: BLOCKED )
  SCAN ( PARTITION: P1, RID SCAN, ACCESS: 1, DISK_PAGE_COUNT: BLOCKED, COST: BLOCKED )
------------------------------------------------------------
$T0> select /*+index(t1,idx2)*/ * from t1;
T1.I1       T1.I2       T1.I3       
----------------------------------------
1           1           1           
2           2           2           
100         100         100         
101         101         101         
200         200         200         
202         202         202         
6 rows selected.
------------------------------------------------------------
PROJECT ( COLUMN_COUNT: 3, TUPLE_SIZE: 12, COST: BLOCKED )
 PARTITION-COORDINATOR ( TABLE: SYS.T1, PARTITION: 3/3, INDEX: SYS.IDX2, ACCESS: 6, COST: BLOCKED )
  SCAN ( PARTITION: P3, RID SCAN, ACCESS: 3, DISK_PAGE_COUNT: BLOCKED, COST: BLOCKED )
  SCAN ( PARTITION: P2, RID SCAN, ACCESS: 2, DISK_PAGE_COUNT: BLOCKED, COST: BLOCKED )
  SCAN ( PARTITION: P1, RID SCAN, ACCESS: 1, DISK_PAGE_COUNT: BLOCKED, COST: BLOCKED )
------------------------------------------------------------
$T0> select /*+index(t1,idx3)*/ * from t1;
T1.I1       T1.I2       T1.I3       
----------------------------------------
1           1           1           
2           2           2           
100         100         100         
101         101         101         
200         200         200         
202         202         202         
6 rows selected.
------------------------------------------------------------
PROJECT ( COLUMN_COUNT: 3, TUPLE_SIZE: 12, COST: BLOCKED )
 PARTITION-COORDINATOR ( TABLE: SYS.T1, PARTITION: 3/3, INDEX: SYS.IDX3, ACCESS: 6, COST: BLOCKED )
  SCAN ( PARTITION: P3, RID SCAN, ACCESS: 3, DISK_PAGE_COUNT: BLOCKED, COST: BLOCKED )
  SCAN ( PARTITION: P2, RID SCAN, ACCESS: 2, DISK_PAGE_COUNT: BLOCKED, COST: BLOCKED )
  SCAN ( PARTITION: P1, RID SCAN, ACCESS: 1, DISK_PAGE_COUNT: BLOCKED, COST: BLOCKED )
------------------------------------------------------------
$T0> select /*+index(t1,idx4)*/ * from t1;
T1.I1       T1.I2       T1.I3       
----------------------------------------
1           1           1           
2           2           2           
100         100         100         
101         101         101         
200         200         200         
202         202         202         
6 rows selected.
------------------------------------------------------------
PROJECT ( COLUMN_COUNT: 3, TUPLE_SIZE: 12, COST: BLOCKED )
 PARTITION-COORDINATOR ( TABLE: SYS.T1, PARTITION: 3/3, INDEX: SYS.IDX4, ACCESS: 6, COST: BLOCKED )
  SCAN ( PARTITION: P3, RID SCAN, ACCESS: 3, DISK_PAGE_COUNT: BLOCKED, COST: BLOCKED )
  SCAN ( PARTITION: P2, RID SCAN, ACCESS: 2, DISK_PAGE_COUNT: BLOCKED, COST: BLOCKED )
  SCAN ( PARTITION: P1, RID SCAN, ACCESS: 1, DISK_PAGE_COUNT: BLOCKED, COST: BLOCKED )
------------------------------------------------------------
$T0> select /*+index(t1,idx5)*/ * from t1;
T1.I1       T1.I2       T1.I3       
----------------------------------------
1           1           1           
2           2           2           
100         100         100         
101         101         101         
200         200         200         
202         202         202         
6 rows selected.
------------------------------------------------------------
PROJECT ( COLUMN_COUNT: 3, TUPLE_SIZE: 12, COST: BLOCKED )
 PARTITION-COORDINATOR ( TABLE: SYS.T1, PARTITION: 3/3, INDEX: SYS.IDX5, ACCESS: 6, COST: BLOCKED )
  SCAN ( PARTITION: P3, RID SCAN, ACCESS: 3, DISK_PAGE_COUNT: BLOCKED, COST: BLOCKED )
  SCAN ( PARTITION: P2, RID SCAN, ACCESS: 2, DISK_PAGE_COUNT: BLOCKED, COST: BLOCKED )
  SCAN ( PARTITION: P1, RID SCAN, ACCESS: 1, DISK_PAGE_COUNT: BLOCKED, COST: BLOCKED )
------------------------------------------------------------
$T0> select /*+index(t1,idx6)*/ * from t1;
T1.I1       T1.I2       T1.I3       
----------------------------------------
1           1           1           
2           2           2           
100         100         100         
101         101         101         
200         200         200         
202         202         202         
6 rows selected.
------------------------------------------------------------
PROJECT ( COLUMN_COUNT: 3, TUPLE_SIZE: 12, COST: BLOCKED )
 PARTITION-COORDINATOR ( TABLE: SYS.T1, PARTITION: 3/3, INDEX: SYS.IDX6, ACCESS: 6, COST: BLOCKED )
  SCAN ( PARTITION: P3, RID SCAN, ACCESS: 3, DISK_PAGE_COUNT: BLOCKED, COST: BLOCKED )
  SCAN ( PARTITION: P2, RID SCAN, ACCESS: 2, DISK_PAGE_COUNT: BLOCKED, COST: BLOCKED )
  SCAN ( PARTITION: P1, RID SCAN, ACCESS: 1, DISK_PAGE_COUNT: BLOCKED, COST: BLOCKED )
------------------------------------------------------------
$T0> select /*+index(t1,idx7)*/ * from t1;
T1.I1       T1.I2       T1.I3       
----------------------------------------
1           1           1           
2           2           2           
100         100         100         
101         101         101         
200         200         200         
202         202         202         
6 rows selected.
------------------------------------------------------------
PROJECT ( COLUMN_COUNT: 3, TUPLE_SIZE: 12, COST: BLOCKED )
 PARTITION-COORDINATOR ( TABLE: SYS.T1, PARTITION: 3/3, INDEX: SYS.IDX7, ACCESS: 6, COST: BLOCKED )
  SCAN ( PARTITION: P3, RID SCAN, ACCESS: 3, DISK_PAGE_COUNT: BLOCKED, COST: BLOCKED )
  SCAN ( PARTITION: P2, RID SCAN, ACCESS: 2, DISK_PAGE_COUNT: BLOCKED, COST: BLOCKED )
  SCAN ( PARTITION: P1, RID SCAN, ACCESS: 1, DISK_PAGE_COUNT: BLOCKED, COST: BLOCKED )
------------------------------------------------------------
$T0> select /*+index(t1,idx8)*/ * from t1;
T1.I1       T1.I2       T1.I3       
----------------------------------------
1           1           1           
2           2           2           
100         100         100         
101         101         101         
200         200         200         
202         202         202         
6 rows selected.
------------------------------------------------------------
PROJECT ( COLUMN_COUNT: 3, TUPLE_SIZE: 12, COST: BLOCKED )
 PARTITION-COORDINATOR ( TABLE: SYS.T1, PARTITION: 3/3, INDEX: SYS.IDX8, ACCESS: 6, COST: BLOCKED )
  SCAN ( PARTITION: P3, RID SCAN, ACCESS: 3, DISK_PAGE_COUNT: BLOCKED, COST: BLOCKED )
  SCAN ( PARTITION: P2, RID SCAN, ACCESS: 2, DISK_PAGE_COUNT: BLOCKED, COST: BLOCKED )
  SCAN ( PARTITION: P1, RID SCAN, ACCESS: 1, DISK_PAGE_COUNT: BLOCKED, COST: BLOCKED )
------------------------------------------------------------

$T0> alter session set explain plan = off;
Alter success.


$T0> create table t1( i1 integer, i2 numeric(5,1), i3 numeric(5,1) )
partition by hash(i1)
(
  partition p1,
  partition p2,
  partition p3
)
tablespace sys_tbs_disk_data;
Create success.


$T0> create index idx1 on t1(i1);
Create success.
$T0> create index idx2 on t1(i1, i2);
Create success.
$T0> create index idx3 on t1(i1, i2, i3);
Create success.

$T0> create index idx4 on t1(i2) tablespace data1;
Create success.
$T0> create index idx5 on t1(i2, i3) tablespace data1;
Create success.

$T0> create index idx6 on t1(i3) tablespace data2;
Create success.
$T0> create index idx7 on t1(i3, i1) tablespace data2;
Create success.
$T0> create index idx8 on t1(i3, i2, i1) tablespace data2;
Create success.

$T0> insert into t1 values ( '1', '1', '1' );
1 row inserted.
$T0> insert into t1 values ( '2', '2', '2' );
1 row inserted.
$T0> insert into t1 values ( '100', '100', '100' );
1 row inserted.
$T0> insert into t1 values ( '101', '101', '101' );
1 row inserted.
$T0> insert into t1 values ( '200', '200', '200' );
1 row inserted.
$T0> insert into t1 values ( '202', '202', '202' );
1 row inserted.


$T0> alter index idx1 rebuild;
Alter success.
$T0> alter index idx2 rebuild;
Alter success.
$T0> alter index idx3 rebuild;
Alter success.
$T0> alter index idx4 rebuild;
Alter success.
$T0> alter index idx5 rebuild;
Alter success.
$T0> alter index idx6 rebuild;
Alter success.
$T0> alter index idx7 rebuild;
Alter success.
$T0> alter index idx8 rebuild;
Alter success.

$T0> alter session set explain plan = on;
Alter success.

$T0> select /*+index(t1,idx1)*/ * from t1;
T1.I1       T1.I2       T1.I3       
----------------------------------------
1           1           1           
2           2           2           
100         100         100         
101         101         101         
200         200         200         
202         202         202         
6 rows selected.
------------------------------------------------------------
PROJECT ( COLUMN_COUNT: 3, TUPLE_SIZE: 16, COST: BLOCKED )
 PARTITION-COORDINATOR ( TABLE: SYS.T1, PARTITION: 3/3, INDEX: SYS.IDX1, ACCESS: 6, COST: BLOCKED )
  SCAN ( PARTITION: P3, RID SCAN, ACCESS: 3, DISK_PAGE_COUNT: BLOCKED, COST: BLOCKED )
  SCAN ( PARTITION: P2, RID SCAN, ACCESS: 2, DISK_PAGE_COUNT: BLOCKED, COST: BLOCKED )
  SCAN ( PARTITION: P1, RID SCAN, ACCESS: 1, DISK_PAGE_COUNT: BLOCKED, COST: BLOCKED )
------------------------------------------------------------
$T0> select /*+index(t1,idx2)*/ * from t1;
T1.I1       T1.I2       T1.I3       
----------------------------------------
1           1           1           
2           2           2           
100         100         100         
101         101         101         
200         200         200         
202         202         202         
6 rows selected.
------------------------------------------------------------
PROJECT ( COLUMN_COUNT: 3, TUPLE_SIZE: 16, COST: BLOCKED )
 PARTITION-COORDINATOR ( TABLE: SYS.T1, PARTITION: 3/3, INDEX: SYS.IDX2, ACCESS: 6, COST: BLOCKED )
  SCAN ( PARTITION: P3, RID SCAN, ACCESS: 3, DISK_PAGE_COUNT: BLOCKED, COST: BLOCKED )
  SCAN ( PARTITION: P2, RID SCAN, ACCESS: 2, DISK_PAGE_COUNT: BLOCKED, COST: BLOCKED )
  SCAN ( PARTITION: P1, RID SCAN, ACCESS: 1, DISK_PAGE_COUNT: BLOCKED, COST: BLOCKED )
------------------------------------------------------------
$T0> select /*+index(t1,idx3)*/ * from t1;
T1.I1       T1.I2       T1.I3       
----------------------------------------
1           1           1           
2           2           2           
100         100         100         
101         101         101         
200         200         200         
202         202         202         
6 rows selected.
------------------------------------------------------------
PROJECT ( COLUMN_COUNT: 3, TUPLE_SIZE: 16, COST: BLOCKED )
 PARTITION-COORDINATOR ( TABLE: SYS.T1, PARTITION: 3/3, INDEX: SYS.IDX3, ACCESS: 6, COST: BLOCKED )
  SCAN ( PARTITION: P3, RID SCAN, ACCESS: 3, DISK_PAGE_COUNT: BLOCKED, COST: BLOCKED )
  SCAN ( PARTITION: P2, RID SCAN, ACCESS: 2, DISK_PAGE_COUNT: BLOCKED, COST: BLOCKED )
  SCAN ( PARTITION: P1, RID SCAN, ACCESS: 1, DISK_PAGE_COUNT: BLOCKED, COST: BLOCKED )
------------------------------------------------------------
$T0> select /*+index(t1,idx4)*/ * from t1;
T1.I1       T1.I2       T1.I3       
----------------------------------------
1           1           1           
2           2           2           
100         100         100         
101         101         101         
200         200         200         
202         202         202         
6 rows selected.
------------------------------------------------------------
PROJECT ( COLUMN_COUNT: 3, TUPLE_SIZE: 16, COST: BLOCKED )
 PARTITION-COORDINATOR ( TABLE: SYS.T1, PARTITION: 3/3, INDEX: SYS.IDX4, ACCESS: 6, COST: BLOCKED )
  SCAN ( PARTITION: P3, RID SCAN, ACCESS: 3, DISK_PAGE_COUNT: BLOCKED, COST: BLOCKED )
  SCAN ( PARTITION: P2, RID SCAN, ACCESS: 2, DISK_PAGE_COUNT: BLOCKED, COST: BLOCKED )
  SCAN ( PARTITION: P1, RID SCAN, ACCESS: 1, DISK_PAGE_COUNT: BLOCKED, COST: BLOCKED )
------------------------------------------------------------
$T0> select /*+index(t1,idx5)*/ * from t1;
T1.I1       T1.I2       T1.I3       
----------------------------------------
1           1           1           
2           2           2           
100         100         100         
101         101         101         
200         200         200         
202         202         202         
6 rows selected.
------------------------------------------------------------
PROJECT ( COLUMN_COUNT: 3, TUPLE_SIZE: 16, COST: BLOCKED )
 PARTITION-COORDINATOR ( TABLE: SYS.T1, PARTITION: 3/3, INDEX: SYS.IDX5, ACCESS: 6, COST: BLOCKED )
  SCAN ( PARTITION: P3, RID SCAN, ACCESS: 3, DISK_PAGE_COUNT: BLOCKED, COST: BLOCKED )
  SCAN ( PARTITION: P2, RID SCAN, ACCESS: 2, DISK_PAGE_COUNT: BLOCKED, COST: BLOCKED )
  SCAN ( PARTITION: P1, RID SCAN, ACCESS: 1, DISK_PAGE_COUNT: BLOCKED, COST: BLOCKED )
------------------------------------------------------------
$T0> select /*+index(t1,idx6)*/ * from t1;
T1.I1       T1.I2       T1.I3       
----------------------------------------
1           1           1           
2           2           2           
100         100         100         
101         101         101         
200         200         200         
202         202         202         
6 rows selected.
------------------------------------------------------------
PROJECT ( COLUMN_COUNT: 3, TUPLE_SIZE: 16, COST: BLOCKED )
 PARTITION-COORDINATOR ( TABLE: SYS.T1, PARTITION: 3/3, INDEX: SYS.IDX6, ACCESS: 6, COST: BLOCKED )
  SCAN ( PARTITION: P3, RID SCAN, ACCESS: 3, DISK_PAGE_COUNT: BLOCKED, COST: BLOCKED )
  SCAN ( PARTITION: P2, RID SCAN, ACCESS: 2, DISK_PAGE_COUNT: BLOCKED, COST: BLOCKED )
  SCAN ( PARTITION: P1, RID SCAN, ACCESS: 1, DISK_PAGE_COUNT: BLOCKED, COST: BLOCKED )
------------------------------------------------------------
$T0> select /*+index(t1,idx7)*/ * from t1;
T1.I1       T1.I2       T1.I3       
----------------------------------------
1           1           1           
2           2           2           
100         100         100         
101         101         101         
200         200         200         
202         202         202         
6 rows selected.
------------------------------------------------------------
PROJECT ( COLUMN_COUNT: 3, TUPLE_SIZE: 16, COST: BLOCKED )
 PARTITION-COORDINATOR ( TABLE: SYS.T1, PARTITION: 3/3, INDEX: SYS.IDX7, ACCESS: 6, COST: BLOCKED )
  SCAN ( PARTITION: P3, RID SCAN, ACCESS: 3, DISK_PAGE_COUNT: BLOCKED, COST: BLOCKED )
  SCAN ( PARTITION: P2, RID SCAN, ACCESS: 2, DISK_PAGE_COUNT: BLOCKED, COST: BLOCKED )
  SCAN ( PARTITION: P1, RID SCAN, ACCESS: 1, DISK_PAGE_COUNT: BLOCKED, COST: BLOCKED )
------------------------------------------------------------
$T0> select /*+index(t1,idx8)*/ * from t1;
T1.I1       T1.I2       T1.I3       
----------------------------------------
1           1           1           
2           2           2           
100         100         100         
101         101         101         
200         200         200         
202         202         202         
6 rows selected.
------------------------------------------------------------
PROJECT ( COLUMN_COUNT: 3, TUPLE_SIZE: 16, COST: BLOCKED )
 PARTITION-COORDINATOR ( TABLE: SYS.T1, PARTITION: 3/3, INDEX: SYS.IDX8, ACCESS: 6, COST: BLOCKED )
  SCAN ( PARTITION: P3, RID SCAN, ACCESS: 3, DISK_PAGE_COUNT: BLOCKED, COST: BLOCKED )
  SCAN ( PARTITION: P2, RID SCAN, ACCESS: 2, DISK_PAGE_COUNT: BLOCKED, COST: BLOCKED )
  SCAN ( PARTITION: P1, RID SCAN, ACCESS: 1, DISK_PAGE_COUNT: BLOCKED, COST: BLOCKED )
------------------------------------------------------------

$T0> alter session set explain plan = off;
Alter success.


$T0> create table t1( i1 integer, i2 char(10), i3 char(10) )
partition by hash(i1)
(
  partition p1,
  partition p2,
  partition p3
)
tablespace sys_tbs_disk_data;
Create success.


$T0> create index idx1 on t1(i1);
Create success.
$T0> create index idx2 on t1(i1, i2);
Create success.
$T0> create index idx3 on t1(i1, i2, i3);
Create success.

$T0> create index idx4 on t1(i2) tablespace data1;
Create success.
$T0> create index idx5 on t1(i2, i3) tablespace data1;
Create success.

$T0> create index idx6 on t1(i3) tablespace data2;
Create success.
$T0> create index idx7 on t1(i3, i1) tablespace data2;
Create success.
$T0> create index idx8 on t1(i3, i2, i1) tablespace data2;
Create success.

$T0> insert into t1 values ( '1', '1', '1' );
1 row inserted.
$T0> insert into t1 values ( '2', '2', '2' );
1 row inserted.
$T0> insert into t1 values ( '100', '100', '100' );
1 row inserted.
$T0> insert into t1 values ( '101', '101', '101' );
1 row inserted.
$T0> insert into t1 values ( '200', '200', '200' );
1 row inserted.
$T0> insert into t1 values ( '202', '202', '202' );
1 row inserted.


$T0> alter index idx1 rebuild;
Alter success.
$T0> alter index idx2 rebuild;
Alter success.
$T0> alter index idx3 rebuild;
Alter success.
$T0> alter index idx4 rebuild;
Alter success.
$T0> alter index idx5 rebuild;
Alter success.
$T0> alter index idx6 rebuild;
Alter success.
$T0> alter index idx7 rebuild;
Alter success.
$T0> alter index idx8 rebuild;
Alter success.

$T0> alter session set explain plan = on;
Alter success.

$T0> select /*+index(t1,idx1)*/ * from t1;
T1.I1       T1.I2       T1.I3       
----------------------------------------
1           1           1           
2           2           2           
100         100         100         
101         101         101         
200         200         200         
202         202         202         
6 rows selected.
------------------------------------------------------------
PROJECT ( COLUMN_COUNT: 3, TUPLE_SIZE: 28, COST: BLOCKED )
 PARTITION-COORDINATOR ( TABLE: SYS.T1, PARTITION: 3/3, INDEX: SYS.IDX1, ACCESS: 6, COST: BLOCKED )
  SCAN ( PARTITION: P3, RID SCAN, ACCESS: 3, DISK_PAGE_COUNT: BLOCKED, COST: BLOCKED )
  SCAN ( PARTITION: P2, RID SCAN, ACCESS: 2, DISK_PAGE_COUNT: BLOCKED, COST: BLOCKED )
  SCAN ( PARTITION: P1, RID SCAN, ACCESS: 1, DISK_PAGE_COUNT: BLOCKED, COST: BLOCKED )
------------------------------------------------------------
$T0> select /*+index(t1,idx2)*/ * from t1;
T1.I1       T1.I2       T1.I3       
----------------------------------------
1           1           1           
2           2           2           
100         100         100         
101         101         101         
200         200         200         
202         202         202         
6 rows selected.
------------------------------------------------------------
PROJECT ( COLUMN_COUNT: 3, TUPLE_SIZE: 28, COST: BLOCKED )
 PARTITION-COORDINATOR ( TABLE: SYS.T1, PARTITION: 3/3, INDEX: SYS.IDX2, ACCESS: 6, COST: BLOCKED )
  SCAN ( PARTITION: P3, RID SCAN, ACCESS: 3, DISK_PAGE_COUNT: BLOCKED, COST: BLOCKED )
  SCAN ( PARTITION: P2, RID SCAN, ACCESS: 2, DISK_PAGE_COUNT: BLOCKED, COST: BLOCKED )
  SCAN ( PARTITION: P1, RID SCAN, ACCESS: 1, DISK_PAGE_COUNT: BLOCKED, COST: BLOCKED )
------------------------------------------------------------
$T0> select /*+index(t1,idx3)*/ * from t1;
T1.I1       T1.I2       T1.I3       
----------------------------------------
1           1           1           
2           2           2           
100         100         100         
101         101         101         
200         200         200         
202         202         202         
6 rows selected.
------------------------------------------------------------
PROJECT ( COLUMN_COUNT: 3, TUPLE_SIZE: 28, COST: BLOCKED )
 PARTITION-COORDINATOR ( TABLE: SYS.T1, PARTITION: 3/3, INDEX: SYS.IDX3, ACCESS: 6, COST: BLOCKED )
  SCAN ( PARTITION: P3, RID SCAN, ACCESS: 3, DISK_PAGE_COUNT: BLOCKED, COST: BLOCKED )
  SCAN ( PARTITION: P2, RID SCAN, ACCESS: 2, DISK_PAGE_COUNT: BLOCKED, COST: BLOCKED )
  SCAN ( PARTITION: P1, RID SCAN, ACCESS: 1, DISK_PAGE_COUNT: BLOCKED, COST: BLOCKED )
------------------------------------------------------------
$T0> select /*+index(t1,idx4)*/ * from t1;
T1.I1       T1.I2       T1.I3       
----------------------------------------
1           1           1           
100         100         100         
101         101         101         
2           2           2           
200         200         200         
202         202         202         
6 rows selected.
------------------------------------------------------------
PROJECT ( COLUMN_COUNT: 3, TUPLE_SIZE: 28, COST: BLOCKED )
 PARTITION-COORDINATOR ( TABLE: SYS.T1, PARTITION: 3/3, INDEX: SYS.IDX4, ACCESS: 6, COST: BLOCKED )
  SCAN ( PARTITION: P3, RID SCAN, ACCESS: 3, DISK_PAGE_COUNT: BLOCKED, COST: BLOCKED )
  SCAN ( PARTITION: P2, RID SCAN, ACCESS: 2, DISK_PAGE_COUNT: BLOCKED, COST: BLOCKED )
  SCAN ( PARTITION: P1, RID SCAN, ACCESS: 1, DISK_PAGE_COUNT: BLOCKED, COST: BLOCKED )
------------------------------------------------------------
$T0> select /*+index(t1,idx5)*/ * from t1;
T1.I1       T1.I2       T1.I3       
----------------------------------------
1           1           1           
100         100         100         
101         101         101         
2           2           2           
200         200         200         
202         202         202         
6 rows selected.
------------------------------------------------------------
PROJECT ( COLUMN_COUNT: 3, TUPLE_SIZE: 28, COST: BLOCKED )
 PARTITION-COORDINATOR ( TABLE: SYS.T1, PARTITION: 3/3, INDEX: SYS.IDX5, ACCESS: 6, COST: BLOCKED )
  SCAN ( PARTITION: P3, RID SCAN, ACCESS: 3, DISK_PAGE_COUNT: BLOCKED, COST: BLOCKED )
  SCAN ( PARTITION: P2, RID SCAN, ACCESS: 2, DISK_PAGE_COUNT: BLOCKED, COST: BLOCKED )
  SCAN ( PARTITION: P1, RID SCAN, ACCESS: 1, DISK_PAGE_COUNT: BLOCKED, COST: BLOCKED )
------------------------------------------------------------
$T0> select /*+index(t1,idx6)*/ * from t1;
T1.I1       T1.I2       T1.I3       
----------------------------------------
1           1           1           
100         100         100         
101         101         101         
2           2           2           
200         200         200         
202         202         202         
6 rows selected.
------------------------------------------------------------
PROJECT ( COLUMN_COUNT: 3, TUPLE_SIZE: 28, COST: BLOCKED )
 PARTITION-COORDINATOR ( TABLE: SYS.T1, PARTITION: 3/3, INDEX: SYS.IDX6, ACCESS: 6, COST: BLOCKED )
  SCAN ( PARTITION: P3, RID SCAN, ACCESS: 3, DISK_PAGE_COUNT: BLOCKED, COST: BLOCKED )
  SCAN ( PARTITION: P2, RID SCAN, ACCESS: 2, DISK_PAGE_COUNT: BLOCKED, COST: BLOCKED )
  SCAN ( PARTITION: P1, RID SCAN, ACCESS: 1, DISK_PAGE_COUNT: BLOCKED, COST: BLOCKED )
------------------------------------------------------------
$T0> select /*+index(t1,idx7)*/ * from t1;
T1.I1       T1.I2       T1.I3       
----------------------------------------
1           1           1           
100         100         100         
101         101         101         
2           2           2           
200         200         200         
202         202         202         
6 rows selected.
------------------------------------------------------------
PROJECT ( COLUMN_COUNT: 3, TUPLE_SIZE: 28, COST: BLOCKED )
 PARTITION-COORDINATOR ( TABLE: SYS.T1, PARTITION: 3/3, INDEX: SYS.IDX7, ACCESS: 6, COST: BLOCKED )
  SCAN ( PARTITION: P3, RID SCAN, ACCESS: 3, DISK_PAGE_COUNT: BLOCKED, COST: BLOCKED )
  SCAN ( PARTITION: P2, RID SCAN, ACCESS: 2, DISK_PAGE_COUNT: BLOCKED, COST: BLOCKED )
  SCAN ( PARTITION: P1, RID SCAN, ACCESS: 1, DISK_PAGE_COUNT: BLOCKED, COST: BLOCKED )
------------------------------------------------------------
$T0> select /*+index(t1,idx8)*/ * from t1;
T1.I1       T1.I2       T1.I3       
----------------------------------------
1           1           1           
100         100         100         
101         101         101         
2           2           2           
200         200         200         
202         202         202         
6 rows selected.
------------------------------------------------------------
PROJECT ( COLUMN_COUNT: 3, TUPLE_SIZE: 28, COST: BLOCKED )
 PARTITION-COORDINATOR ( TABLE: SYS.T1, PARTITION: 3/3, INDEX: SYS.IDX8, ACCESS: 6, COST: BLOCKED )
  SCAN ( PARTITION: P3, RID SCAN, ACCESS: 3, DISK_PAGE_COUNT: BLOCKED, COST: BLOCKED )
  SCAN ( PARTITION: P2, RID SCAN, ACCESS: 2, DISK_PAGE_COUNT: BLOCKED, COST: BLOCKED )
  SCAN ( PARTITION: P1, RID SCAN, ACCESS: 1, DISK_PAGE_COUNT: BLOCKED, COST: BLOCKED )
------------------------------------------------------------

$T0> alter session set explain plan = off;
Alter success.


$T0> create table t1( i1 integer, i2 varchar(10), i3 varchar(10) )
partition by hash(i1)
(
  partition p1,
  partition p2,
  partition p3
)
tablespace sys_tbs_disk_data;
Create success.


$T0> create index idx1 on t1(i1);
Create success.
$T0> create index idx2 on t1(i1, i2);
Create success.
$T0> create index idx3 on t1(i1, i2, i3);
Create success.

$T0> create index idx4 on t1(i2) tablespace data1;
Create success.
$T0> create index idx5 on t1(i2, i3) tablespace data1;
Create success.

$T0> create index idx6 on t1(i3) tablespace data2;
Create success.
$T0> create index idx7 on t1(i3, i1) tablespace data2;
Create success.
$T0> create index idx8 on t1(i3, i2, i1) tablespace data2;
Create success.

$T0> insert into t1 values ( '1', '1', '1' );
1 row inserted.
$T0> insert into t1 values ( '2', '2', '2' );
1 row inserted.
$T0> insert into t1 values ( '100', '100', '100' );
1 row inserted.
$T0> insert into t1 values ( '101', '101', '101' );
1 row inserted.
$T0> insert into t1 values ( '200', '200', '200' );
1 row inserted.
$T0> insert into t1 values ( '202', '202', '202' );
1 row inserted.


$T0> alter index idx1 rebuild;
Alter success.
$T0> alter index idx2 rebuild;
Alter success.
$T0> alter index idx3 rebuild;
Alter success.
$T0> alter index idx4 rebuild;
Alter success.
$T0> alter index idx5 rebuild;
Alter success.
$T0> alter index idx6 rebuild;
Alter success.
$T0> alter index idx7 rebuild;
Alter success.
$T0> alter index idx8 rebuild;
Alter success.

$T0> alter session set explain plan = on;
Alter success.

$T0> select /*+index(t1,idx1)*/ * from t1;
T1.I1       T1.I2       T1.I3       
----------------------------------------
1           1           1           
2           2           2           
100         100         100         
101         101         101         
200         200         200         
202         202         202         
6 rows selected.
------------------------------------------------------------
PROJECT ( COLUMN_COUNT: 3, TUPLE_SIZE: 28, COST: BLOCKED )
 PARTITION-COORDINATOR ( TABLE: SYS.T1, PARTITION: 3/3, INDEX: SYS.IDX1, ACCESS: 6, COST: BLOCKED )
  SCAN ( PARTITION: P3, RID SCAN, ACCESS: 3, DISK_PAGE_COUNT: BLOCKED, COST: BLOCKED )
  SCAN ( PARTITION: P2, RID SCAN, ACCESS: 2, DISK_PAGE_COUNT: BLOCKED, COST: BLOCKED )
  SCAN ( PARTITION: P1, RID SCAN, ACCESS: 1, DISK_PAGE_COUNT: BLOCKED, COST: BLOCKED )
------------------------------------------------------------
$T0> select /*+index(t1,idx2)*/ * from t1;
T1.I1       T1.I2       T1.I3       
----------------------------------------
1           1           1           
2           2           2           
100         100         100         
101         101         101         
200         200         200         
202         202         202         
6 rows selected.
------------------------------------------------------------
PROJECT ( COLUMN_COUNT: 3, TUPLE_SIZE: 28, COST: BLOCKED )
 PARTITION-COORDINATOR ( TABLE: SYS.T1, PARTITION: 3/3, INDEX: SYS.IDX2, ACCESS: 6, COST: BLOCKED )
  SCAN ( PARTITION: P3, RID SCAN, ACCESS: 3, DISK_PAGE_COUNT: BLOCKED, COST: BLOCKED )
  SCAN ( PARTITION: P2, RID SCAN, ACCESS: 2, DISK_PAGE_COUNT: BLOCKED, COST: BLOCKED )
  SCAN ( PARTITION: P1, RID SCAN, ACCESS: 1, DISK_PAGE_COUNT: BLOCKED, COST: BLOCKED )
------------------------------------------------------------
$T0> select /*+index(t1,idx3)*/ * from t1;
T1.I1       T1.I2       T1.I3       
----------------------------------------
1           1           1           
2           2           2           
100         100         100         
101         101         101         
200         200         200         
202         202         202         
6 rows selected.
------------------------------------------------------------
PROJECT ( COLUMN_COUNT: 3, TUPLE_SIZE: 28, COST: BLOCKED )
 PARTITION-COORDINATOR ( TABLE: SYS.T1, PARTITION: 3/3, INDEX: SYS.IDX3, ACCESS: 6, COST: BLOCKED )
  SCAN ( PARTITION: P3, RID SCAN, ACCESS: 3, DISK_PAGE_COUNT: BLOCKED, COST: BLOCKED )
  SCAN ( PARTITION: P2, RID SCAN, ACCESS: 2, DISK_PAGE_COUNT: BLOCKED, COST: BLOCKED )
  SCAN ( PARTITION: P1, RID SCAN, ACCESS: 1, DISK_PAGE_COUNT: BLOCKED, COST: BLOCKED )
------------------------------------------------------------
$T0> select /*+index(t1,idx4)*/ * from t1;
T1.I1       T1.I2       T1.I3       
----------------------------------------
1           1           1           
100         100         100         
101         101         101         
2           2           2           
200         200         200         
202         202         202         
6 rows selected.
------------------------------------------------------------
PROJECT ( COLUMN_COUNT: 3, TUPLE_SIZE: 28, COST: BLOCKED )
 PARTITION-COORDINATOR ( TABLE: SYS.T1, PARTITION: 3/3, INDEX: SYS.IDX4, ACCESS: 6, COST: BLOCKED )
  SCAN ( PARTITION: P3, RID SCAN, ACCESS: 3, DISK_PAGE_COUNT: BLOCKED, COST: BLOCKED )
  SCAN ( PARTITION: P2, RID SCAN, ACCESS: 2, DISK_PAGE_COUNT: BLOCKED, COST: BLOCKED )
  SCAN ( PARTITION: P1, RID SCAN, ACCESS: 1, DISK_PAGE_COUNT: BLOCKED, COST: BLOCKED )
------------------------------------------------------------
$T0> select /*+index(t1,idx5)*/ * from t1;
T1.I1       T1.I2       T1.I3       
----------------------------------------
1           1           1           
100         100         100         
101         101         101         
2           2           2           
200         200         200         
202         202         202         
6 rows selected.
------------------------------------------------------------
PROJECT ( COLUMN_COUNT: 3, TUPLE_SIZE: 28, COST: BLOCKED )
 PARTITION-COORDINATOR ( TABLE: SYS.T1, PARTITION: 3/3, INDEX: SYS.IDX5, ACCESS: 6, COST: BLOCKED )
  SCAN ( PARTITION: P3, RID SCAN, ACCESS: 3, DISK_PAGE_COUNT: BLOCKED, COST: BLOCKED )
  SCAN ( PARTITION: P2, RID SCAN, ACCESS: 2, DISK_PAGE_COUNT: BLOCKED, COST: BLOCKED )
  SCAN ( PARTITION: P1, RID SCAN, ACCESS: 1, DISK_PAGE_COUNT: BLOCKED, COST: BLOCKED )
------------------------------------------------------------
$T0> select /*+index(t1,idx6)*/ * from t1;
T1.I1       T1.I2       T1.I3       
----------------------------------------
1           1           1           
100         100         100         
101         101         101         
2           2           2           
200         200         200         
202         202         202         
6 rows selected.
------------------------------------------------------------
PROJECT ( COLUMN_COUNT: 3, TUPLE_SIZE: 28, COST: BLOCKED )
 PARTITION-COORDINATOR ( TABLE: SYS.T1, PARTITION: 3/3, INDEX: SYS.IDX6, ACCESS: 6, COST: BLOCKED )
  SCAN ( PARTITION: P3, RID SCAN, ACCESS: 3, DISK_PAGE_COUNT: BLOCKED, COST: BLOCKED )
  SCAN ( PARTITION: P2, RID SCAN, ACCESS: 2, DISK_PAGE_COUNT: BLOCKED, COST: BLOCKED )
  SCAN ( PARTITION: P1, RID SCAN, ACCESS: 1, DISK_PAGE_COUNT: BLOCKED, COST: BLOCKED )
------------------------------------------------------------
$T0> select /*+index(t1,idx7)*/ * from t1;
T1.I1       T1.I2       T1.I3       
----------------------------------------
1           1           1           
100         100         100         
101         101         101         
2           2           2           
200         200         200         
202         202         202         
6 rows selected.
------------------------------------------------------------
PROJECT ( COLUMN_COUNT: 3, TUPLE_SIZE: 28, COST: BLOCKED )
 PARTITION-COORDINATOR ( TABLE: SYS.T1, PARTITION: 3/3, INDEX: SYS.IDX7, ACCESS: 6, COST: BLOCKED )
  SCAN ( PARTITION: P3, RID SCAN, ACCESS: 3, DISK_PAGE_COUNT: BLOCKED, COST: BLOCKED )
  SCAN ( PARTITION: P2, RID SCAN, ACCESS: 2, DISK_PAGE_COUNT: BLOCKED, COST: BLOCKED )
  SCAN ( PARTITION: P1, RID SCAN, ACCESS: 1, DISK_PAGE_COUNT: BLOCKED, COST: BLOCKED )
------------------------------------------------------------
$T0> select /*+index(t1,idx8)*/ * from t1;
T1.I1       T1.I2       T1.I3       
----------------------------------------
1           1           1           
100         100         100         
101         101         101         
2           2           2           
200         200         200         
202         202         202         
6 rows selected.
------------------------------------------------------------
PROJECT ( COLUMN_COUNT: 3, TUPLE_SIZE: 28, COST: BLOCKED )
 PARTITION-COORDINATOR ( TABLE: SYS.T1, PARTITION: 3/3, INDEX: SYS.IDX8, ACCESS: 6, COST: BLOCKED )
  SCAN ( PARTITION: P3, RID SCAN, ACCESS: 3, DISK_PAGE_COUNT: BLOCKED, COST: BLOCKED )
  SCAN ( PARTITION: P2, RID SCAN, ACCESS: 2, DISK_PAGE_COUNT: BLOCKED, COST: BLOCKED )
  SCAN ( PARTITION: P1, RID SCAN, ACCESS: 1, DISK_PAGE_COUNT: BLOCKED, COST: BLOCKED )
------------------------------------------------------------

$T0> alter session set explain plan = off;
Alter success.


$T0> create table t1( i1 varchar(10), i2 integer, i3 integer )
partition by hash(i1)
(
  partition p1,
  partition p2,
  partition p3
)
tablespace sys_tbs_disk_data;
Create success.


$T0> create index idx1 on t1(i1);
Create success.
$T0> create index idx2 on t1(i1, i2);
Create success.
$T0> create index idx3 on t1(i1, i2, i3);
Create success.

$T0> create index idx4 on t1(i2) tablespace data1;
Create success.
$T0> create index idx5 on t1(i2, i3) tablespace data1;
Create success.

$T0> create index idx6 on t1(i3) tablespace data2;
Create success.
$T0> create index idx7 on t1(i3, i1) tablespace data2;
Create success.
$T0> create index idx8 on t1(i3, i2, i1) tablespace data2;
Create success.

$T0> insert into t1 values ( '1', '1', '1' );
1 row inserted.
$T0> insert into t1 values ( '2', '2', '2' );
1 row inserted.
$T0> insert into t1 values ( '100', '100', '100' );
1 row inserted.
$T0> insert into t1 values ( '101', '101', '101' );
1 row inserted.
$T0> insert into t1 values ( '200', '200', '200' );
1 row inserted.
$T0> insert into t1 values ( '202', '202', '202' );
1 row inserted.


$T0> alter index idx1 rebuild;
Alter success.
$T0> alter index idx2 rebuild;
Alter success.
$T0> alter index idx3 rebuild;
Alter success.
$T0> alter index idx4 rebuild;
Alter success.
$T0> alter index idx5 rebuild;
Alter success.
$T0> alter index idx6 rebuild;
Alter success.
$T0> alter index idx7 rebuild;
Alter success.
$T0> alter index idx8 rebuild;
Alter success.

$T0> alter session set explain plan = on;
Alter success.

$T0> select /*+index(t1,idx1)*/ * from t1;
T1.I1       T1.I2       T1.I3       
----------------------------------------
1           1           1           
100         100         100         
101         101         101         
2           2           2           
200         200         200         
202         202         202         
6 rows selected.
------------------------------------------------------------
PROJECT ( COLUMN_COUNT: 3, TUPLE_SIZE: 20, COST: BLOCKED )
 PARTITION-COORDINATOR ( TABLE: SYS.T1, PARTITION: 3/3, INDEX: SYS.IDX1, ACCESS: 6, COST: BLOCKED )
  SCAN ( PARTITION: P3, RID SCAN, ACCESS: 1, DISK_PAGE_COUNT: BLOCKED, COST: BLOCKED )
  SCAN ( PARTITION: P2, RID SCAN, ACCESS: 1, DISK_PAGE_COUNT: BLOCKED, COST: BLOCKED )
  SCAN ( PARTITION: P1, RID SCAN, ACCESS: 4, DISK_PAGE_COUNT: BLOCKED, COST: BLOCKED )
------------------------------------------------------------
$T0> select /*+index(t1,idx2)*/ * from t1;
T1.I1       T1.I2       T1.I3       
----------------------------------------
1           1           1           
100         100         100         
101         101         101         
2           2           2           
200         200         200         
202         202         202         
6 rows selected.
------------------------------------------------------------
PROJECT ( COLUMN_COUNT: 3, TUPLE_SIZE: 20, COST: BLOCKED )
 PARTITION-COORDINATOR ( TABLE: SYS.T1, PARTITION: 3/3, INDEX: SYS.IDX2, ACCESS: 6, COST: BLOCKED )
  SCAN ( PARTITION: P3, RID SCAN, ACCESS: 1, DISK_PAGE_COUNT: BLOCKED, COST: BLOCKED )
  SCAN ( PARTITION: P2, RID SCAN, ACCESS: 1, DISK_PAGE_COUNT: BLOCKED, COST: BLOCKED )
  SCAN ( PARTITION: P1, RID SCAN, ACCESS: 4, DISK_PAGE_COUNT: BLOCKED, COST: BLOCKED )
------------------------------------------------------------
$T0> select /*+index(t1,idx3)*/ * from t1;
T1.I1       T1.I2       T1.I3       
----------------------------------------
1           1           1           
100         100         100         
101         101         101         
2           2           2           
200         200         200         
202         202         202         
6 rows selected.
------------------------------------------------------------
PROJECT ( COLUMN_COUNT: 3, TUPLE_SIZE: 20, COST: BLOCKED )
 PARTITION-COORDINATOR ( TABLE: SYS.T1, PARTITION: 3/3, INDEX: SYS.IDX3, ACCESS: 6, COST: BLOCKED )
  SCAN ( PARTITION: P3, RID SCAN, ACCESS: 1, DISK_PAGE_COUNT: BLOCKED, COST: BLOCKED )
  SCAN ( PARTITION: P2, RID SCAN, ACCESS: 1, DISK_PAGE_COUNT: BLOCKED, COST: BLOCKED )
  SCAN ( PARTITION: P1, RID SCAN, ACCESS: 4, DISK_PAGE_COUNT: BLOCKED, COST: BLOCKED )
------------------------------------------------------------
$T0> select /*+index(t1,idx4)*/ * from t1;
T1.I1       T1.I2       T1.I3       
----------------------------------------
1           1           1           
2           2           2           
100         100         100         
101         101         101         
200         200         200         
202         202         202         
6 rows selected.
------------------------------------------------------------
PROJECT ( COLUMN_COUNT: 3, TUPLE_SIZE: 20, COST: BLOCKED )
 PARTITION-COORDINATOR ( TABLE: SYS.T1, PARTITION: 3/3, INDEX: SYS.IDX4, ACCESS: 6, COST: BLOCKED )
  SCAN ( PARTITION: P3, RID SCAN, ACCESS: 1, DISK_PAGE_COUNT: BLOCKED, COST: BLOCKED )
  SCAN ( PARTITION: P2, RID SCAN, ACCESS: 1, DISK_PAGE_COUNT: BLOCKED, COST: BLOCKED )
  SCAN ( PARTITION: P1, RID SCAN, ACCESS: 4, DISK_PAGE_COUNT: BLOCKED, COST: BLOCKED )
------------------------------------------------------------
$T0> select /*+index(t1,idx5)*/ * from t1;
T1.I1       T1.I2       T1.I3       
----------------------------------------
1           1           1           
2           2           2           
100         100         100         
101         101         101         
200         200         200         
202         202         202         
6 rows selected.
------------------------------------------------------------
PROJECT ( COLUMN_COUNT: 3, TUPLE_SIZE: 20, COST: BLOCKED )
 PARTITION-COORDINATOR ( TABLE: SYS.T1, PARTITION: 3/3, INDEX: SYS.IDX5, ACCESS: 6, COST: BLOCKED )
  SCAN ( PARTITION: P3, RID SCAN, ACCESS: 1, DISK_PAGE_COUNT: BLOCKED, COST: BLOCKED )
  SCAN ( PARTITION: P2, RID SCAN, ACCESS: 1, DISK_PAGE_COUNT: BLOCKED, COST: BLOCKED )
  SCAN ( PARTITION: P1, RID SCAN, ACCESS: 4, DISK_PAGE_COUNT: BLOCKED, COST: BLOCKED )
------------------------------------------------------------
$T0> select /*+index(t1,idx6)*/ * from t1;
T1.I1       T1.I2       T1.I3       
----------------------------------------
1           1           1           
2           2           2           
100         100         100         
101         101         101         
200         200         200         
202         202         202         
6 rows selected.
------------------------------------------------------------
PROJECT ( COLUMN_COUNT: 3, TUPLE_SIZE: 20, COST: BLOCKED )
 PARTITION-COORDINATOR ( TABLE: SYS.T1, PARTITION: 3/3, INDEX: SYS.IDX6, ACCESS: 6, COST: BLOCKED )
  SCAN ( PARTITION: P3, RID SCAN, ACCESS: 1, DISK_PAGE_COUNT: BLOCKED, COST: BLOCKED )
  SCAN ( PARTITION: P2, RID SCAN, ACCESS: 1, DISK_PAGE_COUNT: BLOCKED, COST: BLOCKED )
  SCAN ( PARTITION: P1, RID SCAN, ACCESS: 4, DISK_PAGE_COUNT: BLOCKED, COST: BLOCKED )
------------------------------------------------------------
$T0> select /*+index(t1,idx7)*/ * from t1;
T1.I1       T1.I2       T1.I3       
----------------------------------------
1           1           1           
2           2           2           
100         100         100         
101         101         101         
200         200         200         
202         202         202         
6 rows selected.
------------------------------------------------------------
PROJECT ( COLUMN_COUNT: 3, TUPLE_SIZE: 20, COST: BLOCKED )
 PARTITION-COORDINATOR ( TABLE: SYS.T1, PARTITION: 3/3, INDEX: SYS.IDX7, ACCESS: 6, COST: BLOCKED )
  SCAN ( PARTITION: P3, RID SCAN, ACCESS: 1, DISK_PAGE_COUNT: BLOCKED, COST: BLOCKED )
  SCAN ( PARTITION: P2, RID SCAN, ACCESS: 1, DISK_PAGE_COUNT: BLOCKED, COST: BLOCKED )
  SCAN ( PARTITION: P1, RID SCAN, ACCESS: 4, DISK_PAGE_COUNT: BLOCKED, COST: BLOCKED )
------------------------------------------------------------
$T0> select /*+index(t1,idx8)*/ * from t1;
T1.I1       T1.I2       T1.I3       
----------------------------------------
1           1           1           
2           2           2           
100         100         100         
101         101         101         
200         200         200         
202         202         202         
6 rows selected.
------------------------------------------------------------
PROJECT ( COLUMN_COUNT: 3, TUPLE_SIZE: 20, COST: BLOCKED )
 PARTITION-COORDINATOR ( TABLE: SYS.T1, PARTITION: 3/3, INDEX: SYS.IDX8, ACCESS: 6, COST: BLOCKED )
  SCAN ( PARTITION: P3, RID SCAN, ACCESS: 1, DISK_PAGE_COUNT: BLOCKED, COST: BLOCKED )
  SCAN ( PARTITION: P2, RID SCAN, ACCESS: 1, DISK_PAGE_COUNT: BLOCKED, COST: BLOCKED )
  SCAN ( PARTITION: P1, RID SCAN, ACCESS: 4, DISK_PAGE_COUNT: BLOCKED, COST: BLOCKED )
------------------------------------------------------------

$T0> alter session set explain plan = off;
Alter success.


$T0> create table t1( i1 varchar(10), i2 numeric(5,1), i3 numeric(5,1) )
partition by hash(i1)
(
  partition p1,
  partition p2,
  partition p3
)
tablespace sys_tbs_disk_data;
Create success.


$T0> create index idx1 on t1(i1);
Create success.
$T0> create index idx2 on t1(i1, i2);
Create success.
$T0> create index idx3 on t1(i1, i2, i3);
Create success.

$T0> create index idx4 on t1(i2) tablespace data1;
Create success.
$T0> create index idx5 on t1(i2, i3) tablespace data1;
Create success.

$T0> create index idx6 on t1(i3) tablespace data2;
Create success.
$T0> create index idx7 on t1(i3, i1) tablespace data2;
Create success.
$T0> create index idx8 on t1(i3, i2, i1) tablespace data2;
Create success.

$T0> insert into t1 values ( '1', '1', '1' );
1 row inserted.
$T0> insert into t1 values ( '2', '2', '2' );
1 row inserted.
$T0> insert into t1 values ( '100', '100', '100' );
1 row inserted.
$T0> insert into t1 values ( '101', '101', '101' );
1 row inserted.
$T0> insert into t1 values ( '200', '200', '200' );
1 row inserted.
$T0> insert into t1 values ( '202', '202', '202' );
1 row inserted.


$T0> alter index idx1 rebuild;
Alter success.
$T0> alter index idx2 rebuild;
Alter success.
$T0> alter index idx3 rebuild;
Alter success.
$T0> alter index idx4 rebuild;
Alter success.
$T0> alter index idx5 rebuild;
Alter success.
$T0> alter index idx6 rebuild;
Alter success.
$T0> alter index idx7 rebuild;
Alter success.
$T0> alter index idx8 rebuild;
Alter success.

$T0> alter session set explain plan = on;
Alter success.

$T0> select /*+index(t1,idx1)*/ * from t1;
T1.I1       T1.I2       T1.I3       
----------------------------------------
1           1           1           
100         100         100         
101         101         101         
2           2           2           
200         200         200         
202         202         202         
6 rows selected.
------------------------------------------------------------
PROJECT ( COLUMN_COUNT: 3, TUPLE_SIZE: 24, COST: BLOCKED )
 PARTITION-COORDINATOR ( TABLE: SYS.T1, PARTITION: 3/3, INDEX: SYS.IDX1, ACCESS: 6, COST: BLOCKED )
  SCAN ( PARTITION: P3, RID SCAN, ACCESS: 1, DISK_PAGE_COUNT: BLOCKED, COST: BLOCKED )
  SCAN ( PARTITION: P2, RID SCAN, ACCESS: 1, DISK_PAGE_COUNT: BLOCKED, COST: BLOCKED )
  SCAN ( PARTITION: P1, RID SCAN, ACCESS: 4, DISK_PAGE_COUNT: BLOCKED, COST: BLOCKED )
------------------------------------------------------------
$T0> select /*+index(t1,idx2)*/ * from t1;
T1.I1       T1.I2       T1.I3       
----------------------------------------
1           1           1           
100         100         100         
101         101         101         
2           2           2           
200         200         200         
202         202         202         
6 rows selected.
------------------------------------------------------------
PROJECT ( COLUMN_COUNT: 3, TUPLE_SIZE: 24, COST: BLOCKED )
 PARTITION-COORDINATOR ( TABLE: SYS.T1, PARTITION: 3/3, INDEX: SYS.IDX2, ACCESS: 6, COST: BLOCKED )
  SCAN ( PARTITION: P3, RID SCAN, ACCESS: 1, DISK_PAGE_COUNT: BLOCKED, COST: BLOCKED )
  SCAN ( PARTITION: P2, RID SCAN, ACCESS: 1, DISK_PAGE_COUNT: BLOCKED, COST: BLOCKED )
  SCAN ( PARTITION: P1, RID SCAN, ACCESS: 4, DISK_PAGE_COUNT: BLOCKED, COST: BLOCKED )
------------------------------------------------------------
$T0> select /*+index(t1,idx3)*/ * from t1;
T1.I1       T1.I2       T1.I3       
----------------------------------------
1           1           1           
100         100         100         
101         101         101         
2           2           2           
200         200         200         
202         202         202         
6 rows selected.
------------------------------------------------------------
PROJECT ( COLUMN_COUNT: 3, TUPLE_SIZE: 24, COST: BLOCKED )
 PARTITION-COORDINATOR ( TABLE: SYS.T1, PARTITION: 3/3, INDEX: SYS.IDX3, ACCESS: 6, COST: BLOCKED )
  SCAN ( PARTITION: P3, RID SCAN, ACCESS: 1, DISK_PAGE_COUNT: BLOCKED, COST: BLOCKED )
  SCAN ( PARTITION: P2, RID SCAN, ACCESS: 1, DISK_PAGE_COUNT: BLOCKED, COST: BLOCKED )
  SCAN ( PARTITION: P1, RID SCAN, ACCESS: 4, DISK_PAGE_COUNT: BLOCKED, COST: BLOCKED )
------------------------------------------------------------
$T0> select /*+index(t1,idx4)*/ * from t1;
T1.I1       T1.I2       T1.I3       
----------------------------------------
1           1           1           
2           2           2           
100         100         100         
101         101         101         
200         200         200         
202         202         202         
6 rows selected.
------------------------------------------------------------
PROJECT ( COLUMN_COUNT: 3, TUPLE_SIZE: 24, COST: BLOCKED )
 PARTITION-COORDINATOR ( TABLE: SYS.T1, PARTITION: 3/3, INDEX: SYS.IDX4, ACCESS: 6, COST: BLOCKED )
  SCAN ( PARTITION: P3, RID SCAN, ACCESS: 1, DISK_PAGE_COUNT: BLOCKED, COST: BLOCKED )
  SCAN ( PARTITION: P2, RID SCAN, ACCESS: 1, DISK_PAGE_COUNT: BLOCKED, COST: BLOCKED )
  SCAN ( PARTITION: P1, RID SCAN, ACCESS: 4, DISK_PAGE_COUNT: BLOCKED, COST: BLOCKED )
------------------------------------------------------------
$T0> select /*+index(t1,idx5)*/ * from t1;
T1.I1       T1.I2       T1.I3       
----------------------------------------
1           1           1           
2           2           2           
100         100         100         
101         101         101         
200         200         200         
202         202         202         
6 rows selected.
------------------------------------------------------------
PROJECT ( COLUMN_COUNT: 3, TUPLE_SIZE: 24, COST: BLOCKED )
 PARTITION-COORDINATOR ( TABLE: SYS.T1, PARTITION: 3/3, INDEX: SYS.IDX5, ACCESS: 6, COST: BLOCKED )
  SCAN ( PARTITION: P3, RID SCAN, ACCESS: 1, DISK_PAGE_COUNT: BLOCKED, COST: BLOCKED )
  SCAN ( PARTITION: P2, RID SCAN, ACCESS: 1, DISK_PAGE_COUNT: BLOCKED, COST: BLOCKED )
  SCAN ( PARTITION: P1, RID SCAN, ACCESS: 4, DISK_PAGE_COUNT: BLOCKED, COST: BLOCKED )
------------------------------------------------------------
$T0> select /*+index(t1,idx6)*/ * from t1;
T1.I1       T1.I2       T1.I3       
----------------------------------------
1           1           1           
2           2           2           
100         100         100         
101         101         101         
200         200         200         
202         202         202         
6 rows selected.
------------------------------------------------------------
PROJECT ( COLUMN_COUNT: 3, TUPLE_SIZE: 24, COST: BLOCKED )
 PARTITION-COORDINATOR ( TABLE: SYS.T1, PARTITION: 3/3, INDEX: SYS.IDX6, ACCESS: 6, COST: BLOCKED )
  SCAN ( PARTITION: P3, RID SCAN, ACCESS: 1, DISK_PAGE_COUNT: BLOCKED, COST: BLOCKED )
  SCAN ( PARTITION: P2, RID SCAN, ACCESS: 1, DISK_PAGE_COUNT: BLOCKED, COST: BLOCKED )
  SCAN ( PARTITION: P1, RID SCAN, ACCESS: 4, DISK_PAGE_COUNT: BLOCKED, COST: BLOCKED )
------------------------------------------------------------
$T0> select /*+index(t1,idx7)*/ * from t1;
T1.I1       T1.I2       T1.I3       
----------------------------------------
1           1           1           
2           2           2           
100         100         100         
101         101         101         
200         200         200         
202         202         202         
6 rows selected.
------------------------------------------------------------
PROJECT ( COLUMN_COUNT: 3, TUPLE_SIZE: 24, COST: BLOCKED )
 PARTITION-COORDINATOR ( TABLE: SYS.T1, PARTITION: 3/3, INDEX: SYS.IDX7, ACCESS: 6, COST: BLOCKED )
  SCAN ( PARTITION: P3, RID SCAN, ACCESS: 1, DISK_PAGE_COUNT: BLOCKED, COST: BLOCKED )
  SCAN ( PARTITION: P2, RID SCAN, ACCESS: 1, DISK_PAGE_COUNT: BLOCKED, COST: BLOCKED )
  SCAN ( PARTITION: P1, RID SCAN, ACCESS: 4, DISK_PAGE_COUNT: BLOCKED, COST: BLOCKED )
------------------------------------------------------------
$T0> select /*+index(t1,idx8)*/ * from t1;
T1.I1       T1.I2       T1.I3       
----------------------------------------
1           1           1           
2           2           2           
100         100         100         
101         101         101         
200         200         200         
202         202         202         
6 rows selected.
------------------------------------------------------------
PROJECT ( COLUMN_COUNT: 3, TUPLE_SIZE: 24, COST: BLOCKED )
 PARTITION-COORDINATOR ( TABLE: SYS.T1, PARTITION: 3/3, INDEX: SYS.IDX8, ACCESS: 6, COST: BLOCKED )
  SCAN ( PARTITION: P3, RID SCAN, ACCESS: 1, DISK_PAGE_COUNT: BLOCKED, COST: BLOCKED )
  SCAN ( PARTITION: P2, RID SCAN, ACCESS: 1, DISK_PAGE_COUNT: BLOCKED, COST: BLOCKED )
  SCAN ( PARTITION: P1, RID SCAN, ACCESS: 4, DISK_PAGE_COUNT: BLOCKED, COST: BLOCKED )
------------------------------------------------------------

$T0> alter session set explain plan = off;
Alter success.


$T0> create table t1( i1 varchar(10), i2 char(10), i3 char(10) )
partition by hash(i1)
(
  partition p1,
  partition p2,
  partition p3
)
tablespace sys_tbs_disk_data;
Create success.


$T0> create index idx1 on t1(i1);
Create success.
$T0> create index idx2 on t1(i1, i2);
Create success.
$T0> create index idx3 on t1(i1, i2, i3);
Create success.

$T0> create index idx4 on t1(i2) tablespace data1;
Create success.
$T0> create index idx5 on t1(i2, i3) tablespace data1;
Create success.

$T0> create index idx6 on t1(i3) tablespace data2;
Create success.
$T0> create index idx7 on t1(i3, i1) tablespace data2;
Create success.
$T0> create index idx8 on t1(i3, i2, i1) tablespace data2;
Create success.

$T0> insert into t1 values ( '1', '1', '1' );
1 row inserted.
$T0> insert into t1 values ( '2', '2', '2' );
1 row inserted.
$T0> insert into t1 values ( '100', '100', '100' );
1 row inserted.
$T0> insert into t1 values ( '101', '101', '101' );
1 row inserted.
$T0> insert into t1 values ( '200', '200', '200' );
1 row inserted.
$T0> insert into t1 values ( '202', '202', '202' );
1 row inserted.


$T0> alter index idx1 rebuild;
Alter success.
$T0> alter index idx2 rebuild;
Alter success.
$T0> alter index idx3 rebuild;
Alter success.
$T0> alter index idx4 rebuild;
Alter success.
$T0> alter index idx5 rebuild;
Alter success.
$T0> alter index idx6 rebuild;
Alter success.
$T0> alter index idx7 rebuild;
Alter success.
$T0> alter index idx8 rebuild;
Alter success.

$T0> alter session set explain plan = on;
Alter success.

$T0> select /*+index(t1,idx1)*/ * from t1;
T1.I1       T1.I2       T1.I3       
----------------------------------------
1           1           1           
100         100         100         
101         101         101         
2           2           2           
200         200         200         
202         202         202         
6 rows selected.
------------------------------------------------------------
PROJECT ( COLUMN_COUNT: 3, TUPLE_SIZE: 36, COST: BLOCKED )
 PARTITION-COORDINATOR ( TABLE: SYS.T1, PARTITION: 3/3, INDEX: SYS.IDX1, ACCESS: 6, COST: BLOCKED )
  SCAN ( PARTITION: P3, RID SCAN, ACCESS: 1, DISK_PAGE_COUNT: BLOCKED, COST: BLOCKED )
  SCAN ( PARTITION: P2, RID SCAN, ACCESS: 1, DISK_PAGE_COUNT: BLOCKED, COST: BLOCKED )
  SCAN ( PARTITION: P1, RID SCAN, ACCESS: 4, DISK_PAGE_COUNT: BLOCKED, COST: BLOCKED )
------------------------------------------------------------
$T0> select /*+index(t1,idx2)*/ * from t1;
T1.I1       T1.I2       T1.I3       
----------------------------------------
1           1           1           
100         100         100         
101         101         101         
2           2           2           
200         200         200         
202         202         202         
6 rows selected.
------------------------------------------------------------
PROJECT ( COLUMN_COUNT: 3, TUPLE_SIZE: 36, COST: BLOCKED )
 PARTITION-COORDINATOR ( TABLE: SYS.T1, PARTITION: 3/3, INDEX: SYS.IDX2, ACCESS: 6, COST: BLOCKED )
  SCAN ( PARTITION: P3, RID SCAN, ACCESS: 1, DISK_PAGE_COUNT: BLOCKED, COST: BLOCKED )
  SCAN ( PARTITION: P2, RID SCAN, ACCESS: 1, DISK_PAGE_COUNT: BLOCKED, COST: BLOCKED )
  SCAN ( PARTITION: P1, RID SCAN, ACCESS: 4, DISK_PAGE_COUNT: BLOCKED, COST: BLOCKED )
------------------------------------------------------------
$T0> select /*+index(t1,idx3)*/ * from t1;
T1.I1       T1.I2       T1.I3       
----------------------------------------
1           1           1           
100         100         100         
101         101         101         
2           2           2           
200         200         200         
202         202         202         
6 rows selected.
------------------------------------------------------------
PROJECT ( COLUMN_COUNT: 3, TUPLE_SIZE: 36, COST: BLOCKED )
 PARTITION-COORDINATOR ( TABLE: SYS.T1, PARTITION: 3/3, INDEX: SYS.IDX3, ACCESS: 6, COST: BLOCKED )
  SCAN ( PARTITION: P3, RID SCAN, ACCESS: 1, DISK_PAGE_COUNT: BLOCKED, COST: BLOCKED )
  SCAN ( PARTITION: P2, RID SCAN, ACCESS: 1, DISK_PAGE_COUNT: BLOCKED, COST: BLOCKED )
  SCAN ( PARTITION: P1, RID SCAN, ACCESS: 4, DISK_PAGE_COUNT: BLOCKED, COST: BLOCKED )
------------------------------------------------------------
$T0> select /*+index(t1,idx4)*/ * from t1;
T1.I1       T1.I2       T1.I3       
----------------------------------------
1           1           1           
100         100         100         
101         101         101         
2           2           2           
200         200         200         
202         202         202         
6 rows selected.
------------------------------------------------------------
PROJECT ( COLUMN_COUNT: 3, TUPLE_SIZE: 36, COST: BLOCKED )
 PARTITION-COORDINATOR ( TABLE: SYS.T1, PARTITION: 3/3, INDEX: SYS.IDX4, ACCESS: 6, COST: BLOCKED )
  SCAN ( PARTITION: P3, RID SCAN, ACCESS: 1, DISK_PAGE_COUNT: BLOCKED, COST: BLOCKED )
  SCAN ( PARTITION: P2, RID SCAN, ACCESS: 1, DISK_PAGE_COUNT: BLOCKED, COST: BLOCKED )
  SCAN ( PARTITION: P1, RID SCAN, ACCESS: 4, DISK_PAGE_COUNT: BLOCKED, COST: BLOCKED )
------------------------------------------------------------
$T0> select /*+index(t1,idx5)*/ * from t1;
T1.I1       T1.I2       T1.I3       
----------------------------------------
1           1           1           
100         100         100         
101         101         101         
2           2           2           
200         200         200         
202         202         202         
6 rows selected.
------------------------------------------------------------
PROJECT ( COLUMN_COUNT: 3, TUPLE_SIZE: 36, COST: BLOCKED )
 PARTITION-COORDINATOR ( TABLE: SYS.T1, PARTITION: 3/3, INDEX: SYS.IDX5, ACCESS: 6, COST: BLOCKED )
  SCAN ( PARTITION: P3, RID SCAN, ACCESS: 1, DISK_PAGE_COUNT: BLOCKED, COST: BLOCKED )
  SCAN ( PARTITION: P2, RID SCAN, ACCESS: 1, DISK_PAGE_COUNT: BLOCKED, COST: BLOCKED )
  SCAN ( PARTITION: P1, RID SCAN, ACCESS: 4, DISK_PAGE_COUNT: BLOCKED, COST: BLOCKED )
------------------------------------------------------------
$T0> select /*+index(t1,idx6)*/ * from t1;
T1.I1       T1.I2       T1.I3       
----------------------------------------
1           1           1           
100         100         100         
101         101         101         
2           2           2           
200         200         200         
202         202         202         
6 rows selected.
------------------------------------------------------------
PROJECT ( COLUMN_COUNT: 3, TUPLE_SIZE: 36, COST: BLOCKED )
 PARTITION-COORDINATOR ( TABLE: SYS.T1, PARTITION: 3/3, INDEX: SYS.IDX6, ACCESS: 6, COST: BLOCKED )
  SCAN ( PARTITION: P3, RID SCAN, ACCESS: 1, DISK_PAGE_COUNT: BLOCKED, COST: BLOCKED )
  SCAN ( PARTITION: P2, RID SCAN, ACCESS: 1, DISK_PAGE_COUNT: BLOCKED, COST: BLOCKED )
  SCAN ( PARTITION: P1, RID SCAN, ACCESS: 4, DISK_PAGE_COUNT: BLOCKED, COST: BLOCKED )
------------------------------------------------------------
$T0> select /*+index(t1,idx7)*/ * from t1;
T1.I1       T1.I2       T1.I3       
----------------------------------------
1           1           1           
100         100         100         
101         101         101         
2           2           2           
200         200         200         
202         202         202         
6 rows selected.
------------------------------------------------------------
PROJECT ( COLUMN_COUNT: 3, TUPLE_SIZE: 36, COST: BLOCKED )
 PARTITION-COORDINATOR ( TABLE: SYS.T1, PARTITION: 3/3, INDEX: SYS.IDX7, ACCESS: 6, COST: BLOCKED )
  SCAN ( PARTITION: P3, RID SCAN, ACCESS: 1, DISK_PAGE_COUNT: BLOCKED, COST: BLOCKED )
  SCAN ( PARTITION: P2, RID SCAN, ACCESS: 1, DISK_PAGE_COUNT: BLOCKED, COST: BLOCKED )
  SCAN ( PARTITION: P1, RID SCAN, ACCESS: 4, DISK_PAGE_COUNT: BLOCKED, COST: BLOCKED )
------------------------------------------------------------
$T0> select /*+index(t1,idx8)*/ * from t1;
T1.I1       T1.I2       T1.I3       
----------------------------------------
1           1           1           
100         100         100         
101         101         101         
2           2           2           
200         200         200         
202         202         202         
6 rows selected.
------------------------------------------------------------
PROJECT ( COLUMN_COUNT: 3, TUPLE_SIZE: 36, COST: BLOCKED )
 PARTITION-COORDINATOR ( TABLE: SYS.T1, PARTITION: 3/3, INDEX: SYS.IDX8, ACCESS: 6, COST: BLOCKED )
  SCAN ( PARTITION: P3, RID SCAN, ACCESS: 1, DISK_PAGE_COUNT: BLOCKED, COST: BLOCKED )
  SCAN ( PARTITION: P2, RID SCAN, ACCESS: 1, DISK_PAGE_COUNT: BLOCKED, COST: BLOCKED )
  SCAN ( PARTITION: P1, RID SCAN, ACCESS: 4, DISK_PAGE_COUNT: BLOCKED, COST: BLOCKED )
------------------------------------------------------------

$T0> alter session set explain plan = off;
Alter success.


$T0> create table t1( i1 varchar(10), i2 varchar(10), i3 varchar(10) )
partition by hash(i1)
(
  partition p1,
  partition p2,
  partition p3
)
tablespace sys_tbs_disk_data;
Create success.


$T0> create index idx1 on t1(i1);
Create success.
$T0> create index idx2 on t1(i1, i2);
Create success.
$T0> create index idx3 on t1(i1, i2, i3);
Create success.

$T0> create index idx4 on t1(i2) tablespace data1;
Create success.
$T0> create index idx5 on t1(i2, i3) tablespace data1;
Create success.

$T0> create index idx6 on t1(i3) tablespace data2;
Create success.
$T0> create index idx7 on t1(i3, i1) tablespace data2;
Create success.
$T0> create index idx8 on t1(i3, i2, i1) tablespace data2;
Create success.

$T0> insert into t1 values ( '1', '1', '1' );
1 row inserted.
$T0> insert into t1 values ( '2', '2', '2' );
1 row inserted.
$T0> insert into t1 values ( '100', '100', '100' );
1 row inserted.
$T0> insert into t1 values ( '101', '101', '101' );
1 row inserted.
$T0> insert into t1 values ( '200', '200', '200' );
1 row inserted.
$T0> insert into t1 values ( '202', '202', '202' );
1 row inserted.


$T0> alter index idx1 rebuild;
Alter success.
$T0> alter index idx2 rebuild;
Alter success.
$T0> alter index idx3 rebuild;
Alter success.
$T0> alter index idx4 rebuild;
Alter success.
$T0> alter index idx5 rebuild;
Alter success.
$T0> alter index idx6 rebuild;
Alter success.
$T0> alter index idx7 rebuild;
Alter success.
$T0> alter index idx8 rebuild;
Alter success.

$T0> alter session set explain plan = on;
Alter success.

$T0> select /*+index(t1,idx1)*/ * from t1;
T1.I1       T1.I2       T1.I3       
----------------------------------------
1           1           1           
100         100         100         
101         101         101         
2           2           2           
200         200         200         
202         202         202         
6 rows selected.
------------------------------------------------------------
PROJECT ( COLUMN_COUNT: 3, TUPLE_SIZE: 36, COST: BLOCKED )
 PARTITION-COORDINATOR ( TABLE: SYS.T1, PARTITION: 3/3, INDEX: SYS.IDX1, ACCESS: 6, COST: BLOCKED )
  SCAN ( PARTITION: P3, RID SCAN, ACCESS: 1, DISK_PAGE_COUNT: BLOCKED, COST: BLOCKED )
  SCAN ( PARTITION: P2, RID SCAN, ACCESS: 1, DISK_PAGE_COUNT: BLOCKED, COST: BLOCKED )
  SCAN ( PARTITION: P1, RID SCAN, ACCESS: 4, DISK_PAGE_COUNT: BLOCKED, COST: BLOCKED )
------------------------------------------------------------
$T0> select /*+index(t1,idx2)*/ * from t1;
T1.I1       T1.I2       T1.I3       
----------------------------------------
1           1           1           
100         100         100         
101         101         101         
2           2           2           
200         200         200         
202         202         202         
6 rows selected.
------------------------------------------------------------
PROJECT ( COLUMN_COUNT: 3, TUPLE_SIZE: 36, COST: BLOCKED )
 PARTITION-COORDINATOR ( TABLE: SYS.T1, PARTITION: 3/3, INDEX: SYS.IDX2, ACCESS: 6, COST: BLOCKED )
  SCAN ( PARTITION: P3, RID SCAN, ACCESS: 1, DISK_PAGE_COUNT: BLOCKED, COST: BLOCKED )
  SCAN ( PARTITION: P2, RID SCAN, ACCESS: 1, DISK_PAGE_COUNT: BLOCKED, COST: BLOCKED )
  SCAN ( PARTITION: P1, RID SCAN, ACCESS: 4, DISK_PAGE_COUNT: BLOCKED, COST: BLOCKED )
------------------------------------------------------------
$T0> select /*+index(t1,idx3)*/ * from t1;
T1.I1       T1.I2       T1.I3       
----------------------------------------
1           1           1           
100         100         100         
101         101         101         
2           2           2           
200         200         200         
202         202         202         
6 rows selected.
------------------------------------------------------------
PROJECT ( COLUMN_COUNT: 3, TUPLE_SIZE: 36, COST: BLOCKED )
 PARTITION-COORDINATOR ( TABLE: SYS.T1, PARTITION: 3/3, INDEX: SYS.IDX3, ACCESS: 6, COST: BLOCKED )
  SCAN ( PARTITION: P3, RID SCAN, ACCESS: 1, DISK_PAGE_COUNT: BLOCKED, COST: BLOCKED )
  SCAN ( PARTITION: P2, RID SCAN, ACCESS: 1, DISK_PAGE_COUNT: BLOCKED, COST: BLOCKED )
  SCAN ( PARTITION: P1, RID SCAN, ACCESS: 4, DISK_PAGE_COUNT: BLOCKED, COST: BLOCKED )
------------------------------------------------------------
$T0> select /*+index(t1,idx4)*/ * from t1;
T1.I1       T1.I2       T1.I3       
----------------------------------------
1           1           1           
100         100         100         
101         101         101         
2           2           2           
200         200         200         
202         202         202         
6 rows selected.
------------------------------------------------------------
PROJECT ( COLUMN_COUNT: 3, TUPLE_SIZE: 36, COST: BLOCKED )
 PARTITION-COORDINATOR ( TABLE: SYS.T1, PARTITION: 3/3, INDEX: SYS.IDX4, ACCESS: 6, COST: BLOCKED )
  SCAN ( PARTITION: P3, RID SCAN, ACCESS: 1, DISK_PAGE_COUNT: BLOCKED, COST: BLOCKED )
  SCAN ( PARTITION: P2, RID SCAN, ACCESS: 1, DISK_PAGE_COUNT: BLOCKED, COST: BLOCKED )
  SCAN ( PARTITION: P1, RID SCAN, ACCESS: 4, DISK_PAGE_COUNT: BLOCKED, COST: BLOCKED )
------------------------------------------------------------
$T0> select /*+index(t1,idx5)*/ * from t1;
T1.I1       T1.I2       T1.I3       
----------------------------------------
1           1           1           
100         100         100         
101         101         101         
2           2           2           
200         200         200         
202         202         202         
6 rows selected.
------------------------------------------------------------
PROJECT ( COLUMN_COUNT: 3, TUPLE_SIZE: 36, COST: BLOCKED )
 PARTITION-COORDINATOR ( TABLE: SYS.T1, PARTITION: 3/3, INDEX: SYS.IDX5, ACCESS: 6, COST: BLOCKED )
  SCAN ( PARTITION: P3, RID SCAN, ACCESS: 1, DISK_PAGE_COUNT: BLOCKED, COST: BLOCKED )
  SCAN ( PARTITION: P2, RID SCAN, ACCESS: 1, DISK_PAGE_COUNT: BLOCKED, COST: BLOCKED )
  SCAN ( PARTITION: P1, RID SCAN, ACCESS: 4, DISK_PAGE_COUNT: BLOCKED, COST: BLOCKED )
------------------------------------------------------------
$T0> select /*+index(t1,idx6)*/ * from t1;
T1.I1       T1.I2       T1.I3       
----------------------------------------
1           1           1           
100         100         100         
101         101         101         
2           2           2           
200         200         200         
202         202         202         
6 rows selected.
------------------------------------------------------------
PROJECT ( COLUMN_COUNT: 3, TUPLE_SIZE: 36, COST: BLOCKED )
 PARTITION-COORDINATOR ( TABLE: SYS.T1, PARTITION: 3/3, INDEX: SYS.IDX6, ACCESS: 6, COST: BLOCKED )
  SCAN ( PARTITION: P3, RID SCAN, ACCESS: 1, DISK_PAGE_COUNT: BLOCKED, COST: BLOCKED )
  SCAN ( PARTITION: P2, RID SCAN, ACCESS: 1, DISK_PAGE_COUNT: BLOCKED, COST: BLOCKED )
  SCAN ( PARTITION: P1, RID SCAN, ACCESS: 4, DISK_PAGE_COUNT: BLOCKED, COST: BLOCKED )
------------------------------------------------------------
$T0> select /*+index(t1,idx7)*/ * from t1;
T1.I1       T1.I2       T1.I3       
----------------------------------------
1           1           1           
100         100         100         
101         101         101         
2           2           2           
200         200         200         
202         202         202         
6 rows selected.
------------------------------------------------------------
PROJECT ( COLUMN_COUNT: 3, TUPLE_SIZE: 36, COST: BLOCKED )
 PARTITION-COORDINATOR ( TABLE: SYS.T1, PARTITION: 3/3, INDEX: SYS.IDX7, ACCESS: 6, COST: BLOCKED )
  SCAN ( PARTITION: P3, RID SCAN, ACCESS: 1, DISK_PAGE_COUNT: BLOCKED, COST: BLOCKED )
  SCAN ( PARTITION: P2, RID SCAN, ACCESS: 1, DISK_PAGE_COUNT: BLOCKED, COST: BLOCKED )
  SCAN ( PARTITION: P1, RID SCAN, ACCESS: 4, DISK_PAGE_COUNT: BLOCKED, COST: BLOCKED )
------------------------------------------------------------
$T0> select /*+index(t1,idx8)*/ * from t1;
T1.I1       T1.I2       T1.I3       
----------------------------------------
1           1           1           
100         100         100         
101         101         101         
2           2           2           
200         200         200         
202         202         202         
6 rows selected.
------------------------------------------------------------
PROJECT ( COLUMN_COUNT: 3, TUPLE_SIZE: 36, COST: BLOCKED )
 PARTITION-COORDINATOR ( TABLE: SYS.T1, PARTITION: 3/3, INDEX: SYS.IDX8, ACCESS: 6, COST: BLOCKED )
  SCAN ( PARTITION: P3, RID SCAN, ACCESS: 1, DISK_PAGE_COUNT: BLOCKED, COST: BLOCKED )
  SCAN ( PARTITION: P2, RID SCAN, ACCESS: 1, DISK_PAGE_COUNT: BLOCKED, COST: BLOCKED )
  SCAN ( PARTITION: P1, RID SCAN, ACCESS: 4, DISK_PAGE_COUNT: BLOCKED, COST: BLOCKED )
------------------------------------------------------------

$T0> alter session set explain plan = off;
Alter success.


$T0> create table t1( i1 integer, i2 integer, i3 integer )
partition by list(i1)
(
  partition p1 values ('100'),
  partition p2 values ('200'),
  partition p3 values default
)
tablespace sys_tbs_disk_data;
Create success.


$T0> create index idx1 on t1(i1);
Create success.
$T0> create index idx2 on t1(i1, i2);
Create success.
$T0> create index idx3 on t1(i1, i2, i3);
Create success.

$T0> create index idx4 on t1(i2) tablespace data1;
Create success.
$T0> create index idx5 on t1(i2, i3) tablespace data1;
Create success.

$T0> create index idx6 on t1(i3) tablespace data2;
Create success.
$T0> create index idx7 on t1(i3, i1) tablespace data2;
Create success.
$T0> create index idx8 on t1(i3, i2, i1) tablespace data2;
Create success.

$T0> insert into t1 values ( '1', '1', '1' );
1 row inserted.
$T0> insert into t1 values ( '2', '2', '2' );
1 row inserted.
$T0> insert into t1 values ( '100', '100', '100' );
1 row inserted.
$T0> insert into t1 values ( '101', '101', '101' );
1 row inserted.
$T0> insert into t1 values ( '200', '200', '200' );
1 row inserted.
$T0> insert into t1 values ( '202', '202', '202' );
1 row inserted.


$T0> alter index idx1 rebuild;
Alter success.
$T0> alter index idx2 rebuild;
Alter success.
$T0> alter index idx3 rebuild;
Alter success.
$T0> alter index idx4 rebuild;
Alter success.
$T0> alter index idx5 rebuild;
Alter success.
$T0> alter index idx6 rebuild;
Alter success.
$T0> alter index idx7 rebuild;
Alter success.
$T0> alter index idx8 rebuild;
Alter success.

$T0> alter session set explain plan = on;
Alter success.

$T0> select /*+index(t1,idx1)*/ * from t1;
T1.I1       T1.I2       T1.I3       
----------------------------------------
1           1           1           
2           2           2           
100         100         100         
101         101         101         
200         200         200         
202         202         202         
6 rows selected.
------------------------------------------------------------
PROJECT ( COLUMN_COUNT: 3, TUPLE_SIZE: 12, COST: BLOCKED )
 PARTITION-COORDINATOR ( TABLE: SYS.T1, PARTITION: 3/3, INDEX: SYS.IDX1, ACCESS: 6, COST: BLOCKED )
  SCAN ( PARTITION: P3, RID SCAN, ACCESS: 4, DISK_PAGE_COUNT: BLOCKED, COST: BLOCKED )
  SCAN ( PARTITION: P2, RID SCAN, ACCESS: 1, DISK_PAGE_COUNT: BLOCKED, COST: BLOCKED )
  SCAN ( PARTITION: P1, RID SCAN, ACCESS: 1, DISK_PAGE_COUNT: BLOCKED, COST: BLOCKED )
------------------------------------------------------------
$T0> select /*+index(t1,idx2)*/ * from t1;
T1.I1       T1.I2       T1.I3       
----------------------------------------
1           1           1           
2           2           2           
100         100         100         
101         101         101         
200         200         200         
202         202         202         
6 rows selected.
------------------------------------------------------------
PROJECT ( COLUMN_COUNT: 3, TUPLE_SIZE: 12, COST: BLOCKED )
 PARTITION-COORDINATOR ( TABLE: SYS.T1, PARTITION: 3/3, INDEX: SYS.IDX2, ACCESS: 6, COST: BLOCKED )
  SCAN ( PARTITION: P3, RID SCAN, ACCESS: 4, DISK_PAGE_COUNT: BLOCKED, COST: BLOCKED )
  SCAN ( PARTITION: P2, RID SCAN, ACCESS: 1, DISK_PAGE_COUNT: BLOCKED, COST: BLOCKED )
  SCAN ( PARTITION: P1, RID SCAN, ACCESS: 1, DISK_PAGE_COUNT: BLOCKED, COST: BLOCKED )
------------------------------------------------------------
$T0> select /*+index(t1,idx3)*/ * from t1;
T1.I1       T1.I2       T1.I3       
----------------------------------------
1           1           1           
2           2           2           
100         100         100         
101         101         101         
200         200         200         
202         202         202         
6 rows selected.
------------------------------------------------------------
PROJECT ( COLUMN_COUNT: 3, TUPLE_SIZE: 12, COST: BLOCKED )
 PARTITION-COORDINATOR ( TABLE: SYS.T1, PARTITION: 3/3, INDEX: SYS.IDX3, ACCESS: 6, COST: BLOCKED )
  SCAN ( PARTITION: P3, RID SCAN, ACCESS: 4, DISK_PAGE_COUNT: BLOCKED, COST: BLOCKED )
  SCAN ( PARTITION: P2, RID SCAN, ACCESS: 1, DISK_PAGE_COUNT: BLOCKED, COST: BLOCKED )
  SCAN ( PARTITION: P1, RID SCAN, ACCESS: 1, DISK_PAGE_COUNT: BLOCKED, COST: BLOCKED )
------------------------------------------------------------
$T0> select /*+index(t1,idx4)*/ * from t1;
T1.I1       T1.I2       T1.I3       
----------------------------------------
1           1           1           
2           2           2           
100         100         100         
101         101         101         
200         200         200         
202         202         202         
6 rows selected.
------------------------------------------------------------
PROJECT ( COLUMN_COUNT: 3, TUPLE_SIZE: 12, COST: BLOCKED )
 PARTITION-COORDINATOR ( TABLE: SYS.T1, PARTITION: 3/3, INDEX: SYS.IDX4, ACCESS: 6, COST: BLOCKED )
  SCAN ( PARTITION: P3, RID SCAN, ACCESS: 4, DISK_PAGE_COUNT: BLOCKED, COST: BLOCKED )
  SCAN ( PARTITION: P2, RID SCAN, ACCESS: 1, DISK_PAGE_COUNT: BLOCKED, COST: BLOCKED )
  SCAN ( PARTITION: P1, RID SCAN, ACCESS: 1, DISK_PAGE_COUNT: BLOCKED, COST: BLOCKED )
------------------------------------------------------------
$T0> select /*+index(t1,idx5)*/ * from t1;
T1.I1       T1.I2       T1.I3       
----------------------------------------
1           1           1           
2           2           2           
100         100         100         
101         101         101         
200         200         200         
202         202         202         
6 rows selected.
------------------------------------------------------------
PROJECT ( COLUMN_COUNT: 3, TUPLE_SIZE: 12, COST: BLOCKED )
 PARTITION-COORDINATOR ( TABLE: SYS.T1, PARTITION: 3/3, INDEX: SYS.IDX5, ACCESS: 6, COST: BLOCKED )
  SCAN ( PARTITION: P3, RID SCAN, ACCESS: 4, DISK_PAGE_COUNT: BLOCKED, COST: BLOCKED )
  SCAN ( PARTITION: P2, RID SCAN, ACCESS: 1, DISK_PAGE_COUNT: BLOCKED, COST: BLOCKED )
  SCAN ( PARTITION: P1, RID SCAN, ACCESS: 1, DISK_PAGE_COUNT: BLOCKED, COST: BLOCKED )
------------------------------------------------------------
$T0> select /*+index(t1,idx6)*/ * from t1;
T1.I1       T1.I2       T1.I3       
----------------------------------------
1           1           1           
2           2           2           
100         100         100         
101         101         101         
200         200         200         
202         202         202         
6 rows selected.
------------------------------------------------------------
PROJECT ( COLUMN_COUNT: 3, TUPLE_SIZE: 12, COST: BLOCKED )
 PARTITION-COORDINATOR ( TABLE: SYS.T1, PARTITION: 3/3, INDEX: SYS.IDX6, ACCESS: 6, COST: BLOCKED )
  SCAN ( PARTITION: P3, RID SCAN, ACCESS: 4, DISK_PAGE_COUNT: BLOCKED, COST: BLOCKED )
  SCAN ( PARTITION: P2, RID SCAN, ACCESS: 1, DISK_PAGE_COUNT: BLOCKED, COST: BLOCKED )
  SCAN ( PARTITION: P1, RID SCAN, ACCESS: 1, DISK_PAGE_COUNT: BLOCKED, COST: BLOCKED )
------------------------------------------------------------
$T0> select /*+index(t1,idx7)*/ * from t1;
T1.I1       T1.I2       T1.I3       
----------------------------------------
1           1           1           
2           2           2           
100         100         100         
101         101         101         
200         200         200         
202         202         202         
6 rows selected.
------------------------------------------------------------
PROJECT ( COLUMN_COUNT: 3, TUPLE_SIZE: 12, COST: BLOCKED )
 PARTITION-COORDINATOR ( TABLE: SYS.T1, PARTITION: 3/3, INDEX: SYS.IDX7, ACCESS: 6, COST: BLOCKED )
  SCAN ( PARTITION: P3, RID SCAN, ACCESS: 4, DISK_PAGE_COUNT: BLOCKED, COST: BLOCKED )
  SCAN ( PARTITION: P2, RID SCAN, ACCESS: 1, DISK_PAGE_COUNT: BLOCKED, COST: BLOCKED )
  SCAN ( PARTITION: P1, RID SCAN, ACCESS: 1, DISK_PAGE_COUNT: BLOCKED, COST: BLOCKED )
------------------------------------------------------------
$T0> select /*+index(t1,idx8)*/ * from t1;
T1.I1       T1.I2       T1.I3       
----------------------------------------
1           1           1           
2           2           2           
100         100         100         
101         101         101         
200         200         200         
202         202         202         
6 rows selected.
------------------------------------------------------------
PROJECT ( COLUMN_COUNT: 3, TUPLE_SIZE: 12, COST: BLOCKED )
 PARTITION-COORDINATOR ( TABLE: SYS.T1, PARTITION: 3/3, INDEX: SYS.IDX8, ACCESS: 6, COST: BLOCKED )
  SCAN ( PARTITION: P3, RID SCAN, ACCESS: 4, DISK_PAGE_COUNT: BLOCKED, COST: BLOCKED )
  SCAN ( PARTITION: P2, RID SCAN, ACCESS: 1, DISK_PAGE_COUNT: BLOCKED, COST: BLOCKED )
  SCAN ( PARTITION: P1, RID SCAN, ACCESS: 1, DISK_PAGE_COUNT: BLOCKED, COST: BLOCKED )
------------------------------------------------------------

$T0> alter session set explain plan = off;
Alter success.


$T0> create table t1( i1 integer, i2 numeric(5,1), i3 numeric(5,1) )
partition by list(i1)
(
  partition p1 values ('100'),
  partition p2 values ('200'),
  partition p3 values default
)
tablespace sys_tbs_disk_data;
Create success.


$T0> create index idx1 on t1(i1);
Create success.
$T0> create index idx2 on t1(i1, i2);
Create success.
$T0> create index idx3 on t1(i1, i2, i3);
Create success.

$T0> create index idx4 on t1(i2) tablespace data1;
Create success.
$T0> create index idx5 on t1(i2, i3) tablespace data1;
Create success.

$T0> create index idx6 on t1(i3) tablespace data2;
Create success.
$T0> create index idx7 on t1(i3, i1) tablespace data2;
Create success.
$T0> create index idx8 on t1(i3, i2, i1) tablespace data2;
Create success.

$T0> insert into t1 values ( '1', '1', '1' );
1 row inserted.
$T0> insert into t1 values ( '2', '2', '2' );
1 row inserted.
$T0> insert into t1 values ( '100', '100', '100' );
1 row inserted.
$T0> insert into t1 values ( '101', '101', '101' );
1 row inserted.
$T0> insert into t1 values ( '200', '200', '200' );
1 row inserted.
$T0> insert into t1 values ( '202', '202', '202' );
1 row inserted.


$T0> alter index idx1 rebuild;
Alter success.
$T0> alter index idx2 rebuild;
Alter success.
$T0> alter index idx3 rebuild;
Alter success.
$T0> alter index idx4 rebuild;
Alter success.
$T0> alter index idx5 rebuild;
Alter success.
$T0> alter index idx6 rebuild;
Alter success.
$T0> alter index idx7 rebuild;
Alter success.
$T0> alter index idx8 rebuild;
Alter success.

$T0> alter session set explain plan = on;
Alter success.

$T0> select /*+index(t1,idx1)*/ * from t1;
T1.I1       T1.I2       T1.I3       
----------------------------------------
1           1           1           
2           2           2           
100         100         100         
101         101         101         
200         200         200         
202         202         202         
6 rows selected.
------------------------------------------------------------
PROJECT ( COLUMN_COUNT: 3, TUPLE_SIZE: 16, COST: BLOCKED )
 PARTITION-COORDINATOR ( TABLE: SYS.T1, PARTITION: 3/3, INDEX: SYS.IDX1, ACCESS: 6, COST: BLOCKED )
  SCAN ( PARTITION: P3, RID SCAN, ACCESS: 4, DISK_PAGE_COUNT: BLOCKED, COST: BLOCKED )
  SCAN ( PARTITION: P2, RID SCAN, ACCESS: 1, DISK_PAGE_COUNT: BLOCKED, COST: BLOCKED )
  SCAN ( PARTITION: P1, RID SCAN, ACCESS: 1, DISK_PAGE_COUNT: BLOCKED, COST: BLOCKED )
------------------------------------------------------------
$T0> select /*+index(t1,idx2)*/ * from t1;
T1.I1       T1.I2       T1.I3       
----------------------------------------
1           1           1           
2           2           2           
100         100         100         
101         101         101         
200         200         200         
202         202         202         
6 rows selected.
------------------------------------------------------------
PROJECT ( COLUMN_COUNT: 3, TUPLE_SIZE: 16, COST: BLOCKED )
 PARTITION-COORDINATOR ( TABLE: SYS.T1, PARTITION: 3/3, INDEX: SYS.IDX2, ACCESS: 6, COST: BLOCKED )
  SCAN ( PARTITION: P3, RID SCAN, ACCESS: 4, DISK_PAGE_COUNT: BLOCKED, COST: BLOCKED )
  SCAN ( PARTITION: P2, RID SCAN, ACCESS: 1, DISK_PAGE_COUNT: BLOCKED, COST: BLOCKED )
  SCAN ( PARTITION: P1, RID SCAN, ACCESS: 1, DISK_PAGE_COUNT: BLOCKED, COST: BLOCKED )
------------------------------------------------------------
$T0> select /*+index(t1,idx3)*/ * from t1;
T1.I1       T1.I2       T1.I3       
----------------------------------------
1           1           1           
2           2           2           
100         100         100         
101         101         101         
200         200         200         
202         202         202         
6 rows selected.
------------------------------------------------------------
PROJECT ( COLUMN_COUNT: 3, TUPLE_SIZE: 16, COST: BLOCKED )
 PARTITION-COORDINATOR ( TABLE: SYS.T1, PARTITION: 3/3, INDEX: SYS.IDX3, ACCESS: 6, COST: BLOCKED )
  SCAN ( PARTITION: P3, RID SCAN, ACCESS: 4, DISK_PAGE_COUNT: BLOCKED, COST: BLOCKED )
  SCAN ( PARTITION: P2, RID SCAN, ACCESS: 1, DISK_PAGE_COUNT: BLOCKED, COST: BLOCKED )
  SCAN ( PARTITION: P1, RID SCAN, ACCESS: 1, DISK_PAGE_COUNT: BLOCKED, COST: BLOCKED )
------------------------------------------------------------
$T0> select /*+index(t1,idx4)*/ * from t1;
T1.I1       T1.I2       T1.I3       
----------------------------------------
1           1           1           
2           2           2           
100         100         100         
101         101         101         
200         200         200         
202         202         202         
6 rows selected.
------------------------------------------------------------
PROJECT ( COLUMN_COUNT: 3, TUPLE_SIZE: 16, COST: BLOCKED )
 PARTITION-COORDINATOR ( TABLE: SYS.T1, PARTITION: 3/3, INDEX: SYS.IDX4, ACCESS: 6, COST: BLOCKED )
  SCAN ( PARTITION: P3, RID SCAN, ACCESS: 4, DISK_PAGE_COUNT: BLOCKED, COST: BLOCKED )
  SCAN ( PARTITION: P2, RID SCAN, ACCESS: 1, DISK_PAGE_COUNT: BLOCKED, COST: BLOCKED )
  SCAN ( PARTITION: P1, RID SCAN, ACCESS: 1, DISK_PAGE_COUNT: BLOCKED, COST: BLOCKED )
------------------------------------------------------------
$T0> select /*+index(t1,idx5)*/ * from t1;
T1.I1       T1.I2       T1.I3       
----------------------------------------
1           1           1           
2           2           2           
100         100         100         
101         101         101         
200         200         200         
202         202         202         
6 rows selected.
------------------------------------------------------------
PROJECT ( COLUMN_COUNT: 3, TUPLE_SIZE: 16, COST: BLOCKED )
 PARTITION-COORDINATOR ( TABLE: SYS.T1, PARTITION: 3/3, INDEX: SYS.IDX5, ACCESS: 6, COST: BLOCKED )
  SCAN ( PARTITION: P3, RID SCAN, ACCESS: 4, DISK_PAGE_COUNT: BLOCKED, COST: BLOCKED )
  SCAN ( PARTITION: P2, RID SCAN, ACCESS: 1, DISK_PAGE_COUNT: BLOCKED, COST: BLOCKED )
  SCAN ( PARTITION: P1, RID SCAN, ACCESS: 1, DISK_PAGE_COUNT: BLOCKED, COST: BLOCKED )
------------------------------------------------------------
$T0> select /*+index(t1,idx6)*/ * from t1;
T1.I1       T1.I2       T1.I3       
----------------------------------------
1           1           1           
2           2           2           
100         100         100         
101         101         101         
200         200         200         
202         202         202         
6 rows selected.
------------------------------------------------------------
PROJECT ( COLUMN_COUNT: 3, TUPLE_SIZE: 16, COST: BLOCKED )
 PARTITION-COORDINATOR ( TABLE: SYS.T1, PARTITION: 3/3, INDEX: SYS.IDX6, ACCESS: 6, COST: BLOCKED )
  SCAN ( PARTITION: P3, RID SCAN, ACCESS: 4, DISK_PAGE_COUNT: BLOCKED, COST: BLOCKED )
  SCAN ( PARTITION: P2, RID SCAN, ACCESS: 1, DISK_PAGE_COUNT: BLOCKED, COST: BLOCKED )
  SCAN ( PARTITION: P1, RID SCAN, ACCESS: 1, DISK_PAGE_COUNT: BLOCKED, COST: BLOCKED )
------------------------------------------------------------
$T0> select /*+index(t1,idx7)*/ * from t1;
T1.I1       T1.I2       T1.I3       
----------------------------------------
1           1           1           
2           2           2           
100         100         100         
101         101         101         
200         200         200         
202         202         202         
6 rows selected.
------------------------------------------------------------
PROJECT ( COLUMN_COUNT: 3, TUPLE_SIZE: 16, COST: BLOCKED )
 PARTITION-COORDINATOR ( TABLE: SYS.T1, PARTITION: 3/3, INDEX: SYS.IDX7, ACCESS: 6, COST: BLOCKED )
  SCAN ( PARTITION: P3, RID SCAN, ACCESS: 4, DISK_PAGE_COUNT: BLOCKED, COST: BLOCKED )
  SCAN ( PARTITION: P2, RID SCAN, ACCESS: 1, DISK_PAGE_COUNT: BLOCKED, COST: BLOCKED )
  SCAN ( PARTITION: P1, RID SCAN, ACCESS: 1, DISK_PAGE_COUNT: BLOCKED, COST: BLOCKED )
------------------------------------------------------------
$T0> select /*+index(t1,idx8)*/ * from t1;
T1.I1       T1.I2       T1.I3       
----------------------------------------
1           1           1           
2           2           2           
100         100         100         
101         101         101         
200         200         200         
202         202         202         
6 rows selected.
------------------------------------------------------------
PROJECT ( COLUMN_COUNT: 3, TUPLE_SIZE: 16, COST: BLOCKED )
 PARTITION-COORDINATOR ( TABLE: SYS.T1, PARTITION: 3/3, INDEX: SYS.IDX8, ACCESS: 6, COST: BLOCKED )
  SCAN ( PARTITION: P3, RID SCAN, ACCESS: 4, DISK_PAGE_COUNT: BLOCKED, COST: BLOCKED )
  SCAN ( PARTITION: P2, RID SCAN, ACCESS: 1, DISK_PAGE_COUNT: BLOCKED, COST: BLOCKED )
  SCAN ( PARTITION: P1, RID SCAN, ACCESS: 1, DISK_PAGE_COUNT: BLOCKED, COST: BLOCKED )
------------------------------------------------------------

$T0> alter session set explain plan = off;
Alter success.


$T0> create table t1( i1 integer, i2 char(10), i3 char(10) )
partition by list(i1)
(
  partition p1 values ('100'),
  partition p2 values ('200'),
  partition p3 values default
)
tablespace sys_tbs_disk_data;
Create success.


$T0> create index idx1 on t1(i1);
Create success.
$T0> create index idx2 on t1(i1, i2);
Create success.
$T0> create index idx3 on t1(i1, i2, i3);
Create success.

$T0> create index idx4 on t1(i2) tablespace data1;
Create success.
$T0> create index idx5 on t1(i2, i3) tablespace data1;
Create success.

$T0> create index idx6 on t1(i3) tablespace data2;
Create success.
$T0> create index idx7 on t1(i3, i1) tablespace data2;
Create success.
$T0> create index idx8 on t1(i3, i2, i1) tablespace data2;
Create success.

$T0> insert into t1 values ( '1', '1', '1' );
1 row inserted.
$T0> insert into t1 values ( '2', '2', '2' );
1 row inserted.
$T0> insert into t1 values ( '100', '100', '100' );
1 row inserted.
$T0> insert into t1 values ( '101', '101', '101' );
1 row inserted.
$T0> insert into t1 values ( '200', '200', '200' );
1 row inserted.
$T0> insert into t1 values ( '202', '202', '202' );
1 row inserted.


$T0> alter index idx1 rebuild;
Alter success.
$T0> alter index idx2 rebuild;
Alter success.
$T0> alter index idx3 rebuild;
Alter success.
$T0> alter index idx4 rebuild;
Alter success.
$T0> alter index idx5 rebuild;
Alter success.
$T0> alter index idx6 rebuild;
Alter success.
$T0> alter index idx7 rebuild;
Alter success.
$T0> alter index idx8 rebuild;
Alter success.

$T0> alter session set explain plan = on;
Alter success.

$T0> select /*+index(t1,idx1)*/ * from t1;
T1.I1       T1.I2       T1.I3       
----------------------------------------
1           1           1           
2           2           2           
100         100         100         
101         101         101         
200         200         200         
202         202         202         
6 rows selected.
------------------------------------------------------------
PROJECT ( COLUMN_COUNT: 3, TUPLE_SIZE: 28, COST: BLOCKED )
 PARTITION-COORDINATOR ( TABLE: SYS.T1, PARTITION: 3/3, INDEX: SYS.IDX1, ACCESS: 6, COST: BLOCKED )
  SCAN ( PARTITION: P3, RID SCAN, ACCESS: 4, DISK_PAGE_COUNT: BLOCKED, COST: BLOCKED )
  SCAN ( PARTITION: P2, RID SCAN, ACCESS: 1, DISK_PAGE_COUNT: BLOCKED, COST: BLOCKED )
  SCAN ( PARTITION: P1, RID SCAN, ACCESS: 1, DISK_PAGE_COUNT: BLOCKED, COST: BLOCKED )
------------------------------------------------------------
$T0> select /*+index(t1,idx2)*/ * from t1;
T1.I1       T1.I2       T1.I3       
----------------------------------------
1           1           1           
2           2           2           
100         100         100         
101         101         101         
200         200         200         
202         202         202         
6 rows selected.
------------------------------------------------------------
PROJECT ( COLUMN_COUNT: 3, TUPLE_SIZE: 28, COST: BLOCKED )
 PARTITION-COORDINATOR ( TABLE: SYS.T1, PARTITION: 3/3, INDEX: SYS.IDX2, ACCESS: 6, COST: BLOCKED )
  SCAN ( PARTITION: P3, RID SCAN, ACCESS: 4, DISK_PAGE_COUNT: BLOCKED, COST: BLOCKED )
  SCAN ( PARTITION: P2, RID SCAN, ACCESS: 1, DISK_PAGE_COUNT: BLOCKED, COST: BLOCKED )
  SCAN ( PARTITION: P1, RID SCAN, ACCESS: 1, DISK_PAGE_COUNT: BLOCKED, COST: BLOCKED )
------------------------------------------------------------
$T0> select /*+index(t1,idx3)*/ * from t1;
T1.I1       T1.I2       T1.I3       
----------------------------------------
1           1           1           
2           2           2           
100         100         100         
101         101         101         
200         200         200         
202         202         202         
6 rows selected.
------------------------------------------------------------
PROJECT ( COLUMN_COUNT: 3, TUPLE_SIZE: 28, COST: BLOCKED )
 PARTITION-COORDINATOR ( TABLE: SYS.T1, PARTITION: 3/3, INDEX: SYS.IDX3, ACCESS: 6, COST: BLOCKED )
  SCAN ( PARTITION: P3, RID SCAN, ACCESS: 4, DISK_PAGE_COUNT: BLOCKED, COST: BLOCKED )
  SCAN ( PARTITION: P2, RID SCAN, ACCESS: 1, DISK_PAGE_COUNT: BLOCKED, COST: BLOCKED )
  SCAN ( PARTITION: P1, RID SCAN, ACCESS: 1, DISK_PAGE_COUNT: BLOCKED, COST: BLOCKED )
------------------------------------------------------------
$T0> select /*+index(t1,idx4)*/ * from t1;
T1.I1       T1.I2       T1.I3       
----------------------------------------
1           1           1           
100         100         100         
101         101         101         
2           2           2           
200         200         200         
202         202         202         
6 rows selected.
------------------------------------------------------------
PROJECT ( COLUMN_COUNT: 3, TUPLE_SIZE: 28, COST: BLOCKED )
 PARTITION-COORDINATOR ( TABLE: SYS.T1, PARTITION: 3/3, INDEX: SYS.IDX4, ACCESS: 6, COST: BLOCKED )
  SCAN ( PARTITION: P3, RID SCAN, ACCESS: 4, DISK_PAGE_COUNT: BLOCKED, COST: BLOCKED )
  SCAN ( PARTITION: P2, RID SCAN, ACCESS: 1, DISK_PAGE_COUNT: BLOCKED, COST: BLOCKED )
  SCAN ( PARTITION: P1, RID SCAN, ACCESS: 1, DISK_PAGE_COUNT: BLOCKED, COST: BLOCKED )
------------------------------------------------------------
$T0> select /*+index(t1,idx5)*/ * from t1;
T1.I1       T1.I2       T1.I3       
----------------------------------------
1           1           1           
100         100         100         
101         101         101         
2           2           2           
200         200         200         
202         202         202         
6 rows selected.
------------------------------------------------------------
PROJECT ( COLUMN_COUNT: 3, TUPLE_SIZE: 28, COST: BLOCKED )
 PARTITION-COORDINATOR ( TABLE: SYS.T1, PARTITION: 3/3, INDEX: SYS.IDX5, ACCESS: 6, COST: BLOCKED )
  SCAN ( PARTITION: P3, RID SCAN, ACCESS: 4, DISK_PAGE_COUNT: BLOCKED, COST: BLOCKED )
  SCAN ( PARTITION: P2, RID SCAN, ACCESS: 1, DISK_PAGE_COUNT: BLOCKED, COST: BLOCKED )
  SCAN ( PARTITION: P1, RID SCAN, ACCESS: 1, DISK_PAGE_COUNT: BLOCKED, COST: BLOCKED )
------------------------------------------------------------
$T0> select /*+index(t1,idx6)*/ * from t1;
T1.I1       T1.I2       T1.I3       
----------------------------------------
1           1           1           
100         100         100         
101         101         101         
2           2           2           
200         200         200         
202         202         202         
6 rows selected.
------------------------------------------------------------
PROJECT ( COLUMN_COUNT: 3, TUPLE_SIZE: 28, COST: BLOCKED )
 PARTITION-COORDINATOR ( TABLE: SYS.T1, PARTITION: 3/3, INDEX: SYS.IDX6, ACCESS: 6, COST: BLOCKED )
  SCAN ( PARTITION: P3, RID SCAN, ACCESS: 4, DISK_PAGE_COUNT: BLOCKED, COST: BLOCKED )
  SCAN ( PARTITION: P2, RID SCAN, ACCESS: 1, DISK_PAGE_COUNT: BLOCKED, COST: BLOCKED )
  SCAN ( PARTITION: P1, RID SCAN, ACCESS: 1, DISK_PAGE_COUNT: BLOCKED, COST: BLOCKED )
------------------------------------------------------------
$T0> select /*+index(t1,idx7)*/ * from t1;
T1.I1       T1.I2       T1.I3       
----------------------------------------
1           1           1           
100         100         100         
101         101         101         
2           2           2           
200         200         200         
202         202         202         
6 rows selected.
------------------------------------------------------------
PROJECT ( COLUMN_COUNT: 3, TUPLE_SIZE: 28, COST: BLOCKED )
 PARTITION-COORDINATOR ( TABLE: SYS.T1, PARTITION: 3/3, INDEX: SYS.IDX7, ACCESS: 6, COST: BLOCKED )
  SCAN ( PARTITION: P3, RID SCAN, ACCESS: 4, DISK_PAGE_COUNT: BLOCKED, COST: BLOCKED )
  SCAN ( PARTITION: P2, RID SCAN, ACCESS: 1, DISK_PAGE_COUNT: BLOCKED, COST: BLOCKED )
  SCAN ( PARTITION: P1, RID SCAN, ACCESS: 1, DISK_PAGE_COUNT: BLOCKED, COST: BLOCKED )
------------------------------------------------------------
$T0> select /*+index(t1,idx8)*/ * from t1;
T1.I1       T1.I2       T1.I3       
----------------------------------------
1           1           1           
100         100         100         
101         101         101         
2           2           2           
200         200         200         
202         202         202         
6 rows selected.
------------------------------------------------------------
PROJECT ( COLUMN_COUNT: 3, TUPLE_SIZE: 28, COST: BLOCKED )
 PARTITION-COORDINATOR ( TABLE: SYS.T1, PARTITION: 3/3, INDEX: SYS.IDX8, ACCESS: 6, COST: BLOCKED )
  SCAN ( PARTITION: P3, RID SCAN, ACCESS: 4, DISK_PAGE_COUNT: BLOCKED, COST: BLOCKED )
  SCAN ( PARTITION: P2, RID SCAN, ACCESS: 1, DISK_PAGE_COUNT: BLOCKED, COST: BLOCKED )
  SCAN ( PARTITION: P1, RID SCAN, ACCESS: 1, DISK_PAGE_COUNT: BLOCKED, COST: BLOCKED )
------------------------------------------------------------

$T0> alter session set explain plan = off;
Alter success.


$T0> create table t1( i1 integer, i2 varchar(10), i3 varchar(10) )
partition by list(i1)
(
  partition p1 values ('100'),
  partition p2 values ('200'),
  partition p3 values default
)
tablespace sys_tbs_disk_data;
Create success.


$T0> create index idx1 on t1(i1);
Create success.
$T0> create index idx2 on t1(i1, i2);
Create success.
$T0> create index idx3 on t1(i1, i2, i3);
Create success.

$T0> create index idx4 on t1(i2) tablespace data1;
Create success.
$T0> create index idx5 on t1(i2, i3) tablespace data1;
Create success.

$T0> create index idx6 on t1(i3) tablespace data2;
Create success.
$T0> create index idx7 on t1(i3, i1) tablespace data2;
Create success.
$T0> create index idx8 on t1(i3, i2, i1) tablespace data2;
Create success.

$T0> insert into t1 values ( '1', '1', '1' );
1 row inserted.
$T0> insert into t1 values ( '2', '2', '2' );
1 row inserted.
$T0> insert into t1 values ( '100', '100', '100' );
1 row inserted.
$T0> insert into t1 values ( '101', '101', '101' );
1 row inserted.
$T0> insert into t1 values ( '200', '200', '200' );
1 row inserted.
$T0> insert into t1 values ( '202', '202', '202' );
1 row inserted.


$T0> alter index idx1 rebuild;
Alter success.
$T0> alter index idx2 rebuild;
Alter success.
$T0> alter index idx3 rebuild;
Alter success.
$T0> alter index idx4 rebuild;
Alter success.
$T0> alter index idx5 rebuild;
Alter success.
$T0> alter index idx6 rebuild;
Alter success.
$T0> alter index idx7 rebuild;
Alter success.
$T0> alter index idx8 rebuild;
Alter success.

$T0> alter session set explain plan = on;
Alter success.

$T0> select /*+index(t1,idx1)*/ * from t1;
T1.I1       T1.I2       T1.I3       
----------------------------------------
1           1           1           
2           2           2           
100         100         100         
101         101         101         
200         200         200         
202         202         202         
6 rows selected.
------------------------------------------------------------
PROJECT ( COLUMN_COUNT: 3, TUPLE_SIZE: 28, COST: BLOCKED )
 PARTITION-COORDINATOR ( TABLE: SYS.T1, PARTITION: 3/3, INDEX: SYS.IDX1, ACCESS: 6, COST: BLOCKED )
  SCAN ( PARTITION: P3, RID SCAN, ACCESS: 4, DISK_PAGE_COUNT: BLOCKED, COST: BLOCKED )
  SCAN ( PARTITION: P2, RID SCAN, ACCESS: 1, DISK_PAGE_COUNT: BLOCKED, COST: BLOCKED )
  SCAN ( PARTITION: P1, RID SCAN, ACCESS: 1, DISK_PAGE_COUNT: BLOCKED, COST: BLOCKED )
------------------------------------------------------------
$T0> select /*+index(t1,idx2)*/ * from t1;
T1.I1       T1.I2       T1.I3       
----------------------------------------
1           1           1           
2           2           2           
100         100         100         
101         101         101         
200         200         200         
202         202         202         
6 rows selected.
------------------------------------------------------------
PROJECT ( COLUMN_COUNT: 3, TUPLE_SIZE: 28, COST: BLOCKED )
 PARTITION-COORDINATOR ( TABLE: SYS.T1, PARTITION: 3/3, INDEX: SYS.IDX2, ACCESS: 6, COST: BLOCKED )
  SCAN ( PARTITION: P3, RID SCAN, ACCESS: 4, DISK_PAGE_COUNT: BLOCKED, COST: BLOCKED )
  SCAN ( PARTITION: P2, RID SCAN, ACCESS: 1, DISK_PAGE_COUNT: BLOCKED, COST: BLOCKED )
  SCAN ( PARTITION: P1, RID SCAN, ACCESS: 1, DISK_PAGE_COUNT: BLOCKED, COST: BLOCKED )
------------------------------------------------------------
$T0> select /*+index(t1,idx3)*/ * from t1;
T1.I1       T1.I2       T1.I3       
----------------------------------------
1           1           1           
2           2           2           
100         100         100         
101         101         101         
200         200         200         
202         202         202         
6 rows selected.
------------------------------------------------------------
PROJECT ( COLUMN_COUNT: 3, TUPLE_SIZE: 28, COST: BLOCKED )
 PARTITION-COORDINATOR ( TABLE: SYS.T1, PARTITION: 3/3, INDEX: SYS.IDX3, ACCESS: 6, COST: BLOCKED )
  SCAN ( PARTITION: P3, RID SCAN, ACCESS: 4, DISK_PAGE_COUNT: BLOCKED, COST: BLOCKED )
  SCAN ( PARTITION: P2, RID SCAN, ACCESS: 1, DISK_PAGE_COUNT: BLOCKED, COST: BLOCKED )
  SCAN ( PARTITION: P1, RID SCAN, ACCESS: 1, DISK_PAGE_COUNT: BLOCKED, COST: BLOCKED )
------------------------------------------------------------
$T0> select /*+index(t1,idx4)*/ * from t1;
T1.I1       T1.I2       T1.I3       
----------------------------------------
1           1           1           
100         100         100         
101         101         101         
2           2           2           
200         200         200         
202         202         202         
6 rows selected.
------------------------------------------------------------
PROJECT ( COLUMN_COUNT: 3, TUPLE_SIZE: 28, COST: BLOCKED )
 PARTITION-COORDINATOR ( TABLE: SYS.T1, PARTITION: 3/3, INDEX: SYS.IDX4, ACCESS: 6, COST: BLOCKED )
  SCAN ( PARTITION: P3, RID SCAN, ACCESS: 4, DISK_PAGE_COUNT: BLOCKED, COST: BLOCKED )
  SCAN ( PARTITION: P2, RID SCAN, ACCESS: 1, DISK_PAGE_COUNT: BLOCKED, COST: BLOCKED )
  SCAN ( PARTITION: P1, RID SCAN, ACCESS: 1, DISK_PAGE_COUNT: BLOCKED, COST: BLOCKED )
------------------------------------------------------------
$T0> select /*+index(t1,idx5)*/ * from t1;
T1.I1       T1.I2       T1.I3       
----------------------------------------
1           1           1           
100         100         100         
101         101         101         
2           2           2           
200         200         200         
202         202         202         
6 rows selected.
------------------------------------------------------------
PROJECT ( COLUMN_COUNT: 3, TUPLE_SIZE: 28, COST: BLOCKED )
 PARTITION-COORDINATOR ( TABLE: SYS.T1, PARTITION: 3/3, INDEX: SYS.IDX5, ACCESS: 6, COST: BLOCKED )
  SCAN ( PARTITION: P3, RID SCAN, ACCESS: 4, DISK_PAGE_COUNT: BLOCKED, COST: BLOCKED )
  SCAN ( PARTITION: P2, RID SCAN, ACCESS: 1, DISK_PAGE_COUNT: BLOCKED, COST: BLOCKED )
  SCAN ( PARTITION: P1, RID SCAN, ACCESS: 1, DISK_PAGE_COUNT: BLOCKED, COST: BLOCKED )
------------------------------------------------------------
$T0> select /*+index(t1,idx6)*/ * from t1;
T1.I1       T1.I2       T1.I3       
----------------------------------------
1           1           1           
100         100         100         
101         101         101         
2           2           2           
200         200         200         
202         202         202         
6 rows selected.
------------------------------------------------------------
PROJECT ( COLUMN_COUNT: 3, TUPLE_SIZE: 28, COST: BLOCKED )
 PARTITION-COORDINATOR ( TABLE: SYS.T1, PARTITION: 3/3, INDEX: SYS.IDX6, ACCESS: 6, COST: BLOCKED )
  SCAN ( PARTITION: P3, RID SCAN, ACCESS: 4, DISK_PAGE_COUNT: BLOCKED, COST: BLOCKED )
  SCAN ( PARTITION: P2, RID SCAN, ACCESS: 1, DISK_PAGE_COUNT: BLOCKED, COST: BLOCKED )
  SCAN ( PARTITION: P1, RID SCAN, ACCESS: 1, DISK_PAGE_COUNT: BLOCKED, COST: BLOCKED )
------------------------------------------------------------
$T0> select /*+index(t1,idx7)*/ * from t1;
T1.I1       T1.I2       T1.I3       
----------------------------------------
1           1           1           
100         100         100         
101         101         101         
2           2           2           
200         200         200         
202         202         202         
6 rows selected.
------------------------------------------------------------
PROJECT ( COLUMN_COUNT: 3, TUPLE_SIZE: 28, COST: BLOCKED )
 PARTITION-COORDINATOR ( TABLE: SYS.T1, PARTITION: 3/3, INDEX: SYS.IDX7, ACCESS: 6, COST: BLOCKED )
  SCAN ( PARTITION: P3, RID SCAN, ACCESS: 4, DISK_PAGE_COUNT: BLOCKED, COST: BLOCKED )
  SCAN ( PARTITION: P2, RID SCAN, ACCESS: 1, DISK_PAGE_COUNT: BLOCKED, COST: BLOCKED )
  SCAN ( PARTITION: P1, RID SCAN, ACCESS: 1, DISK_PAGE_COUNT: BLOCKED, COST: BLOCKED )
------------------------------------------------------------
$T0> select /*+index(t1,idx8)*/ * from t1;
T1.I1       T1.I2       T1.I3       
----------------------------------------
1           1           1           
100         100         100         
101         101         101         
2           2           2           
200         200         200         
202         202         202         
6 rows selected.
------------------------------------------------------------
PROJECT ( COLUMN_COUNT: 3, TUPLE_SIZE: 28, COST: BLOCKED )
 PARTITION-COORDINATOR ( TABLE: SYS.T1, PARTITION: 3/3, INDEX: SYS.IDX8, ACCESS: 6, COST: BLOCKED )
  SCAN ( PARTITION: P3, RID SCAN, ACCESS: 4, DISK_PAGE_COUNT: BLOCKED, COST: BLOCKED )
  SCAN ( PARTITION: P2, RID SCAN, ACCESS: 1, DISK_PAGE_COUNT: BLOCKED, COST: BLOCKED )
  SCAN ( PARTITION: P1, RID SCAN, ACCESS: 1, DISK_PAGE_COUNT: BLOCKED, COST: BLOCKED )
------------------------------------------------------------

$T0> alter session set explain plan = off;
Alter success.


$T0> create table t1( i1 varchar(10), i2 integer, i3 integer )
partition by list(i1)
(
  partition p1 values ('100'),
  partition p2 values ('200'),
  partition p3 values default
)
tablespace sys_tbs_disk_data;
Create success.


$T0> create index idx1 on t1(i1);
Create success.
$T0> create index idx2 on t1(i1, i2);
Create success.
$T0> create index idx3 on t1(i1, i2, i3);
Create success.

$T0> create index idx4 on t1(i2) tablespace data1;
Create success.
$T0> create index idx5 on t1(i2, i3) tablespace data1;
Create success.

$T0> create index idx6 on t1(i3) tablespace data2;
Create success.
$T0> create index idx7 on t1(i3, i1) tablespace data2;
Create success.
$T0> create index idx8 on t1(i3, i2, i1) tablespace data2;
Create success.

$T0> insert into t1 values ( '1', '1', '1' );
1 row inserted.
$T0> insert into t1 values ( '2', '2', '2' );
1 row inserted.
$T0> insert into t1 values ( '100', '100', '100' );
1 row inserted.
$T0> insert into t1 values ( '101', '101', '101' );
1 row inserted.
$T0> insert into t1 values ( '200', '200', '200' );
1 row inserted.
$T0> insert into t1 values ( '202', '202', '202' );
1 row inserted.


$T0> alter index idx1 rebuild;
Alter success.
$T0> alter index idx2 rebuild;
Alter success.
$T0> alter index idx3 rebuild;
Alter success.
$T0> alter index idx4 rebuild;
Alter success.
$T0> alter index idx5 rebuild;
Alter success.
$T0> alter index idx6 rebuild;
Alter success.
$T0> alter index idx7 rebuild;
Alter success.
$T0> alter index idx8 rebuild;
Alter success.

$T0> alter session set explain plan = on;
Alter success.

$T0> select /*+index(t1,idx1)*/ * from t1;
T1.I1       T1.I2       T1.I3       
----------------------------------------
1           1           1           
100         100         100         
101         101         101         
2           2           2           
200         200         200         
202         202         202         
6 rows selected.
------------------------------------------------------------
PROJECT ( COLUMN_COUNT: 3, TUPLE_SIZE: 20, COST: BLOCKED )
 PARTITION-COORDINATOR ( TABLE: SYS.T1, PARTITION: 3/3, INDEX: SYS.IDX1, ACCESS: 6, COST: BLOCKED )
  SCAN ( PARTITION: P3, RID SCAN, ACCESS: 4, DISK_PAGE_COUNT: BLOCKED, COST: BLOCKED )
  SCAN ( PARTITION: P2, RID SCAN, ACCESS: 1, DISK_PAGE_COUNT: BLOCKED, COST: BLOCKED )
  SCAN ( PARTITION: P1, RID SCAN, ACCESS: 1, DISK_PAGE_COUNT: BLOCKED, COST: BLOCKED )
------------------------------------------------------------
$T0> select /*+index(t1,idx2)*/ * from t1;
T1.I1       T1.I2       T1.I3       
----------------------------------------
1           1           1           
100         100         100         
101         101         101         
2           2           2           
200         200         200         
202         202         202         
6 rows selected.
------------------------------------------------------------
PROJECT ( COLUMN_COUNT: 3, TUPLE_SIZE: 20, COST: BLOCKED )
 PARTITION-COORDINATOR ( TABLE: SYS.T1, PARTITION: 3/3, INDEX: SYS.IDX2, ACCESS: 6, COST: BLOCKED )
  SCAN ( PARTITION: P3, RID SCAN, ACCESS: 4, DISK_PAGE_COUNT: BLOCKED, COST: BLOCKED )
  SCAN ( PARTITION: P2, RID SCAN, ACCESS: 1, DISK_PAGE_COUNT: BLOCKED, COST: BLOCKED )
  SCAN ( PARTITION: P1, RID SCAN, ACCESS: 1, DISK_PAGE_COUNT: BLOCKED, COST: BLOCKED )
------------------------------------------------------------
$T0> select /*+index(t1,idx3)*/ * from t1;
T1.I1       T1.I2       T1.I3       
----------------------------------------
1           1           1           
100         100         100         
101         101         101         
2           2           2           
200         200         200         
202         202         202         
6 rows selected.
------------------------------------------------------------
PROJECT ( COLUMN_COUNT: 3, TUPLE_SIZE: 20, COST: BLOCKED )
 PARTITION-COORDINATOR ( TABLE: SYS.T1, PARTITION: 3/3, INDEX: SYS.IDX3, ACCESS: 6, COST: BLOCKED )
  SCAN ( PARTITION: P3, RID SCAN, ACCESS: 4, DISK_PAGE_COUNT: BLOCKED, COST: BLOCKED )
  SCAN ( PARTITION: P2, RID SCAN, ACCESS: 1, DISK_PAGE_COUNT: BLOCKED, COST: BLOCKED )
  SCAN ( PARTITION: P1, RID SCAN, ACCESS: 1, DISK_PAGE_COUNT: BLOCKED, COST: BLOCKED )
------------------------------------------------------------
$T0> select /*+index(t1,idx4)*/ * from t1;
T1.I1       T1.I2       T1.I3       
----------------------------------------
1           1           1           
2           2           2           
100         100         100         
101         101         101         
200         200         200         
202         202         202         
6 rows selected.
------------------------------------------------------------
PROJECT ( COLUMN_COUNT: 3, TUPLE_SIZE: 20, COST: BLOCKED )
 PARTITION-COORDINATOR ( TABLE: SYS.T1, PARTITION: 3/3, INDEX: SYS.IDX4, ACCESS: 6, COST: BLOCKED )
  SCAN ( PARTITION: P3, RID SCAN, ACCESS: 4, DISK_PAGE_COUNT: BLOCKED, COST: BLOCKED )
  SCAN ( PARTITION: P2, RID SCAN, ACCESS: 1, DISK_PAGE_COUNT: BLOCKED, COST: BLOCKED )
  SCAN ( PARTITION: P1, RID SCAN, ACCESS: 1, DISK_PAGE_COUNT: BLOCKED, COST: BLOCKED )
------------------------------------------------------------
$T0> select /*+index(t1,idx5)*/ * from t1;
T1.I1       T1.I2       T1.I3       
----------------------------------------
1           1           1           
2           2           2           
100         100         100         
101         101         101         
200         200         200         
202         202         202         
6 rows selected.
------------------------------------------------------------
PROJECT ( COLUMN_COUNT: 3, TUPLE_SIZE: 20, COST: BLOCKED )
 PARTITION-COORDINATOR ( TABLE: SYS.T1, PARTITION: 3/3, INDEX: SYS.IDX5, ACCESS: 6, COST: BLOCKED )
  SCAN ( PARTITION: P3, RID SCAN, ACCESS: 4, DISK_PAGE_COUNT: BLOCKED, COST: BLOCKED )
  SCAN ( PARTITION: P2, RID SCAN, ACCESS: 1, DISK_PAGE_COUNT: BLOCKED, COST: BLOCKED )
  SCAN ( PARTITION: P1, RID SCAN, ACCESS: 1, DISK_PAGE_COUNT: BLOCKED, COST: BLOCKED )
------------------------------------------------------------
$T0> select /*+index(t1,idx6)*/ * from t1;
T1.I1       T1.I2       T1.I3       
----------------------------------------
1           1           1           
2           2           2           
100         100         100         
101         101         101         
200         200         200         
202         202         202         
6 rows selected.
------------------------------------------------------------
PROJECT ( COLUMN_COUNT: 3, TUPLE_SIZE: 20, COST: BLOCKED )
 PARTITION-COORDINATOR ( TABLE: SYS.T1, PARTITION: 3/3, INDEX: SYS.IDX6, ACCESS: 6, COST: BLOCKED )
  SCAN ( PARTITION: P3, RID SCAN, ACCESS: 4, DISK_PAGE_COUNT: BLOCKED, COST: BLOCKED )
  SCAN ( PARTITION: P2, RID SCAN, ACCESS: 1, DISK_PAGE_COUNT: BLOCKED, COST: BLOCKED )
  SCAN ( PARTITION: P1, RID SCAN, ACCESS: 1, DISK_PAGE_COUNT: BLOCKED, COST: BLOCKED )
------------------------------------------------------------
$T0> select /*+index(t1,idx7)*/ * from t1;
T1.I1       T1.I2       T1.I3       
----------------------------------------
1           1           1           
2           2           2           
100         100         100         
101         101         101         
200         200         200         
202         202         202         
6 rows selected.
------------------------------------------------------------
PROJECT ( COLUMN_COUNT: 3, TUPLE_SIZE: 20, COST: BLOCKED )
 PARTITION-COORDINATOR ( TABLE: SYS.T1, PARTITION: 3/3, INDEX: SYS.IDX7, ACCESS: 6, COST: BLOCKED )
  SCAN ( PARTITION: P3, RID SCAN, ACCESS: 4, DISK_PAGE_COUNT: BLOCKED, COST: BLOCKED )
  SCAN ( PARTITION: P2, RID SCAN, ACCESS: 1, DISK_PAGE_COUNT: BLOCKED, COST: BLOCKED )
  SCAN ( PARTITION: P1, RID SCAN, ACCESS: 1, DISK_PAGE_COUNT: BLOCKED, COST: BLOCKED )
------------------------------------------------------------
$T0> select /*+index(t1,idx8)*/ * from t1;
T1.I1       T1.I2       T1.I3       
----------------------------------------
1           1           1           
2           2           2           
100         100         100         
101         101         101         
200         200         200         
202         202         202         
6 rows selected.
------------------------------------------------------------
PROJECT ( COLUMN_COUNT: 3, TUPLE_SIZE: 20, COST: BLOCKED )
 PARTITION-COORDINATOR ( TABLE: SYS.T1, PARTITION: 3/3, INDEX: SYS.IDX8, ACCESS: 6, COST: BLOCKED )
  SCAN ( PARTITION: P3, RID SCAN, ACCESS: 4, DISK_PAGE_COUNT: BLOCKED, COST: BLOCKED )
  SCAN ( PARTITION: P2, RID SCAN, ACCESS: 1, DISK_PAGE_COUNT: BLOCKED, COST: BLOCKED )
  SCAN ( PARTITION: P1, RID SCAN, ACCESS: 1, DISK_PAGE_COUNT: BLOCKED, COST: BLOCKED )
------------------------------------------------------------

$T0> alter session set explain plan = off;
Alter success.


$T0> create table t1( i1 varchar(10), i2 numeric(5,1), i3 numeric(5,1) )
partition by list(i1)
(
  partition p1 values ('100'),
  partition p2 values ('200'),
  partition p3 values default
)
tablespace sys_tbs_disk_data;
Create success.


$T0> create index idx1 on t1(i1);
Create success.
$T0> create index idx2 on t1(i1, i2);
Create success.
$T0> create index idx3 on t1(i1, i2, i3);
Create success.

$T0> create index idx4 on t1(i2) tablespace data1;
Create success.
$T0> create index idx5 on t1(i2, i3) tablespace data1;
Create success.

$T0> create index idx6 on t1(i3) tablespace data2;
Create success.
$T0> create index idx7 on t1(i3, i1) tablespace data2;
Create success.
$T0> create index idx8 on t1(i3, i2, i1) tablespace data2;
Create success.

$T0> insert into t1 values ( '1', '1', '1' );
1 row inserted.
$T0> insert into t1 values ( '2', '2', '2' );
1 row inserted.
$T0> insert into t1 values ( '100', '100', '100' );
1 row inserted.
$T0> insert into t1 values ( '101', '101', '101' );
1 row inserted.
$T0> insert into t1 values ( '200', '200', '200' );
1 row inserted.
$T0> insert into t1 values ( '202', '202', '202' );
1 row inserted.


$T0> alter index idx1 rebuild;
Alter success.
$T0> alter index idx2 rebuild;
Alter success.
$T0> alter index idx3 rebuild;
Alter success.
$T0> alter index idx4 rebuild;
Alter success.
$T0> alter index idx5 rebuild;
Alter success.
$T0> alter index idx6 rebuild;
Alter success.
$T0> alter index idx7 rebuild;
Alter success.
$T0> alter index idx8 rebuild;
Alter success.

$T0> alter session set explain plan = on;
Alter success.

$T0> select /*+index(t1,idx1)*/ * from t1;
T1.I1       T1.I2       T1.I3       
----------------------------------------
1           1           1           
100         100         100         
101         101         101         
2           2           2           
200         200         200         
202         202         202         
6 rows selected.
------------------------------------------------------------
PROJECT ( COLUMN_COUNT: 3, TUPLE_SIZE: 24, COST: BLOCKED )
 PARTITION-COORDINATOR ( TABLE: SYS.T1, PARTITION: 3/3, INDEX: SYS.IDX1, ACCESS: 6, COST: BLOCKED )
  SCAN ( PARTITION: P3, RID SCAN, ACCESS: 4, DISK_PAGE_COUNT: BLOCKED, COST: BLOCKED )
  SCAN ( PARTITION: P2, RID SCAN, ACCESS: 1, DISK_PAGE_COUNT: BLOCKED, COST: BLOCKED )
  SCAN ( PARTITION: P1, RID SCAN, ACCESS: 1, DISK_PAGE_COUNT: BLOCKED, COST: BLOCKED )
------------------------------------------------------------
$T0> select /*+index(t1,idx2)*/ * from t1;
T1.I1       T1.I2       T1.I3       
----------------------------------------
1           1           1           
100         100         100         
101         101         101         
2           2           2           
200         200         200         
202         202         202         
6 rows selected.
------------------------------------------------------------
PROJECT ( COLUMN_COUNT: 3, TUPLE_SIZE: 24, COST: BLOCKED )
 PARTITION-COORDINATOR ( TABLE: SYS.T1, PARTITION: 3/3, INDEX: SYS.IDX2, ACCESS: 6, COST: BLOCKED )
  SCAN ( PARTITION: P3, RID SCAN, ACCESS: 4, DISK_PAGE_COUNT: BLOCKED, COST: BLOCKED )
  SCAN ( PARTITION: P2, RID SCAN, ACCESS: 1, DISK_PAGE_COUNT: BLOCKED, COST: BLOCKED )
  SCAN ( PARTITION: P1, RID SCAN, ACCESS: 1, DISK_PAGE_COUNT: BLOCKED, COST: BLOCKED )
------------------------------------------------------------
$T0> select /*+index(t1,idx3)*/ * from t1;
T1.I1       T1.I2       T1.I3       
----------------------------------------
1           1           1           
100         100         100         
101         101         101         
2           2           2           
200         200         200         
202         202         202         
6 rows selected.
------------------------------------------------------------
PROJECT ( COLUMN_COUNT: 3, TUPLE_SIZE: 24, COST: BLOCKED )
 PARTITION-COORDINATOR ( TABLE: SYS.T1, PARTITION: 3/3, INDEX: SYS.IDX3, ACCESS: 6, COST: BLOCKED )
  SCAN ( PARTITION: P3, RID SCAN, ACCESS: 4, DISK_PAGE_COUNT: BLOCKED, COST: BLOCKED )
  SCAN ( PARTITION: P2, RID SCAN, ACCESS: 1, DISK_PAGE_COUNT: BLOCKED, COST: BLOCKED )
  SCAN ( PARTITION: P1, RID SCAN, ACCESS: 1, DISK_PAGE_COUNT: BLOCKED, COST: BLOCKED )
------------------------------------------------------------
$T0> select /*+index(t1,idx4)*/ * from t1;
T1.I1       T1.I2       T1.I3       
----------------------------------------
1           1           1           
2           2           2           
100         100         100         
101         101         101         
200         200         200         
202         202         202         
6 rows selected.
------------------------------------------------------------
PROJECT ( COLUMN_COUNT: 3, TUPLE_SIZE: 24, COST: BLOCKED )
 PARTITION-COORDINATOR ( TABLE: SYS.T1, PARTITION: 3/3, INDEX: SYS.IDX4, ACCESS: 6, COST: BLOCKED )
  SCAN ( PARTITION: P3, RID SCAN, ACCESS: 4, DISK_PAGE_COUNT: BLOCKED, COST: BLOCKED )
  SCAN ( PARTITION: P2, RID SCAN, ACCESS: 1, DISK_PAGE_COUNT: BLOCKED, COST: BLOCKED )
  SCAN ( PARTITION: P1, RID SCAN, ACCESS: 1, DISK_PAGE_COUNT: BLOCKED, COST: BLOCKED )
------------------------------------------------------------
$T0> select /*+index(t1,idx5)*/ * from t1;
T1.I1       T1.I2       T1.I3       
----------------------------------------
1           1           1           
2           2           2           
100         100         100         
101         101         101         
200         200         200         
202         202         202         
6 rows selected.
------------------------------------------------------------
PROJECT ( COLUMN_COUNT: 3, TUPLE_SIZE: 24, COST: BLOCKED )
 PARTITION-COORDINATOR ( TABLE: SYS.T1, PARTITION: 3/3, INDEX: SYS.IDX5, ACCESS: 6, COST: BLOCKED )
  SCAN ( PARTITION: P3, RID SCAN, ACCESS: 4, DISK_PAGE_COUNT: BLOCKED, COST: BLOCKED )
  SCAN ( PARTITION: P2, RID SCAN, ACCESS: 1, DISK_PAGE_COUNT: BLOCKED, COST: BLOCKED )
  SCAN ( PARTITION: P1, RID SCAN, ACCESS: 1, DISK_PAGE_COUNT: BLOCKED, COST: BLOCKED )
------------------------------------------------------------
$T0> select /*+index(t1,idx6)*/ * from t1;
T1.I1       T1.I2       T1.I3       
----------------------------------------
1           1           1           
2           2           2           
100         100         100         
101         101         101         
200         200         200         
202         202         202         
6 rows selected.
------------------------------------------------------------
PROJECT ( COLUMN_COUNT: 3, TUPLE_SIZE: 24, COST: BLOCKED )
 PARTITION-COORDINATOR ( TABLE: SYS.T1, PARTITION: 3/3, INDEX: SYS.IDX6, ACCESS: 6, COST: BLOCKED )
  SCAN ( PARTITION: P3, RID SCAN, ACCESS: 4, DISK_PAGE_COUNT: BLOCKED, COST: BLOCKED )
  SCAN ( PARTITION: P2, RID SCAN, ACCESS: 1, DISK_PAGE_COUNT: BLOCKED, COST: BLOCKED )
  SCAN ( PARTITION: P1, RID SCAN, ACCESS: 1, DISK_PAGE_COUNT: BLOCKED, COST: BLOCKED )
------------------------------------------------------------
$T0> select /*+index(t1,idx7)*/ * from t1;
T1.I1       T1.I2       T1.I3       
----------------------------------------
1           1           1           
2           2           2           
100         100         100         
101         101         101         
200         200         200         
202         202         202         
6 rows selected.
------------------------------------------------------------
PROJECT ( COLUMN_COUNT: 3, TUPLE_SIZE: 24, COST: BLOCKED )
 PARTITION-COORDINATOR ( TABLE: SYS.T1, PARTITION: 3/3, INDEX: SYS.IDX7, ACCESS: 6, COST: BLOCKED )
  SCAN ( PARTITION: P3, RID SCAN, ACCESS: 4, DISK_PAGE_COUNT: BLOCKED, COST: BLOCKED )
  SCAN ( PARTITION: P2, RID SCAN, ACCESS: 1, DISK_PAGE_COUNT: BLOCKED, COST: BLOCKED )
  SCAN ( PARTITION: P1, RID SCAN, ACCESS: 1, DISK_PAGE_COUNT: BLOCKED, COST: BLOCKED )
------------------------------------------------------------
$T0> select /*+index(t1,idx8)*/ * from t1;
T1.I1       T1.I2       T1.I3       
----------------------------------------
1           1           1           
2           2           2           
100         100         100         
101         101         101         
200         200         200         
202         202         202         
6 rows selected.
------------------------------------------------------------
PROJECT ( COLUMN_COUNT: 3, TUPLE_SIZE: 24, COST: BLOCKED )
 PARTITION-COORDINATOR ( TABLE: SYS.T1, PARTITION: 3/3, INDEX: SYS.IDX8, ACCESS: 6, COST: BLOCKED )
  SCAN ( PARTITION: P3, RID SCAN, ACCESS: 4, DISK_PAGE_COUNT: BLOCKED, COST: BLOCKED )
  SCAN ( PARTITION: P2, RID SCAN, ACCESS: 1, DISK_PAGE_COUNT: BLOCKED, COST: BLOCKED )
  SCAN ( PARTITION: P1, RID SCAN, ACCESS: 1, DISK_PAGE_COUNT: BLOCKED, COST: BLOCKED )
------------------------------------------------------------

$T0> alter session set explain plan = off;
Alter success.


$T0> create table t1( i1 varchar(10), i2 char(10), i3 char(10) )
partition by list(i1)
(
  partition p1 values ('100'),
  partition p2 values ('200'),
  partition p3 values default
)
tablespace sys_tbs_disk_data;
Create success.


$T0> create index idx1 on t1(i1);
Create success.
$T0> create index idx2 on t1(i1, i2);
Create success.
$T0> create index idx3 on t1(i1, i2, i3);
Create success.

$T0> create index idx4 on t1(i2) tablespace data1;
Create success.
$T0> create index idx5 on t1(i2, i3) tablespace data1;
Create success.

$T0> create index idx6 on t1(i3) tablespace data2;
Create success.
$T0> create index idx7 on t1(i3, i1) tablespace data2;
Create success.
$T0> create index idx8 on t1(i3, i2, i1) tablespace data2;
Create success.

$T0> insert into t1 values ( '1', '1', '1' );
1 row inserted.
$T0> insert into t1 values ( '2', '2', '2' );
1 row inserted.
$T0> insert into t1 values ( '100', '100', '100' );
1 row inserted.
$T0> insert into t1 values ( '101', '101', '101' );
1 row inserted.
$T0> insert into t1 values ( '200', '200', '200' );
1 row inserted.
$T0> insert into t1 values ( '202', '202', '202' );
1 row inserted.


$T0> alter index idx1 rebuild;
Alter success.
$T0> alter index idx2 rebuild;
Alter success.
$T0> alter index idx3 rebuild;
Alter success.
$T0> alter index idx4 rebuild;
Alter success.
$T0> alter index idx5 rebuild;
Alter success.
$T0> alter index idx6 rebuild;
Alter success.
$T0> alter index idx7 rebuild;
Alter success.
$T0> alter index idx8 rebuild;
Alter success.

$T0> alter session set explain plan = on;
Alter success.

$T0> select /*+index(t1,idx1)*/ * from t1;
T1.I1       T1.I2       T1.I3       
----------------------------------------
1           1           1           
100         100         100         
101         101         101         
2           2           2           
200         200         200         
202         202         202         
6 rows selected.
------------------------------------------------------------
PROJECT ( COLUMN_COUNT: 3, TUPLE_SIZE: 36, COST: BLOCKED )
 PARTITION-COORDINATOR ( TABLE: SYS.T1, PARTITION: 3/3, INDEX: SYS.IDX1, ACCESS: 6, COST: BLOCKED )
  SCAN ( PARTITION: P3, RID SCAN, ACCESS: 4, DISK_PAGE_COUNT: BLOCKED, COST: BLOCKED )
  SCAN ( PARTITION: P2, RID SCAN, ACCESS: 1, DISK_PAGE_COUNT: BLOCKED, COST: BLOCKED )
  SCAN ( PARTITION: P1, RID SCAN, ACCESS: 1, DISK_PAGE_COUNT: BLOCKED, COST: BLOCKED )
------------------------------------------------------------
$T0> select /*+index(t1,idx2)*/ * from t1;
T1.I1       T1.I2       T1.I3       
----------------------------------------
1           1           1           
100         100         100         
101         101         101         
2           2           2           
200         200         200         
202         202         202         
6 rows selected.
------------------------------------------------------------
PROJECT ( COLUMN_COUNT: 3, TUPLE_SIZE: 36, COST: BLOCKED )
 PARTITION-COORDINATOR ( TABLE: SYS.T1, PARTITION: 3/3, INDEX: SYS.IDX2, ACCESS: 6, COST: BLOCKED )
  SCAN ( PARTITION: P3, RID SCAN, ACCESS: 4, DISK_PAGE_COUNT: BLOCKED, COST: BLOCKED )
  SCAN ( PARTITION: P2, RID SCAN, ACCESS: 1, DISK_PAGE_COUNT: BLOCKED, COST: BLOCKED )
  SCAN ( PARTITION: P1, RID SCAN, ACCESS: 1, DISK_PAGE_COUNT: BLOCKED, COST: BLOCKED )
------------------------------------------------------------
$T0> select /*+index(t1,idx3)*/ * from t1;
T1.I1       T1.I2       T1.I3       
----------------------------------------
1           1           1           
100         100         100         
101         101         101         
2           2           2           
200         200         200         
202         202         202         
6 rows selected.
------------------------------------------------------------
PROJECT ( COLUMN_COUNT: 3, TUPLE_SIZE: 36, COST: BLOCKED )
 PARTITION-COORDINATOR ( TABLE: SYS.T1, PARTITION: 3/3, INDEX: SYS.IDX3, ACCESS: 6, COST: BLOCKED )
  SCAN ( PARTITION: P3, RID SCAN, ACCESS: 4, DISK_PAGE_COUNT: BLOCKED, COST: BLOCKED )
  SCAN ( PARTITION: P2, RID SCAN, ACCESS: 1, DISK_PAGE_COUNT: BLOCKED, COST: BLOCKED )
  SCAN ( PARTITION: P1, RID SCAN, ACCESS: 1, DISK_PAGE_COUNT: BLOCKED, COST: BLOCKED )
------------------------------------------------------------
$T0> select /*+index(t1,idx4)*/ * from t1;
T1.I1       T1.I2       T1.I3       
----------------------------------------
1           1           1           
100         100         100         
101         101         101         
2           2           2           
200         200         200         
202         202         202         
6 rows selected.
------------------------------------------------------------
PROJECT ( COLUMN_COUNT: 3, TUPLE_SIZE: 36, COST: BLOCKED )
 PARTITION-COORDINATOR ( TABLE: SYS.T1, PARTITION: 3/3, INDEX: SYS.IDX4, ACCESS: 6, COST: BLOCKED )
  SCAN ( PARTITION: P3, RID SCAN, ACCESS: 4, DISK_PAGE_COUNT: BLOCKED, COST: BLOCKED )
  SCAN ( PARTITION: P2, RID SCAN, ACCESS: 1, DISK_PAGE_COUNT: BLOCKED, COST: BLOCKED )
  SCAN ( PARTITION: P1, RID SCAN, ACCESS: 1, DISK_PAGE_COUNT: BLOCKED, COST: BLOCKED )
------------------------------------------------------------
$T0> select /*+index(t1,idx5)*/ * from t1;
T1.I1       T1.I2       T1.I3       
----------------------------------------
1           1           1           
100         100         100         
101         101         101         
2           2           2           
200         200         200         
202         202         202         
6 rows selected.
------------------------------------------------------------
PROJECT ( COLUMN_COUNT: 3, TUPLE_SIZE: 36, COST: BLOCKED )
 PARTITION-COORDINATOR ( TABLE: SYS.T1, PARTITION: 3/3, INDEX: SYS.IDX5, ACCESS: 6, COST: BLOCKED )
  SCAN ( PARTITION: P3, RID SCAN, ACCESS: 4, DISK_PAGE_COUNT: BLOCKED, COST: BLOCKED )
  SCAN ( PARTITION: P2, RID SCAN, ACCESS: 1, DISK_PAGE_COUNT: BLOCKED, COST: BLOCKED )
  SCAN ( PARTITION: P1, RID SCAN, ACCESS: 1, DISK_PAGE_COUNT: BLOCKED, COST: BLOCKED )
------------------------------------------------------------
$T0> select /*+index(t1,idx6)*/ * from t1;
T1.I1       T1.I2       T1.I3       
----------------------------------------
1           1           1           
100         100         100         
101         101         101         
2           2           2           
200         200         200         
202         202         202         
6 rows selected.
------------------------------------------------------------
PROJECT ( COLUMN_COUNT: 3, TUPLE_SIZE: 36, COST: BLOCKED )
 PARTITION-COORDINATOR ( TABLE: SYS.T1, PARTITION: 3/3, INDEX: SYS.IDX6, ACCESS: 6, COST: BLOCKED )
  SCAN ( PARTITION: P3, RID SCAN, ACCESS: 4, DISK_PAGE_COUNT: BLOCKED, COST: BLOCKED )
  SCAN ( PARTITION: P2, RID SCAN, ACCESS: 1, DISK_PAGE_COUNT: BLOCKED, COST: BLOCKED )
  SCAN ( PARTITION: P1, RID SCAN, ACCESS: 1, DISK_PAGE_COUNT: BLOCKED, COST: BLOCKED )
------------------------------------------------------------
$T0> select /*+index(t1,idx7)*/ * from t1;
T1.I1       T1.I2       T1.I3       
----------------------------------------
1           1           1           
100         100         100         
101         101         101         
2           2           2           
200         200         200         
202         202         202         
6 rows selected.
------------------------------------------------------------
PROJECT ( COLUMN_COUNT: 3, TUPLE_SIZE: 36, COST: BLOCKED )
 PARTITION-COORDINATOR ( TABLE: SYS.T1, PARTITION: 3/3, INDEX: SYS.IDX7, ACCESS: 6, COST: BLOCKED )
  SCAN ( PARTITION: P3, RID SCAN, ACCESS: 4, DISK_PAGE_COUNT: BLOCKED, COST: BLOCKED )
  SCAN ( PARTITION: P2, RID SCAN, ACCESS: 1, DISK_PAGE_COUNT: BLOCKED, COST: BLOCKED )
  SCAN ( PARTITION: P1, RID SCAN, ACCESS: 1, DISK_PAGE_COUNT: BLOCKED, COST: BLOCKED )
------------------------------------------------------------
$T0> select /*+index(t1,idx8)*/ * from t1;
T1.I1       T1.I2       T1.I3       
----------------------------------------
1           1           1           
100         100         100         
101         101         101         
2           2           2           
200         200         200         
202         202         202         
6 rows selected.
------------------------------------------------------------
PROJECT ( COLUMN_COUNT: 3, TUPLE_SIZE: 36, COST: BLOCKED )
 PARTITION-COORDINATOR ( TABLE: SYS.T1, PARTITION: 3/3, INDEX: SYS.IDX8, ACCESS: 6, COST: BLOCKED )
  SCAN ( PARTITION: P3, RID SCAN, ACCESS: 4, DISK_PAGE_COUNT: BLOCKED, COST: BLOCKED )
  SCAN ( PARTITION: P2, RID SCAN, ACCESS: 1, DISK_PAGE_COUNT: BLOCKED, COST: BLOCKED )
  SCAN ( PARTITION: P1, RID SCAN, ACCESS: 1, DISK_PAGE_COUNT: BLOCKED, COST: BLOCKED )
------------------------------------------------------------

$T0> alter session set explain plan = off;
Alter success.


$T0> create table t1( i1 varchar(10), i2 varchar(10), i3 varchar(10) )
partition by list(i1)
(
  partition p1 values ('100'),
  partition p2 values ('200'),
  partition p3 values default
)
tablespace sys_tbs_disk_data;
Create success.


$T0> create index idx1 on t1(i1);
Create success.
$T0> create index idx2 on t1(i1, i2);
Create success.
$T0> create index idx3 on t1(i1, i2, i3);
Create success.

$T0> create index idx4 on t1(i2) tablespace data1;
Create success.
$T0> create index idx5 on t1(i2, i3) tablespace data1;
Create success.

$T0> create index idx6 on t1(i3) tablespace data2;
Create success.
$T0> create index idx7 on t1(i3, i1) tablespace data2;
Create success.
$T0> create index idx8 on t1(i3, i2, i1) tablespace data2;
Create success.

$T0> insert into t1 values ( '1', '1', '1' );
1 row inserted.
$T0> insert into t1 values ( '2', '2', '2' );
1 row inserted.
$T0> insert into t1 values ( '100', '100', '100' );
1 row inserted.
$T0> insert into t1 values ( '101', '101', '101' );
1 row inserted.
$T0> insert into t1 values ( '200', '200', '200' );
1 row inserted.
$T0> insert into t1 values ( '202', '202', '202' );
1 row inserted.


$T0> alter index idx1 rebuild;
Alter success.
$T0> alter index idx2 rebuild;
Alter success.
$T0> alter index idx3 rebuild;
Alter success.
$T0> alter index idx4 rebuild;
Alter success.
$T0> alter index idx5 rebuild;
Alter success.
$T0> alter index idx6 rebuild;
Alter success.
$T0> alter index idx7 rebuild;
Alter success.
$T0> alter index idx8 rebuild;
Alter success.

$T0> alter session set explain plan = on;
Alter success.

$T0> select /*+index(t1,idx1)*/ * from t1;
T1.I1       T1.I2       T1.I3       
----------------------------------------
1           1           1           
100         100         100         
101         101         101         
2           2           2           
200         200         200         
202         202         202         
6 rows selected.
------------------------------------------------------------
PROJECT ( COLUMN_COUNT: 3, TUPLE_SIZE: 36, COST: BLOCKED )
 PARTITION-COORDINATOR ( TABLE: SYS.T1, PARTITION: 3/3, INDEX: SYS.IDX1, ACCESS: 6, COST: BLOCKED )
  SCAN ( PARTITION: P3, RID SCAN, ACCESS: 4, DISK_PAGE_COUNT: BLOCKED, COST: BLOCKED )
  SCAN ( PARTITION: P2, RID SCAN, ACCESS: 1, DISK_PAGE_COUNT: BLOCKED, COST: BLOCKED )
  SCAN ( PARTITION: P1, RID SCAN, ACCESS: 1, DISK_PAGE_COUNT: BLOCKED, COST: BLOCKED )
------------------------------------------------------------
$T0> select /*+index(t1,idx2)*/ * from t1;
T1.I1       T1.I2       T1.I3       
----------------------------------------
1           1           1           
100         100         100         
101         101         101         
2           2           2           
200         200         200         
202         202         202         
6 rows selected.
------------------------------------------------------------
PROJECT ( COLUMN_COUNT: 3, TUPLE_SIZE: 36, COST: BLOCKED )
 PARTITION-COORDINATOR ( TABLE: SYS.T1, PARTITION: 3/3, INDEX: SYS.IDX2, ACCESS: 6, COST: BLOCKED )
  SCAN ( PARTITION: P3, RID SCAN, ACCESS: 4, DISK_PAGE_COUNT: BLOCKED, COST: BLOCKED )
  SCAN ( PARTITION: P2, RID SCAN, ACCESS: 1, DISK_PAGE_COUNT: BLOCKED, COST: BLOCKED )
  SCAN ( PARTITION: P1, RID SCAN, ACCESS: 1, DISK_PAGE_COUNT: BLOCKED, COST: BLOCKED )
------------------------------------------------------------
$T0> select /*+index(t1,idx3)*/ * from t1;
T1.I1       T1.I2       T1.I3       
----------------------------------------
1           1           1           
100         100         100         
101         101         101         
2           2           2           
200         200         200         
202         202         202         
6 rows selected.
------------------------------------------------------------
PROJECT ( COLUMN_COUNT: 3, TUPLE_SIZE: 36, COST: BLOCKED )
 PARTITION-COORDINATOR ( TABLE: SYS.T1, PARTITION: 3/3, INDEX: SYS.IDX3, ACCESS: 6, COST: BLOCKED )
  SCAN ( PARTITION: P3, RID SCAN, ACCESS: 4, DISK_PAGE_COUNT: BLOCKED, COST: BLOCKED )
  SCAN ( PARTITION: P2, RID SCAN, ACCESS: 1, DISK_PAGE_COUNT: BLOCKED, COST: BLOCKED )
  SCAN ( PARTITION: P1, RID SCAN, ACCESS: 1, DISK_PAGE_COUNT: BLOCKED, COST: BLOCKED )
------------------------------------------------------------
$T0> select /*+index(t1,idx4)*/ * from t1;
T1.I1       T1.I2       T1.I3       
----------------------------------------
1           1           1           
100         100         100         
101         101         101         
2           2           2           
200         200         200         
202         202         202         
6 rows selected.
------------------------------------------------------------
PROJECT ( COLUMN_COUNT: 3, TUPLE_SIZE: 36, COST: BLOCKED )
 PARTITION-COORDINATOR ( TABLE: SYS.T1, PARTITION: 3/3, INDEX: SYS.IDX4, ACCESS: 6, COST: BLOCKED )
  SCAN ( PARTITION: P3, RID SCAN, ACCESS: 4, DISK_PAGE_COUNT: BLOCKED, COST: BLOCKED )
  SCAN ( PARTITION: P2, RID SCAN, ACCESS: 1, DISK_PAGE_COUNT: BLOCKED, COST: BLOCKED )
  SCAN ( PARTITION: P1, RID SCAN, ACCESS: 1, DISK_PAGE_COUNT: BLOCKED, COST: BLOCKED )
------------------------------------------------------------
$T0> select /*+index(t1,idx5)*/ * from t1;
T1.I1       T1.I2       T1.I3       
----------------------------------------
1           1           1           
100         100         100         
101         101         101         
2           2           2           
200         200         200         
202         202         202         
6 rows selected.
------------------------------------------------------------
PROJECT ( COLUMN_COUNT: 3, TUPLE_SIZE: 36, COST: BLOCKED )
 PARTITION-COORDINATOR ( TABLE: SYS.T1, PARTITION: 3/3, INDEX: SYS.IDX5, ACCESS: 6, COST: BLOCKED )
  SCAN ( PARTITION: P3, RID SCAN, ACCESS: 4, DISK_PAGE_COUNT: BLOCKED, COST: BLOCKED )
  SCAN ( PARTITION: P2, RID SCAN, ACCESS: 1, DISK_PAGE_COUNT: BLOCKED, COST: BLOCKED )
  SCAN ( PARTITION: P1, RID SCAN, ACCESS: 1, DISK_PAGE_COUNT: BLOCKED, COST: BLOCKED )
------------------------------------------------------------
$T0> select /*+index(t1,idx6)*/ * from t1;
T1.I1       T1.I2       T1.I3       
----------------------------------------
1           1           1           
100         100         100         
101         101         101         
2           2           2           
200         200         200         
202         202         202         
6 rows selected.
------------------------------------------------------------
PROJECT ( COLUMN_COUNT: 3, TUPLE_SIZE: 36, COST: BLOCKED )
 PARTITION-COORDINATOR ( TABLE: SYS.T1, PARTITION: 3/3, INDEX: SYS.IDX6, ACCESS: 6, COST: BLOCKED )
  SCAN ( PARTITION: P3, RID SCAN, ACCESS: 4, DISK_PAGE_COUNT: BLOCKED, COST: BLOCKED )
  SCAN ( PARTITION: P2, RID SCAN, ACCESS: 1, DISK_PAGE_COUNT: BLOCKED, COST: BLOCKED )
  SCAN ( PARTITION: P1, RID SCAN, ACCESS: 1, DISK_PAGE_COUNT: BLOCKED, COST: BLOCKED )
------------------------------------------------------------
$T0> select /*+index(t1,idx7)*/ * from t1;
T1.I1       T1.I2       T1.I3       
----------------------------------------
1           1           1           
100         100         100         
101         101         101         
2           2           2           
200         200         200         
202         202         202         
6 rows selected.
------------------------------------------------------------
PROJECT ( COLUMN_COUNT: 3, TUPLE_SIZE: 36, COST: BLOCKED )
 PARTITION-COORDINATOR ( TABLE: SYS.T1, PARTITION: 3/3, INDEX: SYS.IDX7, ACCESS: 6, COST: BLOCKED )
  SCAN ( PARTITION: P3, RID SCAN, ACCESS: 4, DISK_PAGE_COUNT: BLOCKED, COST: BLOCKED )
  SCAN ( PARTITION: P2, RID SCAN, ACCESS: 1, DISK_PAGE_COUNT: BLOCKED, COST: BLOCKED )
  SCAN ( PARTITION: P1, RID SCAN, ACCESS: 1, DISK_PAGE_COUNT: BLOCKED, COST: BLOCKED )
------------------------------------------------------------
$T0> select /*+index(t1,idx8)*/ * from t1;
T1.I1       T1.I2       T1.I3       
----------------------------------------
1           1           1           
100         100         100         
101         101         101         
2           2           2           
200         200         200         
202         202         202         
6 rows selected.
------------------------------------------------------------
PROJECT ( COLUMN_COUNT: 3, TUPLE_SIZE: 36, COST: BLOCKED )
 PARTITION-COORDINATOR ( TABLE: SYS.T1, PARTITION: 3/3, INDEX: SYS.IDX8, ACCESS: 6, COST: BLOCKED )
  SCAN ( PARTITION: P3, RID SCAN, ACCESS: 4, DISK_PAGE_COUNT: BLOCKED, COST: BLOCKED )
  SCAN ( PARTITION: P2, RID SCAN, ACCESS: 1, DISK_PAGE_COUNT: BLOCKED, COST: BLOCKED )
  SCAN ( PARTITION: P1, RID SCAN, ACCESS: 1, DISK_PAGE_COUNT: BLOCKED, COST: BLOCKED )
------------------------------------------------------------

$T0> alter session set explain plan = off;
Alter success.

$T0> ##################################
$T0> # SECTOR; STORAGE OPTION
$T0> ##################################



$T0> create table t1( i1 integer, i2 integer, i3 integer )
partition by range(i1)
(
  partition p1 values less than ('100'),
  partition p2 values less than ('200'),
  partition p3 values default
)
tablespace sys_tbs_disk_data;
Create success.


$T0> create index idx1 on t1(i1);
Create success.
$T0> create index idx2 on t1(i1, i2);
Create success.
$T0> create index idx3 on t1(i1, i2, i3);
Create success.

$T0> create index idx4 on t1(i2) tablespace data1;
Create success.
$T0> create index idx5 on t1(i2, i3) tablespace data1;
Create success.

$T0> create index idx6 on t1(i3) tablespace data2;
Create success.
$T0> create index idx7 on t1(i3, i1) tablespace data2;
Create success.
$T0> create index idx8 on t1(i3, i2, i1) tablespace data2;
Create success.

$T0> insert into t1 values ( '1', '1', '1' );
1 row inserted.
$T0> insert into t1 values ( '2', '2', '2' );
1 row inserted.
$T0> insert into t1 values ( '100', '100', '100' );
1 row inserted.
$T0> insert into t1 values ( '101', '101', '101' );
1 row inserted.
$T0> insert into t1 values ( '200', '200', '200' );
1 row inserted.
$T0> insert into t1 values ( '202', '202', '202' );
1 row inserted.


$T0> alter index idx1 storage ( nextextents 10 );
Alter success.
$T0> alter index idx2 storage ( minextents 3 maxextents 40 );
[ERR-3143C : MINEXTENTS cannot be less than INITEXTENTS.]


$T0> create table t1( i1 integer, i2 integer, i3 integer )
partition by hash(i1)
(
  partition p1,
  partition p2,
  partition p3
)
tablespace sys_tbs_disk_data;
Create success.


$T0> create index idx1 on t1(i1);
Create success.
$T0> create index idx2 on t1(i1, i2);
Create success.
$T0> create index idx3 on t1(i1, i2, i3);
Create success.

$T0> create index idx4 on t1(i2) tablespace data1;
Create success.
$T0> create index idx5 on t1(i2, i3) tablespace data1;
Create success.

$T0> create index idx6 on t1(i3) tablespace data2;
Create success.
$T0> create index idx7 on t1(i3, i1) tablespace data2;
Create success.
$T0> create index idx8 on t1(i3, i2, i1) tablespace data2;
Create success.

$T0> insert into t1 values ( '1', '1', '1' );
1 row inserted.
$T0> insert into t1 values ( '2', '2', '2' );
1 row inserted.
$T0> insert into t1 values ( '100', '100', '100' );
1 row inserted.
$T0> insert into t1 values ( '101', '101', '101' );
1 row inserted.
$T0> insert into t1 values ( '200', '200', '200' );
1 row inserted.
$T0> insert into t1 values ( '202', '202', '202' );
1 row inserted.


$T0> alter index idx1 storage ( nextextents 10 );
Alter success.
$T0> alter index idx2 storage ( minextents 3 maxextents 40 );
[ERR-3143C : MINEXTENTS cannot be less than INITEXTENTS.]


$T0> create table t1( i1 integer, i2 integer, i3 integer )
partition by list(i1)
(
  partition p1 values ('100'),
  partition p2 values ('200'),
  partition p3 values default
)
tablespace sys_tbs_disk_data;
Create success.


$T0> create index idx1 on t1(i1);
Create success.
$T0> create index idx2 on t1(i1, i2);
Create success.
$T0> create index idx3 on t1(i1, i2, i3);
Create success.

$T0> create index idx4 on t1(i2) tablespace data1;
Create success.
$T0> create index idx5 on t1(i2, i3) tablespace data1;
Create success.

$T0> create index idx6 on t1(i3) tablespace data2;
Create success.
$T0> create index idx7 on t1(i3, i1) tablespace data2;
Create success.
$T0> create index idx8 on t1(i3, i2, i1) tablespace data2;
Create success.

$T0> insert into t1 values ( '1', '1', '1' );
1 row inserted.
$T0> insert into t1 values ( '2', '2', '2' );
1 row inserted.
$T0> insert into t1 values ( '100', '100', '100' );
1 row inserted.
$T0> insert into t1 values ( '101', '101', '101' );
1 row inserted.
$T0> insert into t1 values ( '200', '200', '200' );
1 row inserted.
$T0> insert into t1 values ( '202', '202', '202' );
1 row inserted.


$T0> alter index idx1 storage ( nextextents 10 );
Alter success.
$T0> alter index idx2 storage ( minextents 3 maxextents 40 );
[ERR-3143C : MINEXTENTS cannot be less than INITEXTENTS.]

$T0> ##################################
$T0> # SECTOR; ALLOCATE EXTENT OPTION
$T0> ##################################



$T0> create table t1( i1 integer, i2 integer, i3 integer )
partition by range(i1)
(
  partition p1 values less than ('100'),
  partition p2 values less than ('200'),
  partition p3 values default
)
tablespace sys_tbs_disk_data;
Create success.


$T0> create index idx1 on t1(i1);
Create success.
$T0> create index idx2 on t1(i1, i2);
Create success.
$T0> create index idx3 on t1(i1, i2, i3);
Create success.

$T0> create index idx4 on t1(i2) tablespace data1;
Create success.
$T0> create index idx5 on t1(i2, i3) tablespace data1;
Create success.

$T0> create index idx6 on t1(i3) tablespace data2;
Create success.
$T0> create index idx7 on t1(i3, i1) tablespace data2;
Create success.
$T0> create index idx8 on t1(i3, i2, i1) tablespace data2;
Create success.

$T0> insert into t1 values ( '1', '1', '1' );
1 row inserted.
$T0> insert into t1 values ( '2', '2', '2' );
1 row inserted.
$T0> insert into t1 values ( '100', '100', '100' );
1 row inserted.
$T0> insert into t1 values ( '101', '101', '101' );
1 row inserted.
$T0> insert into t1 values ( '200', '200', '200' );
1 row inserted.
$T0> insert into t1 values ( '202', '202', '202' );
1 row inserted.


$T0> alter index idx1 allocate extent ( size 10K );
Alter success.


$T0> create table t1( i1 integer, i2 integer, i3 integer )
partition by hash(i1)
(
  partition p1,
  partition p2,
  partition p3
)
tablespace sys_tbs_disk_data;
Create success.


$T0> create index idx1 on t1(i1);
Create success.
$T0> create index idx2 on t1(i1, i2);
Create success.
$T0> create index idx3 on t1(i1, i2, i3);
Create success.

$T0> create index idx4 on t1(i2) tablespace data1;
Create success.
$T0> create index idx5 on t1(i2, i3) tablespace data1;
Create success.

$T0> create index idx6 on t1(i3) tablespace data2;
Create success.
$T0> create index idx7 on t1(i3, i1) tablespace data2;
Create success.
$T0> create index idx8 on t1(i3, i2, i1) tablespace data2;
Create success.

$T0> insert into t1 values ( '1', '1', '1' );
1 row inserted.
$T0> insert into t1 values ( '2', '2', '2' );
1 row inserted.
$T0> insert into t1 values ( '100', '100', '100' );
1 row inserted.
$T0> insert into t1 values ( '101', '101', '101' );
1 row inserted.
$T0> insert into t1 values ( '200', '200', '200' );
1 row inserted.
$T0> insert into t1 values ( '202', '202', '202' );
1 row inserted.


$T0> alter index idx1 allocate extent ( size 10K );
Alter success.


$T0> create table t1( i1 integer, i2 integer, i3 integer )
partition by list(i1)
(
  partition p1 values ('100'),
  partition p2 values ('200'),
  partition p3 values default
)
tablespace sys_tbs_disk_data;
Create success.


$T0> create index idx1 on t1(i1);
Create success.
$T0> create index idx2 on t1(i1, i2);
Create success.
$T0> create index idx3 on t1(i1, i2, i3);
Create success.

$T0> create index idx4 on t1(i2) tablespace data1;
Create success.
$T0> create index idx5 on t1(i2, i3) tablespace data1;
Create success.

$T0> create index idx6 on t1(i3) tablespace data2;
Create success.
$T0> create index idx7 on t1(i3, i1) tablespace data2;
Create success.
$T0> create index idx8 on t1(i3, i2, i1) tablespace data2;
Create success.

$T0> insert into t1 values ( '1', '1', '1' );
1 row inserted.
$T0> insert into t1 values ( '2', '2', '2' );
1 row inserted.
$T0> insert into t1 values ( '100', '100', '100' );
1 row inserted.
$T0> insert into t1 values ( '101', '101', '101' );
1 row inserted.
$T0> insert into t1 values ( '200', '200', '200' );
1 row inserted.
$T0> insert into t1 values ( '202', '202', '202' );
1 row inserted.


$T0> alter index idx1 allocate extent ( size 10K );
Alter success.

$T0> ##################################
$T0> # SECTOR; FINALIZATION
$T0> ##################################

$T0> SKIP BEGIN;
$T0> drop table t1;
$T0> drop tablespace data1 including contents and datafiles;
$T0> drop tablespace data2 including contents and datafiles;

$T0> alter session set explain plan = off;
$T0> SKIP END;

