 
+----------------------------------------------------------------------+
--+SECTOR 0; BY ATC
+----------------------------------------------------------------------+
 
$P0> --+PROCESS P0;
--###################################################################
--# ALTER TABLE ... SPLIT PARTITION (PartKey: DATE)
--###################################################################

--###################################################################
--+SECTOR 1; PREPARATION
--###################################################################

--+SKIP BEGIN; 
$P0> DROP TABLE T1;
$P0> DROP TABLE T2;
$P0> DROP TABLE T3;
--+SKIP END; 

# ==> [Schema_List_Date.sql] BEGIN <=
--+SKIP BEGIN; 
$P0> DROP TABLE T1;
$P0> DROP TABLE T2;

$P0> CREATE TABLE T1( I1 DATE, I2 DATE, I3 INTEGER )
     PARTITION BY LIST (I1)
     (
         PARTITION P1 VALUES ( TO_DATE('2007-05-01', 'YYYY-MM-DD'), TO_DATE('2007-05-15', 'YYYY-MM-DD'), TO_DATE('2007-05-30', 'YYYY-MM-DD') ),
         PARTITION P2 VALUES ( TO_DATE('2007-06-01', 'YYYY-MM-DD'), TO_DATE('2007-06-15', 'YYYY-MM-DD'), TO_DATE('2007-06-30', 'YYYY-MM-DD'), NULL ),
         PARTITION P3 VALUES ( TO_DATE('2007-07-01', 'YYYY-MM-DD'), TO_DATE('2007-07-15', 'YYYY-MM-DD'), TO_DATE('2007-07-30', 'YYYY-MM-DD') ),
         PARTITION P4 VALUES DEFAULT
     ) TABLESPACE PDT_TBS;

$P0> INSERT INTO T1 VALUES (NULL, TO_DATE('2007-05-01', 'YYYY-MM-DD'), 100);
$P0> INSERT INTO T1 VALUES (TO_DATE('2007-05-01', 'YYYY-MM-DD'), TO_DATE('2007-05-01', 'YYYY-MM-DD'), 100);
$P0> INSERT INTO T1 VALUES (TO_DATE('2007-05-15', 'YYYY-MM-DD'), TO_DATE('2007-05-01', 'YYYY-MM-DD'), 100);
$P0> INSERT INTO T1 VALUES (TO_DATE('2007-05-30', 'YYYY-MM-DD'), TO_DATE('2007-05-01', 'YYYY-MM-DD'), 100);
$P0> INSERT INTO T1 VALUES (TO_DATE('2007-06-01', 'YYYY-MM-DD'), TO_DATE('2007-05-01', 'YYYY-MM-DD'), 100);
$P0> INSERT INTO T1 VALUES (TO_DATE('2007-06-15', 'YYYY-MM-DD'), TO_DATE('2007-05-01', 'YYYY-MM-DD'), 100);
$P0> INSERT INTO T1 VALUES (TO_DATE('2007-06-30', 'YYYY-MM-DD'), TO_DATE('2007-05-01', 'YYYY-MM-DD'), 100);
$P0> INSERT INTO T1 VALUES (TO_DATE('2007-07-01', 'YYYY-MM-DD'), TO_DATE('2007-05-01', 'YYYY-MM-DD'), 100);
$P0> INSERT INTO T1 VALUES (TO_DATE('2007-07-15', 'YYYY-MM-DD'), TO_DATE('2007-05-01', 'YYYY-MM-DD'), 100);
$P0> INSERT INTO T1 VALUES (TO_DATE('2007-07-30', 'YYYY-MM-DD'), TO_DATE('2007-05-01', 'YYYY-MM-DD'), 100);
$P0> INSERT INTO T1 VALUES (TO_DATE('2007-08-01', 'YYYY-MM-DD'), TO_DATE('2007-05-01', 'YYYY-MM-DD'), 100);
$P0> INSERT INTO T1 VALUES (TO_DATE('2007-08-15', 'YYYY-MM-DD'), TO_DATE('2007-05-01', 'YYYY-MM-DD'), 100);
$P0> INSERT INTO T1 VALUES (TO_DATE('2007-08-30', 'YYYY-MM-DD'), TO_DATE('2007-05-01', 'YYYY-MM-DD'), 100);


$P0> CREATE TABLE T2( I1 DATE, I2 DATE, I3 INTEGER )
     PARTITION BY LIST (I1)
     (
         PARTITION P1 VALUES ( TO_DATE('2007-05-01', 'YYYY-MM-DD'), TO_DATE('2007-05-15', 'YYYY-MM-DD'), TO_DATE('2007-05-30', 'YYYY-MM-DD') ) TABLESPACE PDT_TBS2,
         PARTITION P2 VALUES ( TO_DATE('2007-06-01', 'YYYY-MM-DD'), TO_DATE('2007-06-15', 'YYYY-MM-DD'), TO_DATE('2007-06-30', 'YYYY-MM-DD'), NULL ) TABLESPACE PDT_TBS3,
         PARTITION P3 VALUES ( TO_DATE('2007-07-01', 'YYYY-MM-DD'), TO_DATE('2007-07-15', 'YYYY-MM-DD'), TO_DATE('2007-07-30', 'YYYY-MM-DD') ),
         PARTITION P4 VALUES DEFAULT
     ) TABLESPACE PDT_TBS;

$P0> INSERT INTO T2 VALUES (NULL, TO_DATE('2007-05-01', 'YYYY-MM-DD'), 100);
$P0> INSERT INTO T2 VALUES (TO_DATE('2007-05-01', 'YYYY-MM-DD'), TO_DATE('2007-05-01', 'YYYY-MM-DD'), 100);
$P0> INSERT INTO T2 VALUES (TO_DATE('2007-05-15', 'YYYY-MM-DD'), TO_DATE('2007-05-01', 'YYYY-MM-DD'), 100);
$P0> INSERT INTO T2 VALUES (TO_DATE('2007-05-30', 'YYYY-MM-DD'), TO_DATE('2007-05-01', 'YYYY-MM-DD'), 100);
$P0> INSERT INTO T2 VALUES (TO_DATE('2007-06-01', 'YYYY-MM-DD'), TO_DATE('2007-05-01', 'YYYY-MM-DD'), 100);
$P0> INSERT INTO T2 VALUES (TO_DATE('2007-06-15', 'YYYY-MM-DD'), TO_DATE('2007-05-01', 'YYYY-MM-DD'), 100);
$P0> INSERT INTO T2 VALUES (TO_DATE('2007-06-30', 'YYYY-MM-DD'), TO_DATE('2007-05-01', 'YYYY-MM-DD'), 100);
$P0> INSERT INTO T2 VALUES (TO_DATE('2007-07-01', 'YYYY-MM-DD'), TO_DATE('2007-05-01', 'YYYY-MM-DD'), 100);
$P0> INSERT INTO T2 VALUES (TO_DATE('2007-07-15', 'YYYY-MM-DD'), TO_DATE('2007-05-01', 'YYYY-MM-DD'), 100);
$P0> INSERT INTO T2 VALUES (TO_DATE('2007-07-30', 'YYYY-MM-DD'), TO_DATE('2007-05-01', 'YYYY-MM-DD'), 100);
$P0> INSERT INTO T2 VALUES (TO_DATE('2007-08-01', 'YYYY-MM-DD'), TO_DATE('2007-05-01', 'YYYY-MM-DD'), 100);
$P0> INSERT INTO T2 VALUES (TO_DATE('2007-08-15', 'YYYY-MM-DD'), TO_DATE('2007-05-01', 'YYYY-MM-DD'), 100);
$P0> INSERT INTO T2 VALUES (TO_DATE('2007-08-30', 'YYYY-MM-DD'), TO_DATE('2007-05-01', 'YYYY-MM-DD'), 100);

$P0> CREATE INDEX IDX1 ON T2(I1, I3);
$P0> CREATE INDEX IDX2 ON T2(I3, I1, I2);
$P0> CREATE INDEX IDX3 ON T2(I2, I3);
$P0> CREATE INDEX IDX4 ON T2(I1) LOCAL
     (
         PARTITION P1_IDX1 ON P1 TABLESPACE PDT_TBS2,
         PARTITION P2_IDX1 ON P2 TABLESPACE PDT_TBS3,
         PARTITION P3_IDX1 ON P3 TABLESPACE PDT_TBS4,
         PARTITION P4_IDX1 ON P4 TABLESPACE PDT_TBS5
     );
--+SKIP END; 
# ==> [Schema_List_Date.sql] END <=

--###################################################################
--+SECTOR 2; 문법 체크
--###################################################################
-- should be fail
$P0> ALTER TABLE T1 
     SPLIT PARTITION P1 AT ( 100 ) INTO
     (
         PARTITION P1_1 TABLESPACE PDT_TBS2,
         PARTITION P1_2 TABLESPACE PDT_TBS3
     );
[ERR-3126A : Split partition VALUES must be used in list partitioned table]

-- should be fail
$P0> ALTER TABLE T1 
     SPLIT PARTITION P1 VALUES ( 100 ) INTO
     (
         PARTITION P1_1 TABLESPACE PDT_TBS2,
         PARTITION P1_2
     ) TABLESPACE PDT_TBS4;
[ERR-31001 : SQL syntax error 

line 6: parse error
     ) TABLESPACE PDT_TBS4
       ^        ^

]


--##############################
--+SECTOR 3; 파티션드 테이블인지 체크
--##############################
$P0> DROP TABLE TEST;
[ERR-31031 : Table or view was not found : 
0001 : DROP TABLE TEST
                 ^   ^
]
$P0> CREATE TABLE TEST( I1 DATE, I2 DATE );
Create success.

-- should be fail
$P0> ALTER TABLE TEST 
     SPLIT PARTITION P1 VALUES (TO_DATE('2007-05-01', 'YYYY-MM-DD')) INTO
     (
         PARTITION P1_1 TABLESPACE PDT_TBS2,
         PARTITION P1_2 TABLESPACE PDT_TBS3
     );
[ERR-31268 : Unable to alter table partition on non-partitioned table]

$P0> DROP TABLE TEST;
Drop success.


--##############################
--+SECTOR 4; SrcPart 파티션 이름 체크
--##############################
-- should be fail
$P0> ALTER TABLE T1 
     SPLIT PARTITION P5 VALUES ( TO_DATE('2007-05-01', 'YYYY-MM-DD') ) INTO
     (
         PARTITION P1_1 TABLESPACE PDT_TBS2,
         PARTITION P1_2
     );
[ERR-3125B : The table partition does not exist. 
0002 :      SPLIT PARTITION P5 VALUES ( TO_DATE('2007-05-01', 'YYYY-MM-DD') ) INTO
                           ^ ^
]


--##############################
--+SECTOR 5; DstPart1, DstPart2의 TBS 체크
--##############################
--##############
--# Left In-place 
--##############
# ==> [Schema_List_Date.sql] BEGIN <=
--+SKIP BEGIN; 
$P0> DROP TABLE T1;
$P0> DROP TABLE T2;

$P0> CREATE TABLE T1( I1 DATE, I2 DATE, I3 INTEGER )
     PARTITION BY LIST (I1)
     (
         PARTITION P1 VALUES ( TO_DATE('2007-05-01', 'YYYY-MM-DD'), TO_DATE('2007-05-15', 'YYYY-MM-DD'), TO_DATE('2007-05-30', 'YYYY-MM-DD') ),
         PARTITION P2 VALUES ( TO_DATE('2007-06-01', 'YYYY-MM-DD'), TO_DATE('2007-06-15', 'YYYY-MM-DD'), TO_DATE('2007-06-30', 'YYYY-MM-DD'), NULL ),
         PARTITION P3 VALUES ( TO_DATE('2007-07-01', 'YYYY-MM-DD'), TO_DATE('2007-07-15', 'YYYY-MM-DD'), TO_DATE('2007-07-30', 'YYYY-MM-DD') ),
         PARTITION P4 VALUES DEFAULT
     ) TABLESPACE PDT_TBS;

$P0> INSERT INTO T1 VALUES (NULL, TO_DATE('2007-05-01', 'YYYY-MM-DD'), 100);
$P0> INSERT INTO T1 VALUES (TO_DATE('2007-05-01', 'YYYY-MM-DD'), TO_DATE('2007-05-01', 'YYYY-MM-DD'), 100);
$P0> INSERT INTO T1 VALUES (TO_DATE('2007-05-15', 'YYYY-MM-DD'), TO_DATE('2007-05-01', 'YYYY-MM-DD'), 100);
$P0> INSERT INTO T1 VALUES (TO_DATE('2007-05-30', 'YYYY-MM-DD'), TO_DATE('2007-05-01', 'YYYY-MM-DD'), 100);
$P0> INSERT INTO T1 VALUES (TO_DATE('2007-06-01', 'YYYY-MM-DD'), TO_DATE('2007-05-01', 'YYYY-MM-DD'), 100);
$P0> INSERT INTO T1 VALUES (TO_DATE('2007-06-15', 'YYYY-MM-DD'), TO_DATE('2007-05-01', 'YYYY-MM-DD'), 100);
$P0> INSERT INTO T1 VALUES (TO_DATE('2007-06-30', 'YYYY-MM-DD'), TO_DATE('2007-05-01', 'YYYY-MM-DD'), 100);
$P0> INSERT INTO T1 VALUES (TO_DATE('2007-07-01', 'YYYY-MM-DD'), TO_DATE('2007-05-01', 'YYYY-MM-DD'), 100);
$P0> INSERT INTO T1 VALUES (TO_DATE('2007-07-15', 'YYYY-MM-DD'), TO_DATE('2007-05-01', 'YYYY-MM-DD'), 100);
$P0> INSERT INTO T1 VALUES (TO_DATE('2007-07-30', 'YYYY-MM-DD'), TO_DATE('2007-05-01', 'YYYY-MM-DD'), 100);
$P0> INSERT INTO T1 VALUES (TO_DATE('2007-08-01', 'YYYY-MM-DD'), TO_DATE('2007-05-01', 'YYYY-MM-DD'), 100);
$P0> INSERT INTO T1 VALUES (TO_DATE('2007-08-15', 'YYYY-MM-DD'), TO_DATE('2007-05-01', 'YYYY-MM-DD'), 100);
$P0> INSERT INTO T1 VALUES (TO_DATE('2007-08-30', 'YYYY-MM-DD'), TO_DATE('2007-05-01', 'YYYY-MM-DD'), 100);


$P0> CREATE TABLE T2( I1 DATE, I2 DATE, I3 INTEGER )
     PARTITION BY LIST (I1)
     (
         PARTITION P1 VALUES ( TO_DATE('2007-05-01', 'YYYY-MM-DD'), TO_DATE('2007-05-15', 'YYYY-MM-DD'), TO_DATE('2007-05-30', 'YYYY-MM-DD') ) TABLESPACE PDT_TBS2,
         PARTITION P2 VALUES ( TO_DATE('2007-06-01', 'YYYY-MM-DD'), TO_DATE('2007-06-15', 'YYYY-MM-DD'), TO_DATE('2007-06-30', 'YYYY-MM-DD'), NULL ) TABLESPACE PDT_TBS3,
         PARTITION P3 VALUES ( TO_DATE('2007-07-01', 'YYYY-MM-DD'), TO_DATE('2007-07-15', 'YYYY-MM-DD'), TO_DATE('2007-07-30', 'YYYY-MM-DD') ),
         PARTITION P4 VALUES DEFAULT
     ) TABLESPACE PDT_TBS;

$P0> INSERT INTO T2 VALUES (NULL, TO_DATE('2007-05-01', 'YYYY-MM-DD'), 100);
$P0> INSERT INTO T2 VALUES (TO_DATE('2007-05-01', 'YYYY-MM-DD'), TO_DATE('2007-05-01', 'YYYY-MM-DD'), 100);
$P0> INSERT INTO T2 VALUES (TO_DATE('2007-05-15', 'YYYY-MM-DD'), TO_DATE('2007-05-01', 'YYYY-MM-DD'), 100);
$P0> INSERT INTO T2 VALUES (TO_DATE('2007-05-30', 'YYYY-MM-DD'), TO_DATE('2007-05-01', 'YYYY-MM-DD'), 100);
$P0> INSERT INTO T2 VALUES (TO_DATE('2007-06-01', 'YYYY-MM-DD'), TO_DATE('2007-05-01', 'YYYY-MM-DD'), 100);
$P0> INSERT INTO T2 VALUES (TO_DATE('2007-06-15', 'YYYY-MM-DD'), TO_DATE('2007-05-01', 'YYYY-MM-DD'), 100);
$P0> INSERT INTO T2 VALUES (TO_DATE('2007-06-30', 'YYYY-MM-DD'), TO_DATE('2007-05-01', 'YYYY-MM-DD'), 100);
$P0> INSERT INTO T2 VALUES (TO_DATE('2007-07-01', 'YYYY-MM-DD'), TO_DATE('2007-05-01', 'YYYY-MM-DD'), 100);
$P0> INSERT INTO T2 VALUES (TO_DATE('2007-07-15', 'YYYY-MM-DD'), TO_DATE('2007-05-01', 'YYYY-MM-DD'), 100);
$P0> INSERT INTO T2 VALUES (TO_DATE('2007-07-30', 'YYYY-MM-DD'), TO_DATE('2007-05-01', 'YYYY-MM-DD'), 100);
$P0> INSERT INTO T2 VALUES (TO_DATE('2007-08-01', 'YYYY-MM-DD'), TO_DATE('2007-05-01', 'YYYY-MM-DD'), 100);
$P0> INSERT INTO T2 VALUES (TO_DATE('2007-08-15', 'YYYY-MM-DD'), TO_DATE('2007-05-01', 'YYYY-MM-DD'), 100);
$P0> INSERT INTO T2 VALUES (TO_DATE('2007-08-30', 'YYYY-MM-DD'), TO_DATE('2007-05-01', 'YYYY-MM-DD'), 100);

$P0> CREATE INDEX IDX1 ON T2(I1, I3);
$P0> CREATE INDEX IDX2 ON T2(I3, I1, I2);
$P0> CREATE INDEX IDX3 ON T2(I2, I3);
$P0> CREATE INDEX IDX4 ON T2(I1) LOCAL
     (
         PARTITION P1_IDX1 ON P1 TABLESPACE PDT_TBS2,
         PARTITION P2_IDX1 ON P2 TABLESPACE PDT_TBS3,
         PARTITION P3_IDX1 ON P3 TABLESPACE PDT_TBS4,
         PARTITION P4_IDX1 ON P4 TABLESPACE PDT_TBS5
     );
--+SKIP END; 
# ==> [Schema_List_Date.sql] END <=

$P0> ALTER TABLE T1 
     SPLIT PARTITION P1 VALUES ( TO_DATE('2007-05-01', 'YYYY-MM-DD') ) INTO
     (
         PARTITION P1,
         PARTITION P1_2 TABLESPACE PDT_TBS2
     );
Alter success.

-- Result: PDT_TBS, PDT_TBS2, PDT_TBS, PDT_TBS, PDT_TBS
$P0> SELECT C.NAME
     FROM SYSTEM_.SYS_TABLE_PARTITIONS_ A, SYSTEM_.SYS_TABLES_ B, V$TABLESPACES C
     WHERE A.TABLE_ID = B.TABLE_ID AND 
           A.TBS_ID = C.ID AND
           B.TABLE_NAME = 'T1'
     ORDER BY A.PARTITION_NAME ASC;
NAME                                      
--------------------------------------------
PDT_TBS                                   
PDT_TBS2                                  
PDT_TBS                                   
PDT_TBS                                   
PDT_TBS                                   
5 rows selected.


$P0> ALTER TABLE T2 
     SPLIT PARTITION P3 VALUES ( TO_DATE('2007-07-01', 'YYYY-MM-DD') ) INTO
     (
         PARTITION P3,
         PARTITION P3_2 TABLESPACE PDT_TBS2
     );
Alter success.

-- Result: PDT_TBS2, PDT_TBS3, PDT_TBS, PDT_TBS2, PDT_TBS
$P0> SELECT C.NAME
     FROM SYSTEM_.SYS_TABLE_PARTITIONS_ A, SYSTEM_.SYS_TABLES_ B, V$TABLESPACES C
     WHERE A.TABLE_ID = B.TABLE_ID AND 
           A.TBS_ID = C.ID AND
           B.TABLE_NAME = 'T2'
     ORDER BY A.PARTITION_NAME ASC;
NAME                                      
--------------------------------------------
PDT_TBS2                                  
PDT_TBS3                                  
PDT_TBS                                   
PDT_TBS2                                  
PDT_TBS                                   
5 rows selected.


--##############
--# Right In-place 
--##############
# ==> [Schema_List_Date.sql] BEGIN <=
--+SKIP BEGIN; 
$P0> DROP TABLE T1;
$P0> DROP TABLE T2;

$P0> CREATE TABLE T1( I1 DATE, I2 DATE, I3 INTEGER )
     PARTITION BY LIST (I1)
     (
         PARTITION P1 VALUES ( TO_DATE('2007-05-01', 'YYYY-MM-DD'), TO_DATE('2007-05-15', 'YYYY-MM-DD'), TO_DATE('2007-05-30', 'YYYY-MM-DD') ),
         PARTITION P2 VALUES ( TO_DATE('2007-06-01', 'YYYY-MM-DD'), TO_DATE('2007-06-15', 'YYYY-MM-DD'), TO_DATE('2007-06-30', 'YYYY-MM-DD'), NULL ),
         PARTITION P3 VALUES ( TO_DATE('2007-07-01', 'YYYY-MM-DD'), TO_DATE('2007-07-15', 'YYYY-MM-DD'), TO_DATE('2007-07-30', 'YYYY-MM-DD') ),
         PARTITION P4 VALUES DEFAULT
     ) TABLESPACE PDT_TBS;

$P0> INSERT INTO T1 VALUES (NULL, TO_DATE('2007-05-01', 'YYYY-MM-DD'), 100);
$P0> INSERT INTO T1 VALUES (TO_DATE('2007-05-01', 'YYYY-MM-DD'), TO_DATE('2007-05-01', 'YYYY-MM-DD'), 100);
$P0> INSERT INTO T1 VALUES (TO_DATE('2007-05-15', 'YYYY-MM-DD'), TO_DATE('2007-05-01', 'YYYY-MM-DD'), 100);
$P0> INSERT INTO T1 VALUES (TO_DATE('2007-05-30', 'YYYY-MM-DD'), TO_DATE('2007-05-01', 'YYYY-MM-DD'), 100);
$P0> INSERT INTO T1 VALUES (TO_DATE('2007-06-01', 'YYYY-MM-DD'), TO_DATE('2007-05-01', 'YYYY-MM-DD'), 100);
$P0> INSERT INTO T1 VALUES (TO_DATE('2007-06-15', 'YYYY-MM-DD'), TO_DATE('2007-05-01', 'YYYY-MM-DD'), 100);
$P0> INSERT INTO T1 VALUES (TO_DATE('2007-06-30', 'YYYY-MM-DD'), TO_DATE('2007-05-01', 'YYYY-MM-DD'), 100);
$P0> INSERT INTO T1 VALUES (TO_DATE('2007-07-01', 'YYYY-MM-DD'), TO_DATE('2007-05-01', 'YYYY-MM-DD'), 100);
$P0> INSERT INTO T1 VALUES (TO_DATE('2007-07-15', 'YYYY-MM-DD'), TO_DATE('2007-05-01', 'YYYY-MM-DD'), 100);
$P0> INSERT INTO T1 VALUES (TO_DATE('2007-07-30', 'YYYY-MM-DD'), TO_DATE('2007-05-01', 'YYYY-MM-DD'), 100);
$P0> INSERT INTO T1 VALUES (TO_DATE('2007-08-01', 'YYYY-MM-DD'), TO_DATE('2007-05-01', 'YYYY-MM-DD'), 100);
$P0> INSERT INTO T1 VALUES (TO_DATE('2007-08-15', 'YYYY-MM-DD'), TO_DATE('2007-05-01', 'YYYY-MM-DD'), 100);
$P0> INSERT INTO T1 VALUES (TO_DATE('2007-08-30', 'YYYY-MM-DD'), TO_DATE('2007-05-01', 'YYYY-MM-DD'), 100);


$P0> CREATE TABLE T2( I1 DATE, I2 DATE, I3 INTEGER )
     PARTITION BY LIST (I1)
     (
         PARTITION P1 VALUES ( TO_DATE('2007-05-01', 'YYYY-MM-DD'), TO_DATE('2007-05-15', 'YYYY-MM-DD'), TO_DATE('2007-05-30', 'YYYY-MM-DD') ) TABLESPACE PDT_TBS2,
         PARTITION P2 VALUES ( TO_DATE('2007-06-01', 'YYYY-MM-DD'), TO_DATE('2007-06-15', 'YYYY-MM-DD'), TO_DATE('2007-06-30', 'YYYY-MM-DD'), NULL ) TABLESPACE PDT_TBS3,
         PARTITION P3 VALUES ( TO_DATE('2007-07-01', 'YYYY-MM-DD'), TO_DATE('2007-07-15', 'YYYY-MM-DD'), TO_DATE('2007-07-30', 'YYYY-MM-DD') ),
         PARTITION P4 VALUES DEFAULT
     ) TABLESPACE PDT_TBS;

$P0> INSERT INTO T2 VALUES (NULL, TO_DATE('2007-05-01', 'YYYY-MM-DD'), 100);
$P0> INSERT INTO T2 VALUES (TO_DATE('2007-05-01', 'YYYY-MM-DD'), TO_DATE('2007-05-01', 'YYYY-MM-DD'), 100);
$P0> INSERT INTO T2 VALUES (TO_DATE('2007-05-15', 'YYYY-MM-DD'), TO_DATE('2007-05-01', 'YYYY-MM-DD'), 100);
$P0> INSERT INTO T2 VALUES (TO_DATE('2007-05-30', 'YYYY-MM-DD'), TO_DATE('2007-05-01', 'YYYY-MM-DD'), 100);
$P0> INSERT INTO T2 VALUES (TO_DATE('2007-06-01', 'YYYY-MM-DD'), TO_DATE('2007-05-01', 'YYYY-MM-DD'), 100);
$P0> INSERT INTO T2 VALUES (TO_DATE('2007-06-15', 'YYYY-MM-DD'), TO_DATE('2007-05-01', 'YYYY-MM-DD'), 100);
$P0> INSERT INTO T2 VALUES (TO_DATE('2007-06-30', 'YYYY-MM-DD'), TO_DATE('2007-05-01', 'YYYY-MM-DD'), 100);
$P0> INSERT INTO T2 VALUES (TO_DATE('2007-07-01', 'YYYY-MM-DD'), TO_DATE('2007-05-01', 'YYYY-MM-DD'), 100);
$P0> INSERT INTO T2 VALUES (TO_DATE('2007-07-15', 'YYYY-MM-DD'), TO_DATE('2007-05-01', 'YYYY-MM-DD'), 100);
$P0> INSERT INTO T2 VALUES (TO_DATE('2007-07-30', 'YYYY-MM-DD'), TO_DATE('2007-05-01', 'YYYY-MM-DD'), 100);
$P0> INSERT INTO T2 VALUES (TO_DATE('2007-08-01', 'YYYY-MM-DD'), TO_DATE('2007-05-01', 'YYYY-MM-DD'), 100);
$P0> INSERT INTO T2 VALUES (TO_DATE('2007-08-15', 'YYYY-MM-DD'), TO_DATE('2007-05-01', 'YYYY-MM-DD'), 100);
$P0> INSERT INTO T2 VALUES (TO_DATE('2007-08-30', 'YYYY-MM-DD'), TO_DATE('2007-05-01', 'YYYY-MM-DD'), 100);

$P0> CREATE INDEX IDX1 ON T2(I1, I3);
$P0> CREATE INDEX IDX2 ON T2(I3, I1, I2);
$P0> CREATE INDEX IDX3 ON T2(I2, I3);
$P0> CREATE INDEX IDX4 ON T2(I1) LOCAL
     (
         PARTITION P1_IDX1 ON P1 TABLESPACE PDT_TBS2,
         PARTITION P2_IDX1 ON P2 TABLESPACE PDT_TBS3,
         PARTITION P3_IDX1 ON P3 TABLESPACE PDT_TBS4,
         PARTITION P4_IDX1 ON P4 TABLESPACE PDT_TBS5
     );
--+SKIP END; 
# ==> [Schema_List_Date.sql] END <=

$P0> ALTER TABLE T1 
     SPLIT PARTITION P1 VALUES ( TO_DATE('2007-05-01', 'YYYY-MM-DD') ) INTO
     (
         PARTITION P1_1 TABLESPACE PDT_TBS2,
         PARTITION P1
     );
Alter success.

-- Result: PDT_TBS, PDT_TBS2, PDT_TBS, PDT_TBS, PDT_TBS
$P0> SELECT C.NAME
     FROM SYSTEM_.SYS_TABLE_PARTITIONS_ A, SYSTEM_.SYS_TABLES_ B, V$TABLESPACES C
     WHERE A.TABLE_ID = B.TABLE_ID AND 
           A.TBS_ID = C.ID AND
           B.TABLE_NAME = 'T1'
     ORDER BY A.PARTITION_NAME ASC;
NAME                                      
--------------------------------------------
PDT_TBS                                   
PDT_TBS2                                  
PDT_TBS                                   
PDT_TBS                                   
PDT_TBS                                   
5 rows selected.


$P0> ALTER TABLE T2 
     SPLIT PARTITION P3 VALUES ( TO_DATE('2007-07-01', 'YYYY-MM-DD') ) INTO
     (
         PARTITION P3_1 TABLESPACE PDT_TBS2,
         PARTITION P3
     );
Alter success.

-- Result: PDT_TBS2, PDT_TBS3, PDT_TBS, PDT_TBS2, PDT_TBS
$P0> SELECT C.NAME
     FROM SYSTEM_.SYS_TABLE_PARTITIONS_ A, SYSTEM_.SYS_TABLES_ B, V$TABLESPACES C
     WHERE A.TABLE_ID = B.TABLE_ID AND 
           A.TBS_ID = C.ID AND
           B.TABLE_NAME = 'T2'
     ORDER BY A.PARTITION_NAME ASC;
NAME                                      
--------------------------------------------
PDT_TBS2                                  
PDT_TBS3                                  
PDT_TBS                                   
PDT_TBS2                                  
PDT_TBS                                   
5 rows selected.


--##############
--# Out-place 
--##############
# ==> [Schema_List_Date.sql] BEGIN <=
--+SKIP BEGIN; 
$P0> DROP TABLE T1;
$P0> DROP TABLE T2;

$P0> CREATE TABLE T1( I1 DATE, I2 DATE, I3 INTEGER )
     PARTITION BY LIST (I1)
     (
         PARTITION P1 VALUES ( TO_DATE('2007-05-01', 'YYYY-MM-DD'), TO_DATE('2007-05-15', 'YYYY-MM-DD'), TO_DATE('2007-05-30', 'YYYY-MM-DD') ),
         PARTITION P2 VALUES ( TO_DATE('2007-06-01', 'YYYY-MM-DD'), TO_DATE('2007-06-15', 'YYYY-MM-DD'), TO_DATE('2007-06-30', 'YYYY-MM-DD'), NULL ),
         PARTITION P3 VALUES ( TO_DATE('2007-07-01', 'YYYY-MM-DD'), TO_DATE('2007-07-15', 'YYYY-MM-DD'), TO_DATE('2007-07-30', 'YYYY-MM-DD') ),
         PARTITION P4 VALUES DEFAULT
     ) TABLESPACE PDT_TBS;

$P0> INSERT INTO T1 VALUES (NULL, TO_DATE('2007-05-01', 'YYYY-MM-DD'), 100);
$P0> INSERT INTO T1 VALUES (TO_DATE('2007-05-01', 'YYYY-MM-DD'), TO_DATE('2007-05-01', 'YYYY-MM-DD'), 100);
$P0> INSERT INTO T1 VALUES (TO_DATE('2007-05-15', 'YYYY-MM-DD'), TO_DATE('2007-05-01', 'YYYY-MM-DD'), 100);
$P0> INSERT INTO T1 VALUES (TO_DATE('2007-05-30', 'YYYY-MM-DD'), TO_DATE('2007-05-01', 'YYYY-MM-DD'), 100);
$P0> INSERT INTO T1 VALUES (TO_DATE('2007-06-01', 'YYYY-MM-DD'), TO_DATE('2007-05-01', 'YYYY-MM-DD'), 100);
$P0> INSERT INTO T1 VALUES (TO_DATE('2007-06-15', 'YYYY-MM-DD'), TO_DATE('2007-05-01', 'YYYY-MM-DD'), 100);
$P0> INSERT INTO T1 VALUES (TO_DATE('2007-06-30', 'YYYY-MM-DD'), TO_DATE('2007-05-01', 'YYYY-MM-DD'), 100);
$P0> INSERT INTO T1 VALUES (TO_DATE('2007-07-01', 'YYYY-MM-DD'), TO_DATE('2007-05-01', 'YYYY-MM-DD'), 100);
$P0> INSERT INTO T1 VALUES (TO_DATE('2007-07-15', 'YYYY-MM-DD'), TO_DATE('2007-05-01', 'YYYY-MM-DD'), 100);
$P0> INSERT INTO T1 VALUES (TO_DATE('2007-07-30', 'YYYY-MM-DD'), TO_DATE('2007-05-01', 'YYYY-MM-DD'), 100);
$P0> INSERT INTO T1 VALUES (TO_DATE('2007-08-01', 'YYYY-MM-DD'), TO_DATE('2007-05-01', 'YYYY-MM-DD'), 100);
$P0> INSERT INTO T1 VALUES (TO_DATE('2007-08-15', 'YYYY-MM-DD'), TO_DATE('2007-05-01', 'YYYY-MM-DD'), 100);
$P0> INSERT INTO T1 VALUES (TO_DATE('2007-08-30', 'YYYY-MM-DD'), TO_DATE('2007-05-01', 'YYYY-MM-DD'), 100);


$P0> CREATE TABLE T2( I1 DATE, I2 DATE, I3 INTEGER )
     PARTITION BY LIST (I1)
     (
         PARTITION P1 VALUES ( TO_DATE('2007-05-01', 'YYYY-MM-DD'), TO_DATE('2007-05-15', 'YYYY-MM-DD'), TO_DATE('2007-05-30', 'YYYY-MM-DD') ) TABLESPACE PDT_TBS2,
         PARTITION P2 VALUES ( TO_DATE('2007-06-01', 'YYYY-MM-DD'), TO_DATE('2007-06-15', 'YYYY-MM-DD'), TO_DATE('2007-06-30', 'YYYY-MM-DD'), NULL ) TABLESPACE PDT_TBS3,
         PARTITION P3 VALUES ( TO_DATE('2007-07-01', 'YYYY-MM-DD'), TO_DATE('2007-07-15', 'YYYY-MM-DD'), TO_DATE('2007-07-30', 'YYYY-MM-DD') ),
         PARTITION P4 VALUES DEFAULT
     ) TABLESPACE PDT_TBS;

$P0> INSERT INTO T2 VALUES (NULL, TO_DATE('2007-05-01', 'YYYY-MM-DD'), 100);
$P0> INSERT INTO T2 VALUES (TO_DATE('2007-05-01', 'YYYY-MM-DD'), TO_DATE('2007-05-01', 'YYYY-MM-DD'), 100);
$P0> INSERT INTO T2 VALUES (TO_DATE('2007-05-15', 'YYYY-MM-DD'), TO_DATE('2007-05-01', 'YYYY-MM-DD'), 100);
$P0> INSERT INTO T2 VALUES (TO_DATE('2007-05-30', 'YYYY-MM-DD'), TO_DATE('2007-05-01', 'YYYY-MM-DD'), 100);
$P0> INSERT INTO T2 VALUES (TO_DATE('2007-06-01', 'YYYY-MM-DD'), TO_DATE('2007-05-01', 'YYYY-MM-DD'), 100);
$P0> INSERT INTO T2 VALUES (TO_DATE('2007-06-15', 'YYYY-MM-DD'), TO_DATE('2007-05-01', 'YYYY-MM-DD'), 100);
$P0> INSERT INTO T2 VALUES (TO_DATE('2007-06-30', 'YYYY-MM-DD'), TO_DATE('2007-05-01', 'YYYY-MM-DD'), 100);
$P0> INSERT INTO T2 VALUES (TO_DATE('2007-07-01', 'YYYY-MM-DD'), TO_DATE('2007-05-01', 'YYYY-MM-DD'), 100);
$P0> INSERT INTO T2 VALUES (TO_DATE('2007-07-15', 'YYYY-MM-DD'), TO_DATE('2007-05-01', 'YYYY-MM-DD'), 100);
$P0> INSERT INTO T2 VALUES (TO_DATE('2007-07-30', 'YYYY-MM-DD'), TO_DATE('2007-05-01', 'YYYY-MM-DD'), 100);
$P0> INSERT INTO T2 VALUES (TO_DATE('2007-08-01', 'YYYY-MM-DD'), TO_DATE('2007-05-01', 'YYYY-MM-DD'), 100);
$P0> INSERT INTO T2 VALUES (TO_DATE('2007-08-15', 'YYYY-MM-DD'), TO_DATE('2007-05-01', 'YYYY-MM-DD'), 100);
$P0> INSERT INTO T2 VALUES (TO_DATE('2007-08-30', 'YYYY-MM-DD'), TO_DATE('2007-05-01', 'YYYY-MM-DD'), 100);

$P0> CREATE INDEX IDX1 ON T2(I1, I3);
$P0> CREATE INDEX IDX2 ON T2(I3, I1, I2);
$P0> CREATE INDEX IDX3 ON T2(I2, I3);
$P0> CREATE INDEX IDX4 ON T2(I1) LOCAL
     (
         PARTITION P1_IDX1 ON P1 TABLESPACE PDT_TBS2,
         PARTITION P2_IDX1 ON P2 TABLESPACE PDT_TBS3,
         PARTITION P3_IDX1 ON P3 TABLESPACE PDT_TBS4,
         PARTITION P4_IDX1 ON P4 TABLESPACE PDT_TBS5
     );
--+SKIP END; 
# ==> [Schema_List_Date.sql] END <=

$P0> ALTER TABLE T1 
     SPLIT PARTITION P1 VALUES ( TO_DATE('2007-05-01', 'YYYY-MM-DD') ) INTO
     (
         PARTITION P1_1 TABLESPACE PDT_TBS2,
         PARTITION P1_2 TABLESPACE PDT_TBS3
     );
Alter success.

-- Result: PDT_TBS2, PDT_TBS3, PDT_TBS, PDT_TBS, PDT_TBS
$P0> SELECT C.NAME
     FROM SYSTEM_.SYS_TABLE_PARTITIONS_ A, SYSTEM_.SYS_TABLES_ B, V$TABLESPACES C
     WHERE A.TABLE_ID = B.TABLE_ID AND 
           A.TBS_ID = C.ID AND
           B.TABLE_NAME = 'T1'
     ORDER BY A.PARTITION_NAME ASC;
NAME                                      
--------------------------------------------
PDT_TBS2                                  
PDT_TBS3                                  
PDT_TBS                                   
PDT_TBS                                   
PDT_TBS                                   
5 rows selected.


$P0> ALTER TABLE T2 
     SPLIT PARTITION P3 VALUES ( TO_DATE('2007-07-01', 'YYYY-MM-DD') ) INTO
     (
         PARTITION P3_1 TABLESPACE PDT_TBS2,
         PARTITION P3_2 TABLESPACE PDT_TBS3
     );
Alter success.

-- Result: PDT_TBS2, PDT_TBS3, PDT_TBS2, PDT_TBS3, PDT_TBS
$P0> SELECT C.NAME
     FROM SYSTEM_.SYS_TABLE_PARTITIONS_ A, SYSTEM_.SYS_TABLES_ B, V$TABLESPACES C
     WHERE A.TABLE_ID = B.TABLE_ID AND 
           A.TBS_ID = C.ID AND
           B.TABLE_NAME = 'T2'
     ORDER BY A.PARTITION_NAME ASC;
NAME                                      
--------------------------------------------
PDT_TBS2                                  
PDT_TBS3                                  
PDT_TBS2                                  
PDT_TBS3                                  
PDT_TBS                                   
5 rows selected.


--##############################
--+SECTOR 6; DstPart1, DstPart2의 LOB 컬럼의 TBS 체크
--##############################
--##############
--# Left In-place 
--##############
$P0> DROP TABLE T1;
Drop success.
$P0> CREATE TABLE T1 ( I1 DATE, I2 BLOB, I3 CLOB )
     PARTITION BY LIST (I1) 
     ( PARTITION P1 VALUES (TO_DATE('2007-05-01', 'YYYY-MM-DD'), TO_DATE('2007-05-15', 'YYYY-MM-DD')) TABLESPACE PDT_TBS 
                                         LOB(I2, I3) STORE AS ( TABLESPACE PDT_TBS2 ), 
       PARTITION P2 VALUES (TO_DATE('2007-06-01', 'YYYY-MM-DD'), TO_DATE('2007-06-15', 'YYYY-MM-DD')) TABLESPACE PDT_TBS3,
       PARTITION P3 VALUES DEFAULT
     ) TABLESPACE PDT_TBS4 LOB(I3) STORE AS ( TABLESPACE PDT_TBS5 );
Create success.

$P0> INSERT INTO T1 VALUES ( TO_DATE('2007-05-01', 'YYYY-MM-DD'),   'ABC', 'DEF' );
1 row inserted.
$P0> INSERT INTO T1 VALUES ( TO_DATE('2007-05-15', 'YYYY-MM-DD'),   'ABC', 'DEF' );
1 row inserted.
$P0> INSERT INTO T1 VALUES ( TO_DATE('2007-06-01', 'YYYY-MM-DD'),   'ABC', 'DEF' );
1 row inserted.
$P0> INSERT INTO T1 VALUES ( TO_DATE('2007-06-15', 'YYYY-MM-DD'),   'ABC', 'DEF' );
1 row inserted.

$P0> ALTER TABLE T1
     SPLIT PARTITION P1 VALUES (TO_DATE('2007-05-01', 'YYYY-MM-DD')) INTO
     (
         PARTITION P1,
         PARTITION P1_1 LOB STORE AS ( TABLESPACE PDT_TBS4 )
     );
Alter success.

-- result: {TO_DATE('2007-05-01', 'YYYY-MM-DD')}
$P0> SELECT I1 FROM T1 PARTITION(P1);
I1                   
-----------------------
01-MAY-2007          
1 row selected.

-- result: {TO_DATE('2007-05-15', 'YYYY-MM-DD')}
$P0> SELECT I1 FROM T1 PARTITION(P1_1);
I1                   
-----------------------
15-MAY-2007          
1 row selected.

-- result: PDT_TBS
$P0> SELECT C.NAME
     FROM SYSTEM_.SYS_TABLE_PARTITIONS_ A, SYSTEM_.SYS_TABLES_ B, V$TABLESPACES C
     WHERE A.TABLE_ID = B.TABLE_ID AND
           A.TBS_ID = C.ID AND
           B.TABLE_NAME = 'T1' AND
           A.PARTITION_NAME='P1';
NAME                                      
--------------------------------------------
PDT_TBS                                   
1 row selected.

-- Result: PDT_TBS2, PDT_TBS2
$P0> SELECT TBS.NAME
     FROM SYSTEM_.SYS_TABLES_ TAB, SYSTEM_.SYS_PART_LOBS_ LOBS, SYSTEM_.SYS_TABLE_PARTITIONS_ PART, V$TABLESPACES TBS
     WHERE TAB.TABLE_ID = LOBS.TABLE_ID AND
           PART.PARTITION_ID = LOBS.PARTITION_ID AND
           LOBS.TBS_ID = TBS.ID AND
           TAB.TABLE_NAME = 'T1' AND
           PART.PARTITION_NAME = 'P1'
     ORDER BY LOBS.COLUMN_ID ASC;
NAME                                      
--------------------------------------------
PDT_TBS2                                  
PDT_TBS2                                  
2 rows selected.

-- Result: PDT_TBS4
$P0> SELECT TBS.NAME
     FROM SYSTEM_.SYS_TABLES_ TAB, SYSTEM_.SYS_TABLE_PARTITIONS_ PART, V$TABLESPACES TBS
     WHERE TAB.TABLE_ID = PART.TABLE_ID AND
           PART.TBS_ID = TBS.ID AND
           TAB.TABLE_NAME = 'T1' AND
           PART.PARTITION_NAME = 'P1_1';
NAME                                      
--------------------------------------------
PDT_TBS4                                  
1 row selected.

-- Result: PDT_TBS4, PDT_TBS4
$P0> SELECT TBS.NAME
     FROM SYSTEM_.SYS_TABLES_ TAB, SYSTEM_.SYS_PART_LOBS_ LOBS, SYSTEM_.SYS_TABLE_PARTITIONS_ PART, V$TABLESPACES TBS
     WHERE TAB.TABLE_ID = LOBS.TABLE_ID AND
           PART.PARTITION_ID = LOBS.PARTITION_ID AND
           LOBS.TBS_ID = TBS.ID AND
           TAB.TABLE_NAME = 'T1' AND
           PART.PARTITION_NAME = 'P1_1'
     ORDER BY LOBS.COLUMN_ID ASC;
NAME                                      
--------------------------------------------
PDT_TBS4                                  
PDT_TBS4                                  
2 rows selected.


--##############
--# Right In-place 
--##############
$P0> DROP TABLE T1;
Drop success.
$P0> CREATE TABLE T1 ( I1 INTEGER, I2 BLOB, I3 CLOB )
     PARTITION BY LIST (I1) 
     ( PARTITION P1 VALUES (TO_DATE('2007-05-01', 'YYYY-MM-DD'),TO_DATE('2007-05-15', 'YYYY-MM-DD')) TABLESPACE PDT_TBS 
                                         LOB(I2, I3) STORE AS ( TABLESPACE PDT_TBS2 ), 
       PARTITION P2 VALUES (TO_DATE('2007-06-01', 'YYYY-MM-DD'),TO_DATE('2007-06-15', 'YYYY-MM-DD')) TABLESPACE PDT_TBS3,
       PARTITION P3 VALUES DEFAULT
     ) TABLESPACE PDT_TBS4 LOB(I3) STORE AS ( TABLESPACE PDT_TBS5 );
[ERR-21011 : Invalid literal 
0003 :      ( PARTITION P1 VALUES (TO_DATE('2007-05-01', 'YYYY-MM-DD'),TO_DATE('2007-05-15', 'YYYY-MM-DD')) TABLESPACE PDT_TBS 
                                  ^                                  ^
]

$P0> INSERT INTO T1 VALUES ( TO_DATE('2007-05-01', 'YYYY-MM-DD'),   'ABC', 'DEF' );
[ERR-31031 : Table or view was not found : 
0001 : INSERT INTO T1 VALUES ( TO_DATE('2007-05-01', 'YYYY-MM-DD'),   'ABC', 'DEF' )
                  ^ ^
]
$P0> INSERT INTO T1 VALUES ( TO_DATE('2007-05-15', 'YYYY-MM-DD'),   'ABC', 'DEF' );
[ERR-31031 : Table or view was not found : 
0001 : INSERT INTO T1 VALUES ( TO_DATE('2007-05-15', 'YYYY-MM-DD'),   'ABC', 'DEF' )
                  ^ ^
]
$P0> INSERT INTO T1 VALUES ( TO_DATE('2007-06-01', 'YYYY-MM-DD'),   'ABC', 'DEF' );
[ERR-31031 : Table or view was not found : 
0001 : INSERT INTO T1 VALUES ( TO_DATE('2007-06-01', 'YYYY-MM-DD'),   'ABC', 'DEF' )
                  ^ ^
]
$P0> INSERT INTO T1 VALUES ( TO_DATE('2007-06-15', 'YYYY-MM-DD'),   'ABC', 'DEF' );
[ERR-31031 : Table or view was not found : 
0001 : INSERT INTO T1 VALUES ( TO_DATE('2007-06-15', 'YYYY-MM-DD'),   'ABC', 'DEF' )
                  ^ ^
]

$P0> ALTER TABLE T1
     SPLIT PARTITION P1 VALUES (TO_DATE('2007-05-01', 'YYYY-MM-DD')) INTO
     (
         PARTITION P1_1 TABLESPACE PDT_TBS2 LOB STORE AS ( TABLESPACE PDT_TBS4 ),
         PARTITION P1
     );
[ERR-31031 : Table or view was not found : 
0001 : ALTER TABLE T1
                  ^ ^
]

-- result: {TO_DATE('2007-05-01', 'YYYY-MM-DD')}
$P0> SELECT I1 FROM T1 PARTITION(P1_1);
[ERR-31031 : Table or view was not found : 
0001 : SELECT I1 FROM T1 PARTITION(P1_1)
                     ^ ^
]

-- result: {TO_DATE('2007-05-15', 'YYYY-MM-DD')}
$P0> SELECT I1 FROM T1 PARTITION(P1);
[ERR-31031 : Table or view was not found : 
0001 : SELECT I1 FROM T1 PARTITION(P1)
                     ^ ^
]

-- result: PDT_TBS4
$P0> SELECT C.NAME
     FROM SYSTEM_.SYS_TABLE_PARTITIONS_ A, SYSTEM_.SYS_TABLES_ B, V$TABLESPACES C
     WHERE A.TABLE_ID = B.TABLE_ID AND
           A.TBS_ID = C.ID AND
           B.TABLE_NAME = 'T1' AND
           A.PARTITION_NAME='P1_1';
NAME                                      
--------------------------------------------
No rows selected.

-- BUGBUG
-- Result: PDT_TBS4, PDT_TBS4
$P0> SELECT TBS.NAME
     FROM SYSTEM_.SYS_TABLES_ TAB, SYSTEM_.SYS_PART_LOBS_ LOBS, SYSTEM_.SYS_TABLE_PARTITIONS_ PART, V$TABLESPACES TBS
     WHERE TAB.TABLE_ID = LOBS.TABLE_ID AND
           PART.PARTITION_ID = LOBS.PARTITION_ID AND
           LOBS.TBS_ID = TBS.ID AND
           TAB.TABLE_NAME = 'T1' AND
           PART.PARTITION_NAME = 'P1_1'
     ORDER BY LOBS.COLUMN_ID ASC;
NAME                                      
--------------------------------------------
No rows selected.

-- BUGBUG
-- Result: PDT_TBS
$P0> SELECT TBS.NAME
     FROM SYSTEM_.SYS_TABLES_ TAB, SYSTEM_.SYS_TABLE_PARTITIONS_ PART, V$TABLESPACES TBS
     WHERE TAB.TABLE_ID = PART.TABLE_ID AND
           PART.TBS_ID = TBS.ID AND
           TAB.TABLE_NAME = 'T1' AND
           PART.PARTITION_NAME = 'P1';
NAME                                      
--------------------------------------------
No rows selected.

-- BUGBUG
-- Result: PDT_TBS2, PDT_TBS2
$P0> SELECT TBS.NAME
     FROM SYSTEM_.SYS_TABLES_ TAB, SYSTEM_.SYS_PART_LOBS_ LOBS, SYSTEM_.SYS_TABLE_PARTITIONS_ PART, V$TABLESPACES TBS
     WHERE TAB.TABLE_ID = LOBS.TABLE_ID AND
           PART.PARTITION_ID = LOBS.PARTITION_ID AND
           LOBS.TBS_ID = TBS.ID AND
           TAB.TABLE_NAME = 'T1' AND
           PART.PARTITION_NAME = 'P1'
     ORDER BY LOBS.COLUMN_ID ASC;
NAME                                      
--------------------------------------------
No rows selected.


--##############
--# Out-place 
--##############
$P0> DROP TABLE T1;
[ERR-31031 : Table or view was not found : 
0001 : DROP TABLE T1
                 ^ ^
]
$P0> CREATE TABLE T1 ( I1 INTEGER, I2 BLOB, I3 CLOB )
     PARTITION BY LIST (I1) 
     ( PARTITION P1 VALUES (TO_DATE('2007-05-01', 'YYYY-MM-DD'),TO_DATE('2007-05-15', 'YYYY-MM-DD')) TABLESPACE PDT_TBS 
                                         LOB(I2, I3) STORE AS ( TABLESPACE PDT_TBS2 ), 
       PARTITION P2 VALUES (TO_DATE('2007-06-01', 'YYYY-MM-DD'),TO_DATE('2007-06-15', 'YYYY-MM-DD')) TABLESPACE PDT_TBS3,
       PARTITION P3 VALUES DEFAULT
     ) TABLESPACE PDT_TBS4 LOB(I3) STORE AS ( TABLESPACE PDT_TBS5 );
[ERR-21011 : Invalid literal 
0003 :      ( PARTITION P1 VALUES (TO_DATE('2007-05-01', 'YYYY-MM-DD'),TO_DATE('2007-05-15', 'YYYY-MM-DD')) TABLESPACE PDT_TBS 
                                  ^                                  ^
]

$P0> INSERT INTO T1 VALUES ( TO_DATE('2007-05-01', 'YYYY-MM-DD'),   'ABC', 'DEF' );
[ERR-31031 : Table or view was not found : 
0001 : INSERT INTO T1 VALUES ( TO_DATE('2007-05-01', 'YYYY-MM-DD'),   'ABC', 'DEF' )
                  ^ ^
]
$P0> INSERT INTO T1 VALUES ( TO_DATE('2007-05-15', 'YYYY-MM-DD'),   'ABC', 'DEF' );
[ERR-31031 : Table or view was not found : 
0001 : INSERT INTO T1 VALUES ( TO_DATE('2007-05-15', 'YYYY-MM-DD'),   'ABC', 'DEF' )
                  ^ ^
]
$P0> INSERT INTO T1 VALUES ( TO_DATE('2007-06-01', 'YYYY-MM-DD'),   'ABC', 'DEF' );
[ERR-31031 : Table or view was not found : 
0001 : INSERT INTO T1 VALUES ( TO_DATE('2007-06-01', 'YYYY-MM-DD'),   'ABC', 'DEF' )
                  ^ ^
]
$P0> INSERT INTO T1 VALUES ( TO_DATE('2007-06-15', 'YYYY-MM-DD'),   'ABC', 'DEF' );
[ERR-31031 : Table or view was not found : 
0001 : INSERT INTO T1 VALUES ( TO_DATE('2007-06-15', 'YYYY-MM-DD'),   'ABC', 'DEF' )
                  ^ ^
]

$P0> ALTER TABLE T1
     SPLIT PARTITION P1 VALUES (TO_DATE('2007-05-01', 'YYYY-MM-DD')) INTO
     (
         PARTITION P1_1 TABLESPACE PDT_TBS2 LOB(I3) STORE AS ( TABLESPACE PDT_TBS3 ),
         PARTITION P1_2 LOB STORE AS ( TABLESPACE PDT_TBS5 )
     );
[ERR-31031 : Table or view was not found : 
0001 : ALTER TABLE T1
                  ^ ^
]

-- result: {TO_DATE('2007-05-01', 'YYYY-MM-DD')}
$P0> SELECT I1 FROM T1 PARTITION(P1_1);
[ERR-31031 : Table or view was not found : 
0001 : SELECT I1 FROM T1 PARTITION(P1_1)
                     ^ ^
]

-- result: {TO_DATE('2007-05-15', 'YYYY-MM-DD')}
$P0> SELECT I1 FROM T1 PARTITION(P1_2);
[ERR-31031 : Table or view was not found : 
0001 : SELECT I1 FROM T1 PARTITION(P1_2)
                     ^ ^
]

-- result: PDT_TBS2
$P0> SELECT C.NAME
     FROM SYSTEM_.SYS_TABLE_PARTITIONS_ A, SYSTEM_.SYS_TABLES_ B, V$TABLESPACES C
     WHERE A.TABLE_ID = B.TABLE_ID AND
           A.TBS_ID = C.ID AND
           B.TABLE_NAME = 'T1' AND
           A.PARTITION_NAME='P1_1';
NAME                                      
--------------------------------------------
No rows selected.

-- BUGBUG
-- Result: PDT_TBS2, PDT_TBS3
$P0> SELECT TBS.NAME
     FROM SYSTEM_.SYS_TABLES_ TAB, SYSTEM_.SYS_PART_LOBS_ LOBS, SYSTEM_.SYS_TABLE_PARTITIONS_ PART, V$TABLESPACES TBS
     WHERE TAB.TABLE_ID = LOBS.TABLE_ID AND
           PART.PARTITION_ID = LOBS.PARTITION_ID AND
           LOBS.TBS_ID = TBS.ID AND
           TAB.TABLE_NAME = 'T1' AND
           PART.PARTITION_NAME = 'P1_1'
     ORDER BY LOBS.COLUMN_ID ASC;
NAME                                      
--------------------------------------------
No rows selected.

-- Result: PDT_TBS4
$P0> SELECT TBS.NAME
     FROM SYSTEM_.SYS_TABLES_ TAB, SYSTEM_.SYS_TABLE_PARTITIONS_ PART, V$TABLESPACES TBS
     WHERE TAB.TABLE_ID = PART.TABLE_ID AND
           PART.TBS_ID = TBS.ID AND
           TAB.TABLE_NAME = 'T1' AND
           PART.PARTITION_NAME = 'P1_2';
NAME                                      
--------------------------------------------
No rows selected.

-- BUGBUG
-- Result: PDT_TBS5, PDT_TBS5
$P0> SELECT TBS.NAME
     FROM SYSTEM_.SYS_TABLES_ TAB, SYSTEM_.SYS_PART_LOBS_ LOBS, SYSTEM_.SYS_TABLE_PARTITIONS_ PART, V$TABLESPACES TBS
     WHERE TAB.TABLE_ID = LOBS.TABLE_ID AND
           PART.PARTITION_ID = LOBS.PARTITION_ID AND
           LOBS.TBS_ID = TBS.ID AND
           TAB.TABLE_NAME = 'T1' AND
           PART.PARTITION_NAME = 'P1_2'
     ORDER BY LOBS.COLUMN_ID ASC;
NAME                                      
--------------------------------------------
No rows selected.



--###################################################################
--+SECTOR 7; 파티션 분할 기준 값 체크
--###################################################################

--##############################
--+SECTOR 8; 분할 개수 체크
--##############################
# ==> [Schema_List_Date.sql] BEGIN <=
--+SKIP BEGIN; 
$P0> DROP TABLE T1;
$P0> DROP TABLE T2;

$P0> CREATE TABLE T1( I1 DATE, I2 DATE, I3 INTEGER )
     PARTITION BY LIST (I1)
     (
         PARTITION P1 VALUES ( TO_DATE('2007-05-01', 'YYYY-MM-DD'), TO_DATE('2007-05-15', 'YYYY-MM-DD'), TO_DATE('2007-05-30', 'YYYY-MM-DD') ),
         PARTITION P2 VALUES ( TO_DATE('2007-06-01', 'YYYY-MM-DD'), TO_DATE('2007-06-15', 'YYYY-MM-DD'), TO_DATE('2007-06-30', 'YYYY-MM-DD'), NULL ),
         PARTITION P3 VALUES ( TO_DATE('2007-07-01', 'YYYY-MM-DD'), TO_DATE('2007-07-15', 'YYYY-MM-DD'), TO_DATE('2007-07-30', 'YYYY-MM-DD') ),
         PARTITION P4 VALUES DEFAULT
     ) TABLESPACE PDT_TBS;

$P0> INSERT INTO T1 VALUES (NULL, TO_DATE('2007-05-01', 'YYYY-MM-DD'), 100);
$P0> INSERT INTO T1 VALUES (TO_DATE('2007-05-01', 'YYYY-MM-DD'), TO_DATE('2007-05-01', 'YYYY-MM-DD'), 100);
$P0> INSERT INTO T1 VALUES (TO_DATE('2007-05-15', 'YYYY-MM-DD'), TO_DATE('2007-05-01', 'YYYY-MM-DD'), 100);
$P0> INSERT INTO T1 VALUES (TO_DATE('2007-05-30', 'YYYY-MM-DD'), TO_DATE('2007-05-01', 'YYYY-MM-DD'), 100);
$P0> INSERT INTO T1 VALUES (TO_DATE('2007-06-01', 'YYYY-MM-DD'), TO_DATE('2007-05-01', 'YYYY-MM-DD'), 100);
$P0> INSERT INTO T1 VALUES (TO_DATE('2007-06-15', 'YYYY-MM-DD'), TO_DATE('2007-05-01', 'YYYY-MM-DD'), 100);
$P0> INSERT INTO T1 VALUES (TO_DATE('2007-06-30', 'YYYY-MM-DD'), TO_DATE('2007-05-01', 'YYYY-MM-DD'), 100);
$P0> INSERT INTO T1 VALUES (TO_DATE('2007-07-01', 'YYYY-MM-DD'), TO_DATE('2007-05-01', 'YYYY-MM-DD'), 100);
$P0> INSERT INTO T1 VALUES (TO_DATE('2007-07-15', 'YYYY-MM-DD'), TO_DATE('2007-05-01', 'YYYY-MM-DD'), 100);
$P0> INSERT INTO T1 VALUES (TO_DATE('2007-07-30', 'YYYY-MM-DD'), TO_DATE('2007-05-01', 'YYYY-MM-DD'), 100);
$P0> INSERT INTO T1 VALUES (TO_DATE('2007-08-01', 'YYYY-MM-DD'), TO_DATE('2007-05-01', 'YYYY-MM-DD'), 100);
$P0> INSERT INTO T1 VALUES (TO_DATE('2007-08-15', 'YYYY-MM-DD'), TO_DATE('2007-05-01', 'YYYY-MM-DD'), 100);
$P0> INSERT INTO T1 VALUES (TO_DATE('2007-08-30', 'YYYY-MM-DD'), TO_DATE('2007-05-01', 'YYYY-MM-DD'), 100);


$P0> CREATE TABLE T2( I1 DATE, I2 DATE, I3 INTEGER )
     PARTITION BY LIST (I1)
     (
         PARTITION P1 VALUES ( TO_DATE('2007-05-01', 'YYYY-MM-DD'), TO_DATE('2007-05-15', 'YYYY-MM-DD'), TO_DATE('2007-05-30', 'YYYY-MM-DD') ) TABLESPACE PDT_TBS2,
         PARTITION P2 VALUES ( TO_DATE('2007-06-01', 'YYYY-MM-DD'), TO_DATE('2007-06-15', 'YYYY-MM-DD'), TO_DATE('2007-06-30', 'YYYY-MM-DD'), NULL ) TABLESPACE PDT_TBS3,
         PARTITION P3 VALUES ( TO_DATE('2007-07-01', 'YYYY-MM-DD'), TO_DATE('2007-07-15', 'YYYY-MM-DD'), TO_DATE('2007-07-30', 'YYYY-MM-DD') ),
         PARTITION P4 VALUES DEFAULT
     ) TABLESPACE PDT_TBS;

$P0> INSERT INTO T2 VALUES (NULL, TO_DATE('2007-05-01', 'YYYY-MM-DD'), 100);
$P0> INSERT INTO T2 VALUES (TO_DATE('2007-05-01', 'YYYY-MM-DD'), TO_DATE('2007-05-01', 'YYYY-MM-DD'), 100);
$P0> INSERT INTO T2 VALUES (TO_DATE('2007-05-15', 'YYYY-MM-DD'), TO_DATE('2007-05-01', 'YYYY-MM-DD'), 100);
$P0> INSERT INTO T2 VALUES (TO_DATE('2007-05-30', 'YYYY-MM-DD'), TO_DATE('2007-05-01', 'YYYY-MM-DD'), 100);
$P0> INSERT INTO T2 VALUES (TO_DATE('2007-06-01', 'YYYY-MM-DD'), TO_DATE('2007-05-01', 'YYYY-MM-DD'), 100);
$P0> INSERT INTO T2 VALUES (TO_DATE('2007-06-15', 'YYYY-MM-DD'), TO_DATE('2007-05-01', 'YYYY-MM-DD'), 100);
$P0> INSERT INTO T2 VALUES (TO_DATE('2007-06-30', 'YYYY-MM-DD'), TO_DATE('2007-05-01', 'YYYY-MM-DD'), 100);
$P0> INSERT INTO T2 VALUES (TO_DATE('2007-07-01', 'YYYY-MM-DD'), TO_DATE('2007-05-01', 'YYYY-MM-DD'), 100);
$P0> INSERT INTO T2 VALUES (TO_DATE('2007-07-15', 'YYYY-MM-DD'), TO_DATE('2007-05-01', 'YYYY-MM-DD'), 100);
$P0> INSERT INTO T2 VALUES (TO_DATE('2007-07-30', 'YYYY-MM-DD'), TO_DATE('2007-05-01', 'YYYY-MM-DD'), 100);
$P0> INSERT INTO T2 VALUES (TO_DATE('2007-08-01', 'YYYY-MM-DD'), TO_DATE('2007-05-01', 'YYYY-MM-DD'), 100);
$P0> INSERT INTO T2 VALUES (TO_DATE('2007-08-15', 'YYYY-MM-DD'), TO_DATE('2007-05-01', 'YYYY-MM-DD'), 100);
$P0> INSERT INTO T2 VALUES (TO_DATE('2007-08-30', 'YYYY-MM-DD'), TO_DATE('2007-05-01', 'YYYY-MM-DD'), 100);

$P0> CREATE INDEX IDX1 ON T2(I1, I3);
$P0> CREATE INDEX IDX2 ON T2(I3, I1, I2);
$P0> CREATE INDEX IDX3 ON T2(I2, I3);
$P0> CREATE INDEX IDX4 ON T2(I1) LOCAL
     (
         PARTITION P1_IDX1 ON P1 TABLESPACE PDT_TBS2,
         PARTITION P2_IDX1 ON P2 TABLESPACE PDT_TBS3,
         PARTITION P3_IDX1 ON P3 TABLESPACE PDT_TBS4,
         PARTITION P4_IDX1 ON P4 TABLESPACE PDT_TBS5
     );
--+SKIP END; 
# ==> [Schema_List_Date.sql] END <=

-- should be fail
$P0> ALTER TABLE T1 
     SPLIT PARTITION P3 VALUES (TO_DATE('2007-07-01', 'YYYY-MM-DD'), TO_DATE('2007-07-01', 'YYYY-MM-DD')) INTO
     ( 
         PARTITION P3_1,
         PARTITION P3_2
     );
[ERR-3127C : Duplicate split condition value]

-- should be fail
$P0> ALTER TABLE T1 
     SPLIT PARTITION P3 VALUES (TO_DATE('2007-07-01', 'YYYY-MM-DD'), TO_DATE('2007-15-01', 'YYYY-MM-DD'), TO_DATE('2007-07-30', 'YYYY-MM-DD')) INTO
     ( 
         PARTITION P3_1,
         PARTITION P3_2
     );
[ERR-21024 : The month value must be from 1 to 12. 
0002 :      SPLIT PARTITION P3 VALUES (TO_DATE('2007-07-01', 'YYYY-MM-DD'), TO_DATE('2007-15-01', 'YYYY-MM-DD'), TO_DATE('2007-07-30', 'YYYY-MM-DD')) INTO
                                                                           ^                                  ^
]

-- should be fail
$P0> ALTER TABLE T2 
     SPLIT PARTITION P3 VALUES (TO_DATE('2007-07-01', 'YYYY-MM-DD'), NULL) INTO
     ( 
         PARTITION P3_1,
         PARTITION P3_2
     );
[ERR-3126E : Split condition value does not exist for the partition to be split]

-- should be success
$P0> ALTER TABLE T1 
     SPLIT PARTITION P3 VALUES (TO_DATE('2007-07-30', 'YYYY-MM-DD'), TO_DATE('2007-07-01', 'YYYY-MM-DD')) INTO
     ( 
         PARTITION P3_1,
         PARTITION P3_2
     );
Alter success.

-- result: 3
$P0> SELECT COUNT(*) FROM T1 PARTITION (P1);
COUNT                
-----------------------
3                    
1 row selected.
-- result: 4
$P0> SELECT COUNT(*) FROM T1 PARTITION (P2);
COUNT                
-----------------------
4                    
1 row selected.
-- result: 2
$P0> SELECT COUNT(*) FROM T1 PARTITION (P3_1);
COUNT                
-----------------------
2                    
1 row selected.
-- result: 1
$P0> SELECT COUNT(*) FROM T1 PARTITION (P3_2);
COUNT                
-----------------------
1                    
1 row selected.
-- result: 3
$P0> SELECT COUNT(*) FROM T1 PARTITION (P4);
COUNT                
-----------------------
3                    
1 row selected.

-- should be success
$P0> ALTER TABLE T2 
     SPLIT PARTITION P3 VALUES (TO_DATE('2007-07-01', 'YYYY-MM-DD'),TO_DATE('2007-07-15', 'YYYY-MM-DD')) INTO
     ( 
         PARTITION P3_1,
         PARTITION P3_2
     );
Alter success.

-- result: 3
$P0> SELECT COUNT(*) FROM T2 PARTITION (P1);
COUNT                
-----------------------
3                    
1 row selected.
-- result: 4
$P0> SELECT COUNT(*) FROM T2 PARTITION (P2);
COUNT                
-----------------------
4                    
1 row selected.
-- result: 2
$P0> SELECT COUNT(*) FROM T2 PARTITION (P3_1);
COUNT                
-----------------------
2                    
1 row selected.
-- result: 1
$P0> SELECT COUNT(*) FROM T2 PARTITION (P3_2);
COUNT                
-----------------------
1                    
1 row selected.
-- result: 3
$P0> SELECT COUNT(*) FROM T2 PARTITION (P4);
COUNT                
-----------------------
3                    
1 row selected.


--##############################
--+SECTOR 9; 분할 값의 길이 체크
--##############################
-- PartKey: VARCHAR

--##############################
--+SECTOR 10; SrcPart에 속하는지 체크
--##############################
# ==> [Schema_List_Date.sql] BEGIN <=
--+SKIP BEGIN; 
$P0> DROP TABLE T1;
$P0> DROP TABLE T2;

$P0> CREATE TABLE T1( I1 DATE, I2 DATE, I3 INTEGER )
     PARTITION BY LIST (I1)
     (
         PARTITION P1 VALUES ( TO_DATE('2007-05-01', 'YYYY-MM-DD'), TO_DATE('2007-05-15', 'YYYY-MM-DD'), TO_DATE('2007-05-30', 'YYYY-MM-DD') ),
         PARTITION P2 VALUES ( TO_DATE('2007-06-01', 'YYYY-MM-DD'), TO_DATE('2007-06-15', 'YYYY-MM-DD'), TO_DATE('2007-06-30', 'YYYY-MM-DD'), NULL ),
         PARTITION P3 VALUES ( TO_DATE('2007-07-01', 'YYYY-MM-DD'), TO_DATE('2007-07-15', 'YYYY-MM-DD'), TO_DATE('2007-07-30', 'YYYY-MM-DD') ),
         PARTITION P4 VALUES DEFAULT
     ) TABLESPACE PDT_TBS;

$P0> INSERT INTO T1 VALUES (NULL, TO_DATE('2007-05-01', 'YYYY-MM-DD'), 100);
$P0> INSERT INTO T1 VALUES (TO_DATE('2007-05-01', 'YYYY-MM-DD'), TO_DATE('2007-05-01', 'YYYY-MM-DD'), 100);
$P0> INSERT INTO T1 VALUES (TO_DATE('2007-05-15', 'YYYY-MM-DD'), TO_DATE('2007-05-01', 'YYYY-MM-DD'), 100);
$P0> INSERT INTO T1 VALUES (TO_DATE('2007-05-30', 'YYYY-MM-DD'), TO_DATE('2007-05-01', 'YYYY-MM-DD'), 100);
$P0> INSERT INTO T1 VALUES (TO_DATE('2007-06-01', 'YYYY-MM-DD'), TO_DATE('2007-05-01', 'YYYY-MM-DD'), 100);
$P0> INSERT INTO T1 VALUES (TO_DATE('2007-06-15', 'YYYY-MM-DD'), TO_DATE('2007-05-01', 'YYYY-MM-DD'), 100);
$P0> INSERT INTO T1 VALUES (TO_DATE('2007-06-30', 'YYYY-MM-DD'), TO_DATE('2007-05-01', 'YYYY-MM-DD'), 100);
$P0> INSERT INTO T1 VALUES (TO_DATE('2007-07-01', 'YYYY-MM-DD'), TO_DATE('2007-05-01', 'YYYY-MM-DD'), 100);
$P0> INSERT INTO T1 VALUES (TO_DATE('2007-07-15', 'YYYY-MM-DD'), TO_DATE('2007-05-01', 'YYYY-MM-DD'), 100);
$P0> INSERT INTO T1 VALUES (TO_DATE('2007-07-30', 'YYYY-MM-DD'), TO_DATE('2007-05-01', 'YYYY-MM-DD'), 100);
$P0> INSERT INTO T1 VALUES (TO_DATE('2007-08-01', 'YYYY-MM-DD'), TO_DATE('2007-05-01', 'YYYY-MM-DD'), 100);
$P0> INSERT INTO T1 VALUES (TO_DATE('2007-08-15', 'YYYY-MM-DD'), TO_DATE('2007-05-01', 'YYYY-MM-DD'), 100);
$P0> INSERT INTO T1 VALUES (TO_DATE('2007-08-30', 'YYYY-MM-DD'), TO_DATE('2007-05-01', 'YYYY-MM-DD'), 100);


$P0> CREATE TABLE T2( I1 DATE, I2 DATE, I3 INTEGER )
     PARTITION BY LIST (I1)
     (
         PARTITION P1 VALUES ( TO_DATE('2007-05-01', 'YYYY-MM-DD'), TO_DATE('2007-05-15', 'YYYY-MM-DD'), TO_DATE('2007-05-30', 'YYYY-MM-DD') ) TABLESPACE PDT_TBS2,
         PARTITION P2 VALUES ( TO_DATE('2007-06-01', 'YYYY-MM-DD'), TO_DATE('2007-06-15', 'YYYY-MM-DD'), TO_DATE('2007-06-30', 'YYYY-MM-DD'), NULL ) TABLESPACE PDT_TBS3,
         PARTITION P3 VALUES ( TO_DATE('2007-07-01', 'YYYY-MM-DD'), TO_DATE('2007-07-15', 'YYYY-MM-DD'), TO_DATE('2007-07-30', 'YYYY-MM-DD') ),
         PARTITION P4 VALUES DEFAULT
     ) TABLESPACE PDT_TBS;

$P0> INSERT INTO T2 VALUES (NULL, TO_DATE('2007-05-01', 'YYYY-MM-DD'), 100);
$P0> INSERT INTO T2 VALUES (TO_DATE('2007-05-01', 'YYYY-MM-DD'), TO_DATE('2007-05-01', 'YYYY-MM-DD'), 100);
$P0> INSERT INTO T2 VALUES (TO_DATE('2007-05-15', 'YYYY-MM-DD'), TO_DATE('2007-05-01', 'YYYY-MM-DD'), 100);
$P0> INSERT INTO T2 VALUES (TO_DATE('2007-05-30', 'YYYY-MM-DD'), TO_DATE('2007-05-01', 'YYYY-MM-DD'), 100);
$P0> INSERT INTO T2 VALUES (TO_DATE('2007-06-01', 'YYYY-MM-DD'), TO_DATE('2007-05-01', 'YYYY-MM-DD'), 100);
$P0> INSERT INTO T2 VALUES (TO_DATE('2007-06-15', 'YYYY-MM-DD'), TO_DATE('2007-05-01', 'YYYY-MM-DD'), 100);
$P0> INSERT INTO T2 VALUES (TO_DATE('2007-06-30', 'YYYY-MM-DD'), TO_DATE('2007-05-01', 'YYYY-MM-DD'), 100);
$P0> INSERT INTO T2 VALUES (TO_DATE('2007-07-01', 'YYYY-MM-DD'), TO_DATE('2007-05-01', 'YYYY-MM-DD'), 100);
$P0> INSERT INTO T2 VALUES (TO_DATE('2007-07-15', 'YYYY-MM-DD'), TO_DATE('2007-05-01', 'YYYY-MM-DD'), 100);
$P0> INSERT INTO T2 VALUES (TO_DATE('2007-07-30', 'YYYY-MM-DD'), TO_DATE('2007-05-01', 'YYYY-MM-DD'), 100);
$P0> INSERT INTO T2 VALUES (TO_DATE('2007-08-01', 'YYYY-MM-DD'), TO_DATE('2007-05-01', 'YYYY-MM-DD'), 100);
$P0> INSERT INTO T2 VALUES (TO_DATE('2007-08-15', 'YYYY-MM-DD'), TO_DATE('2007-05-01', 'YYYY-MM-DD'), 100);
$P0> INSERT INTO T2 VALUES (TO_DATE('2007-08-30', 'YYYY-MM-DD'), TO_DATE('2007-05-01', 'YYYY-MM-DD'), 100);

$P0> CREATE INDEX IDX1 ON T2(I1, I3);
$P0> CREATE INDEX IDX2 ON T2(I3, I1, I2);
$P0> CREATE INDEX IDX3 ON T2(I2, I3);
$P0> CREATE INDEX IDX4 ON T2(I1) LOCAL
     (
         PARTITION P1_IDX1 ON P1 TABLESPACE PDT_TBS2,
         PARTITION P2_IDX1 ON P2 TABLESPACE PDT_TBS3,
         PARTITION P3_IDX1 ON P3 TABLESPACE PDT_TBS4,
         PARTITION P4_IDX1 ON P4 TABLESPACE PDT_TBS5
     );
--+SKIP END; 
# ==> [Schema_List_Date.sql] END <=

-- should be fail
$P0> ALTER TABLE T1 
     SPLIT PARTITION P1 VALUES (TO_DATE('2007-07-01', 'YYYY-MM-DD')) INTO
     ( 
         PARTITION P1_1,
         PARTITION P1_2
     );
[ERR-3126E : Split condition value does not exist for the partition to be split]

-- should be fail
$P0> ALTER TABLE T1 
     SPLIT PARTITION P1 VALUES (TO_DATE('2007-05-01', 'YYYY-MM-DD'), TO_DATE('2007-05-01', 'YYYY-MM-DD')) INTO
     ( 
         PARTITION P1_1,
         PARTITION P1_2
     );
[ERR-3127C : Duplicate split condition value]

-- should be fail
$P0> ALTER TABLE T1 
     SPLIT PARTITION P1 VALUES (TO_DATE('2007-05-15', 'YYYY-MM-DD'), TO_DATE('2007-05-30', 'YYYY-MM-DD'), TO_DATE('2007-05-01', 'YYYY-MM-DD')) INTO
     ( 
         PARTITION P1_1,
         PARTITION P1_2
     );
[ERR-3126B : Too many split condition values]

-- should be fail
$P0> ALTER TABLE T1 
     SPLIT PARTITION P2 VALUES (TO_DATE('2007-05-01', 'YYYY-MM-DD')) INTO
     ( 
         PARTITION P2_1,
         PARTITION P2_2
     );
[ERR-3126E : Split condition value does not exist for the partition to be split]

-- should be success
$P0> ALTER TABLE T1 
     SPLIT PARTITION P3 VALUES (TO_DATE('2007-07-01', 'YYYY-MM-DD')) INTO
     ( 
         PARTITION P3_1,
         PARTITION P3_2
     );
Alter success.

-- should be fail
$P0> ALTER TABLE T1 
     SPLIT PARTITION P2 VALUES (TO_DATE('2007-05-15', 'YYYY-MM-DD'), NULL) INTO
     ( 
         PARTITION P2_1,
         PARTITION P2_2
     );
[ERR-3126E : Split condition value does not exist for the partition to be split]


-- should be fail
$P0> ALTER TABLE T2 
     SPLIT PARTITION P1 VALUES (TO_DATE('2007-05-01', 'YYYY-MM-DD'), TO_DATE('2007-05-01', 'YYYY-MM-DD')) INTO
     ( 
         PARTITION P1_1,
         PARTITION P1_2
     );
[ERR-3127C : Duplicate split condition value]

-- should be fail
$P0> ALTER TABLE T2 
     SPLIT PARTITION P2 VALUES (TO_DATE('2007-06-01', 'YYYY-MM-DD'), TO_DATE('2007-07-01', 'YYYY-MM-DD')) INTO
     ( 
         PARTITION P2_1,
         PARTITION P2_2
     );
[ERR-3126E : Split condition value does not exist for the partition to be split]

-- should be success
$P0> ALTER TABLE T2 
     SPLIT PARTITION P3 VALUES (TO_DATE('2007-07-30', 'YYYY-MM-DD'), TO_DATE('2007-07-01', 'YYYY-MM-DD')) INTO
     ( 
         PARTITION P3_1,
         PARTITION P3_2
     );
Alter success.

-- should be success
$P0> ALTER TABLE T2 
     SPLIT PARTITION P2 VALUES (TO_DATE('2007-06-01', 'YYYY-MM-DD'), NULL) INTO
     ( 
         PARTITION P2_1,
         PARTITION P2_2
     );
Alter success.

-- should be fail
$P0> ALTER TABLE T2 
     SPLIT PARTITION P4 VALUES (NULL) INTO
     ( 
         PARTITION P4_1,
         PARTITION P4_2
     );
[ERR-3126F : Split condition value already exists in another partition]

-- should be fail
$P0> ALTER TABLE T2 
     SPLIT PARTITION P4 VALUES (TO_DATE('2007-07-01', 'YYYY-MM-DD'), NULL) INTO
     ( 
         PARTITION P4_1,
         PARTITION P4_2
     );
[ERR-3126F : Split condition value already exists in another partition]



--###################################################################
--+SECTOR 11; DstPart1, DstPart2 이름 체크
--###################################################################
--##############################
--+SECTOR 12; Left In-place
--##############################
# ==> [Schema_List_Date.sql] BEGIN <=
--+SKIP BEGIN; 
$P0> DROP TABLE T1;
$P0> DROP TABLE T2;

$P0> CREATE TABLE T1( I1 DATE, I2 DATE, I3 INTEGER )
     PARTITION BY LIST (I1)
     (
         PARTITION P1 VALUES ( TO_DATE('2007-05-01', 'YYYY-MM-DD'), TO_DATE('2007-05-15', 'YYYY-MM-DD'), TO_DATE('2007-05-30', 'YYYY-MM-DD') ),
         PARTITION P2 VALUES ( TO_DATE('2007-06-01', 'YYYY-MM-DD'), TO_DATE('2007-06-15', 'YYYY-MM-DD'), TO_DATE('2007-06-30', 'YYYY-MM-DD'), NULL ),
         PARTITION P3 VALUES ( TO_DATE('2007-07-01', 'YYYY-MM-DD'), TO_DATE('2007-07-15', 'YYYY-MM-DD'), TO_DATE('2007-07-30', 'YYYY-MM-DD') ),
         PARTITION P4 VALUES DEFAULT
     ) TABLESPACE PDT_TBS;

$P0> INSERT INTO T1 VALUES (NULL, TO_DATE('2007-05-01', 'YYYY-MM-DD'), 100);
$P0> INSERT INTO T1 VALUES (TO_DATE('2007-05-01', 'YYYY-MM-DD'), TO_DATE('2007-05-01', 'YYYY-MM-DD'), 100);
$P0> INSERT INTO T1 VALUES (TO_DATE('2007-05-15', 'YYYY-MM-DD'), TO_DATE('2007-05-01', 'YYYY-MM-DD'), 100);
$P0> INSERT INTO T1 VALUES (TO_DATE('2007-05-30', 'YYYY-MM-DD'), TO_DATE('2007-05-01', 'YYYY-MM-DD'), 100);
$P0> INSERT INTO T1 VALUES (TO_DATE('2007-06-01', 'YYYY-MM-DD'), TO_DATE('2007-05-01', 'YYYY-MM-DD'), 100);
$P0> INSERT INTO T1 VALUES (TO_DATE('2007-06-15', 'YYYY-MM-DD'), TO_DATE('2007-05-01', 'YYYY-MM-DD'), 100);
$P0> INSERT INTO T1 VALUES (TO_DATE('2007-06-30', 'YYYY-MM-DD'), TO_DATE('2007-05-01', 'YYYY-MM-DD'), 100);
$P0> INSERT INTO T1 VALUES (TO_DATE('2007-07-01', 'YYYY-MM-DD'), TO_DATE('2007-05-01', 'YYYY-MM-DD'), 100);
$P0> INSERT INTO T1 VALUES (TO_DATE('2007-07-15', 'YYYY-MM-DD'), TO_DATE('2007-05-01', 'YYYY-MM-DD'), 100);
$P0> INSERT INTO T1 VALUES (TO_DATE('2007-07-30', 'YYYY-MM-DD'), TO_DATE('2007-05-01', 'YYYY-MM-DD'), 100);
$P0> INSERT INTO T1 VALUES (TO_DATE('2007-08-01', 'YYYY-MM-DD'), TO_DATE('2007-05-01', 'YYYY-MM-DD'), 100);
$P0> INSERT INTO T1 VALUES (TO_DATE('2007-08-15', 'YYYY-MM-DD'), TO_DATE('2007-05-01', 'YYYY-MM-DD'), 100);
$P0> INSERT INTO T1 VALUES (TO_DATE('2007-08-30', 'YYYY-MM-DD'), TO_DATE('2007-05-01', 'YYYY-MM-DD'), 100);


$P0> CREATE TABLE T2( I1 DATE, I2 DATE, I3 INTEGER )
     PARTITION BY LIST (I1)
     (
         PARTITION P1 VALUES ( TO_DATE('2007-05-01', 'YYYY-MM-DD'), TO_DATE('2007-05-15', 'YYYY-MM-DD'), TO_DATE('2007-05-30', 'YYYY-MM-DD') ) TABLESPACE PDT_TBS2,
         PARTITION P2 VALUES ( TO_DATE('2007-06-01', 'YYYY-MM-DD'), TO_DATE('2007-06-15', 'YYYY-MM-DD'), TO_DATE('2007-06-30', 'YYYY-MM-DD'), NULL ) TABLESPACE PDT_TBS3,
         PARTITION P3 VALUES ( TO_DATE('2007-07-01', 'YYYY-MM-DD'), TO_DATE('2007-07-15', 'YYYY-MM-DD'), TO_DATE('2007-07-30', 'YYYY-MM-DD') ),
         PARTITION P4 VALUES DEFAULT
     ) TABLESPACE PDT_TBS;

$P0> INSERT INTO T2 VALUES (NULL, TO_DATE('2007-05-01', 'YYYY-MM-DD'), 100);
$P0> INSERT INTO T2 VALUES (TO_DATE('2007-05-01', 'YYYY-MM-DD'), TO_DATE('2007-05-01', 'YYYY-MM-DD'), 100);
$P0> INSERT INTO T2 VALUES (TO_DATE('2007-05-15', 'YYYY-MM-DD'), TO_DATE('2007-05-01', 'YYYY-MM-DD'), 100);
$P0> INSERT INTO T2 VALUES (TO_DATE('2007-05-30', 'YYYY-MM-DD'), TO_DATE('2007-05-01', 'YYYY-MM-DD'), 100);
$P0> INSERT INTO T2 VALUES (TO_DATE('2007-06-01', 'YYYY-MM-DD'), TO_DATE('2007-05-01', 'YYYY-MM-DD'), 100);
$P0> INSERT INTO T2 VALUES (TO_DATE('2007-06-15', 'YYYY-MM-DD'), TO_DATE('2007-05-01', 'YYYY-MM-DD'), 100);
$P0> INSERT INTO T2 VALUES (TO_DATE('2007-06-30', 'YYYY-MM-DD'), TO_DATE('2007-05-01', 'YYYY-MM-DD'), 100);
$P0> INSERT INTO T2 VALUES (TO_DATE('2007-07-01', 'YYYY-MM-DD'), TO_DATE('2007-05-01', 'YYYY-MM-DD'), 100);
$P0> INSERT INTO T2 VALUES (TO_DATE('2007-07-15', 'YYYY-MM-DD'), TO_DATE('2007-05-01', 'YYYY-MM-DD'), 100);
$P0> INSERT INTO T2 VALUES (TO_DATE('2007-07-30', 'YYYY-MM-DD'), TO_DATE('2007-05-01', 'YYYY-MM-DD'), 100);
$P0> INSERT INTO T2 VALUES (TO_DATE('2007-08-01', 'YYYY-MM-DD'), TO_DATE('2007-05-01', 'YYYY-MM-DD'), 100);
$P0> INSERT INTO T2 VALUES (TO_DATE('2007-08-15', 'YYYY-MM-DD'), TO_DATE('2007-05-01', 'YYYY-MM-DD'), 100);
$P0> INSERT INTO T2 VALUES (TO_DATE('2007-08-30', 'YYYY-MM-DD'), TO_DATE('2007-05-01', 'YYYY-MM-DD'), 100);

$P0> CREATE INDEX IDX1 ON T2(I1, I3);
$P0> CREATE INDEX IDX2 ON T2(I3, I1, I2);
$P0> CREATE INDEX IDX3 ON T2(I2, I3);
$P0> CREATE INDEX IDX4 ON T2(I1) LOCAL
     (
         PARTITION P1_IDX1 ON P1 TABLESPACE PDT_TBS2,
         PARTITION P2_IDX1 ON P2 TABLESPACE PDT_TBS3,
         PARTITION P3_IDX1 ON P3 TABLESPACE PDT_TBS4,
         PARTITION P4_IDX1 ON P4 TABLESPACE PDT_TBS5
     );
--+SKIP END; 
# ==> [Schema_List_Date.sql] END <=

-- should be fail
$P0> ALTER TABLE T1 
     SPLIT PARTITION P1 VALUES (TO_DATE('2007-05-01', 'YYYY-MM-DD')) INTO
     ( 
         PARTITION P1,
         PARTITION P1
     );
[ERR-3125D : Duplicate partition name 
0005 :          PARTITION P1
                         ^ ^
]

-- should be fail
$P0> ALTER TABLE T1 
     SPLIT PARTITION P1 VALUES (TO_DATE('2007-05-01', 'YYYY-MM-DD')) INTO
     ( 
         PARTITION P1,
         PARTITION P1 TABLESPACE PDT_TBS2
     );
[ERR-3125D : Duplicate partition name 
0005 :          PARTITION P1 TABLESPACE PDT_TBS2
                         ^ ^
]

-- should be fail
$P0> ALTER TABLE T1 
     SPLIT PARTITION P1 VALUES (TO_DATE('2007-05-01', 'YYYY-MM-DD')) INTO
     ( 
         PARTITION P1,
         PARTITION P3
     );
[ERR-31270 : The partition name is already used by the partitioned table 
0005 :          PARTITION P3
                         ^ ^
]

-- should be fail
$P0> ALTER TABLE T1 
     SPLIT PARTITION P1 VALUES (TO_DATE('2007-05-01', 'YYYY-MM-DD')) INTO
     ( 
         PARTITION P1,
         PARTITION P3 TABLESPACE PDT_TBS2
     );
[ERR-31270 : The partition name is already used by the partitioned table 
0005 :          PARTITION P3 TABLESPACE PDT_TBS2
                         ^ ^
]


--##############################
--+SECTOR 13; Right In-place
--##############################
-- should be fail
$P0> ALTER TABLE T1 
     SPLIT PARTITION P1 VALUES (TO_DATE('2007-05-01', 'YYYY-MM-DD')) INTO
     ( 
         PARTITION P1,
         PARTITION P1
     );
[ERR-3125D : Duplicate partition name 
0005 :          PARTITION P1
                         ^ ^
]

-- should be fail
$P0> ALTER TABLE T1 
     SPLIT PARTITION P1 VALUES (TO_DATE('2007-05-01', 'YYYY-MM-DD')) INTO
     ( 
         PARTITION P1 TABLESPACE PDT_TBS2,
         PARTITION P1
     );
[ERR-3125D : Duplicate partition name 
0005 :          PARTITION P1
                         ^ ^
]

-- should be fail
$P0> ALTER TABLE T1 
     SPLIT PARTITION P1 VALUES (TO_DATE('2007-05-01', 'YYYY-MM-DD')) INTO
     ( 
         PARTITION P3,
         PARTITION P1
     );
[ERR-31270 : The partition name is already used by the partitioned table 
0004 :          PARTITION P3,
                         ^ ^
]

-- should be fail
$P0> ALTER TABLE T1 
     SPLIT PARTITION P1 VALUES (TO_DATE('2007-05-01', 'YYYY-MM-DD')) INTO
     ( 
         PARTITION P3 TABLESPACE PDT_TBS2,
         PARTITION P1
     );
[ERR-31270 : The partition name is already used by the partitioned table 
0004 :          PARTITION P3 TABLESPACE PDT_TBS2,
                         ^ ^
]


--##############################
--+SECTOR 14; Out-place
--##############################
-- should be fail
$P0> ALTER TABLE T1 
     SPLIT PARTITION P1 VALUES (TO_DATE('2007-05-01', 'YYYY-MM-DD')) INTO
     ( 
         PARTITION P1 TABLESPACE PDT_TBS2,
         PARTITION P1 TABLESPACE PDT_TBS3
     );
[ERR-3125D : Duplicate partition name 
0005 :          PARTITION P1 TABLESPACE PDT_TBS3
                         ^ ^
]

-- should be fail
$P0> ALTER TABLE T1 
     SPLIT PARTITION P1 VALUES (TO_DATE('2007-05-01', 'YYYY-MM-DD')) INTO
     ( 
         PARTITION P3,
         PARTITION P1 TABLESPACE PDT_TBS2
     );
[ERR-31270 : The partition name is already used by the partitioned table 
0004 :          PARTITION P3,
                         ^ ^
]

-- should be fail
$P0> ALTER TABLE T1 
     SPLIT PARTITION P1 VALUES (TO_DATE('2007-05-01', 'YYYY-MM-DD')) INTO
     ( 
         PARTITION P1 TABLESPACE PDT_TBS2,
         PARTITION P3
     );
[ERR-31270 : The partition name is already used by the partitioned table 
0005 :          PARTITION P3
                         ^ ^
]

-- should be fail
$P0> ALTER TABLE T1 
     SPLIT PARTITION P1 VALUES (TO_DATE('2007-05-01', 'YYYY-MM-DD')) INTO
     ( 
         PARTITION P1 TABLESPACE PDT_TBS2,
         PARTITION P3 TABLESPACE PDT_TBS3
     );
[ERR-31270 : The partition name is already used by the partitioned table 
0005 :          PARTITION P3 TABLESPACE PDT_TBS3
                         ^ ^
]

-- should be fail
$P0> ALTER TABLE T1 
     SPLIT PARTITION P1 VALUES (TO_DATE('2007-05-01', 'YYYY-MM-DD')) INTO
     ( 
         PARTITION P3,
         PARTITION P3
     );
[ERR-3125D : Duplicate partition name 
0005 :          PARTITION P3
                         ^ ^
]

-- should be fail
$P0> ALTER TABLE T1 
     SPLIT PARTITION P1 VALUES (TO_DATE('2007-05-01', 'YYYY-MM-DD')) INTO
     ( 
         PARTITION P3,
         PARTITION P3 TABLESPACE PDT_TBS2
     );
[ERR-3125D : Duplicate partition name 
0005 :          PARTITION P3 TABLESPACE PDT_TBS2
                         ^ ^
]



--###################################################################
--+SECTOR 15; SrcPart의 타입에 따른 분할
--###################################################################

--##############################
--+SECTOR 16; 기본 파티션이 아닌 파티션
--##############################
--##############
--# Left In-place 
--##############
# ==> [Schema_List_Date.sql] BEGIN <=
--+SKIP BEGIN; 
$P0> DROP TABLE T1;
$P0> DROP TABLE T2;

$P0> CREATE TABLE T1( I1 DATE, I2 DATE, I3 INTEGER )
     PARTITION BY LIST (I1)
     (
         PARTITION P1 VALUES ( TO_DATE('2007-05-01', 'YYYY-MM-DD'), TO_DATE('2007-05-15', 'YYYY-MM-DD'), TO_DATE('2007-05-30', 'YYYY-MM-DD') ),
         PARTITION P2 VALUES ( TO_DATE('2007-06-01', 'YYYY-MM-DD'), TO_DATE('2007-06-15', 'YYYY-MM-DD'), TO_DATE('2007-06-30', 'YYYY-MM-DD'), NULL ),
         PARTITION P3 VALUES ( TO_DATE('2007-07-01', 'YYYY-MM-DD'), TO_DATE('2007-07-15', 'YYYY-MM-DD'), TO_DATE('2007-07-30', 'YYYY-MM-DD') ),
         PARTITION P4 VALUES DEFAULT
     ) TABLESPACE PDT_TBS;

$P0> INSERT INTO T1 VALUES (NULL, TO_DATE('2007-05-01', 'YYYY-MM-DD'), 100);
$P0> INSERT INTO T1 VALUES (TO_DATE('2007-05-01', 'YYYY-MM-DD'), TO_DATE('2007-05-01', 'YYYY-MM-DD'), 100);
$P0> INSERT INTO T1 VALUES (TO_DATE('2007-05-15', 'YYYY-MM-DD'), TO_DATE('2007-05-01', 'YYYY-MM-DD'), 100);
$P0> INSERT INTO T1 VALUES (TO_DATE('2007-05-30', 'YYYY-MM-DD'), TO_DATE('2007-05-01', 'YYYY-MM-DD'), 100);
$P0> INSERT INTO T1 VALUES (TO_DATE('2007-06-01', 'YYYY-MM-DD'), TO_DATE('2007-05-01', 'YYYY-MM-DD'), 100);
$P0> INSERT INTO T1 VALUES (TO_DATE('2007-06-15', 'YYYY-MM-DD'), TO_DATE('2007-05-01', 'YYYY-MM-DD'), 100);
$P0> INSERT INTO T1 VALUES (TO_DATE('2007-06-30', 'YYYY-MM-DD'), TO_DATE('2007-05-01', 'YYYY-MM-DD'), 100);
$P0> INSERT INTO T1 VALUES (TO_DATE('2007-07-01', 'YYYY-MM-DD'), TO_DATE('2007-05-01', 'YYYY-MM-DD'), 100);
$P0> INSERT INTO T1 VALUES (TO_DATE('2007-07-15', 'YYYY-MM-DD'), TO_DATE('2007-05-01', 'YYYY-MM-DD'), 100);
$P0> INSERT INTO T1 VALUES (TO_DATE('2007-07-30', 'YYYY-MM-DD'), TO_DATE('2007-05-01', 'YYYY-MM-DD'), 100);
$P0> INSERT INTO T1 VALUES (TO_DATE('2007-08-01', 'YYYY-MM-DD'), TO_DATE('2007-05-01', 'YYYY-MM-DD'), 100);
$P0> INSERT INTO T1 VALUES (TO_DATE('2007-08-15', 'YYYY-MM-DD'), TO_DATE('2007-05-01', 'YYYY-MM-DD'), 100);
$P0> INSERT INTO T1 VALUES (TO_DATE('2007-08-30', 'YYYY-MM-DD'), TO_DATE('2007-05-01', 'YYYY-MM-DD'), 100);


$P0> CREATE TABLE T2( I1 DATE, I2 DATE, I3 INTEGER )
     PARTITION BY LIST (I1)
     (
         PARTITION P1 VALUES ( TO_DATE('2007-05-01', 'YYYY-MM-DD'), TO_DATE('2007-05-15', 'YYYY-MM-DD'), TO_DATE('2007-05-30', 'YYYY-MM-DD') ) TABLESPACE PDT_TBS2,
         PARTITION P2 VALUES ( TO_DATE('2007-06-01', 'YYYY-MM-DD'), TO_DATE('2007-06-15', 'YYYY-MM-DD'), TO_DATE('2007-06-30', 'YYYY-MM-DD'), NULL ) TABLESPACE PDT_TBS3,
         PARTITION P3 VALUES ( TO_DATE('2007-07-01', 'YYYY-MM-DD'), TO_DATE('2007-07-15', 'YYYY-MM-DD'), TO_DATE('2007-07-30', 'YYYY-MM-DD') ),
         PARTITION P4 VALUES DEFAULT
     ) TABLESPACE PDT_TBS;

$P0> INSERT INTO T2 VALUES (NULL, TO_DATE('2007-05-01', 'YYYY-MM-DD'), 100);
$P0> INSERT INTO T2 VALUES (TO_DATE('2007-05-01', 'YYYY-MM-DD'), TO_DATE('2007-05-01', 'YYYY-MM-DD'), 100);
$P0> INSERT INTO T2 VALUES (TO_DATE('2007-05-15', 'YYYY-MM-DD'), TO_DATE('2007-05-01', 'YYYY-MM-DD'), 100);
$P0> INSERT INTO T2 VALUES (TO_DATE('2007-05-30', 'YYYY-MM-DD'), TO_DATE('2007-05-01', 'YYYY-MM-DD'), 100);
$P0> INSERT INTO T2 VALUES (TO_DATE('2007-06-01', 'YYYY-MM-DD'), TO_DATE('2007-05-01', 'YYYY-MM-DD'), 100);
$P0> INSERT INTO T2 VALUES (TO_DATE('2007-06-15', 'YYYY-MM-DD'), TO_DATE('2007-05-01', 'YYYY-MM-DD'), 100);
$P0> INSERT INTO T2 VALUES (TO_DATE('2007-06-30', 'YYYY-MM-DD'), TO_DATE('2007-05-01', 'YYYY-MM-DD'), 100);
$P0> INSERT INTO T2 VALUES (TO_DATE('2007-07-01', 'YYYY-MM-DD'), TO_DATE('2007-05-01', 'YYYY-MM-DD'), 100);
$P0> INSERT INTO T2 VALUES (TO_DATE('2007-07-15', 'YYYY-MM-DD'), TO_DATE('2007-05-01', 'YYYY-MM-DD'), 100);
$P0> INSERT INTO T2 VALUES (TO_DATE('2007-07-30', 'YYYY-MM-DD'), TO_DATE('2007-05-01', 'YYYY-MM-DD'), 100);
$P0> INSERT INTO T2 VALUES (TO_DATE('2007-08-01', 'YYYY-MM-DD'), TO_DATE('2007-05-01', 'YYYY-MM-DD'), 100);
$P0> INSERT INTO T2 VALUES (TO_DATE('2007-08-15', 'YYYY-MM-DD'), TO_DATE('2007-05-01', 'YYYY-MM-DD'), 100);
$P0> INSERT INTO T2 VALUES (TO_DATE('2007-08-30', 'YYYY-MM-DD'), TO_DATE('2007-05-01', 'YYYY-MM-DD'), 100);

$P0> CREATE INDEX IDX1 ON T2(I1, I3);
$P0> CREATE INDEX IDX2 ON T2(I3, I1, I2);
$P0> CREATE INDEX IDX3 ON T2(I2, I3);
$P0> CREATE INDEX IDX4 ON T2(I1) LOCAL
     (
         PARTITION P1_IDX1 ON P1 TABLESPACE PDT_TBS2,
         PARTITION P2_IDX1 ON P2 TABLESPACE PDT_TBS3,
         PARTITION P3_IDX1 ON P3 TABLESPACE PDT_TBS4,
         PARTITION P4_IDX1 ON P4 TABLESPACE PDT_TBS5
     );
--+SKIP END; 
# ==> [Schema_List_Date.sql] END <=
$P0> ALTER TABLE T1 
     SPLIT PARTITION P2 VALUES (TO_DATE('2007-06-15', 'YYYY-MM-DD')) INTO
     ( 
         PARTITION P2,
         PARTITION P2_1
     );
Alter success.

-- Result: 
-- P1,   {(2007-05-01), (2007-05-15), (2007-05-30)}
-- P2,   {(2007-06-15)}
-- P2_1, {(2007-06-01), (2007-06-30), NULL}
-- P3,   {(2007-07-01), (2007-07-15), (2007-07-30)}
-- P4,   {}
$P0> SELECT PART.PARTITION_NAME, PART.PARTITION_MIN_VALUE
     FROM SYSTEM_.SYS_TABLE_PARTITIONS_ PART,
          SYSTEM_.SYS_TABLES_ TAB
     WHERE TAB.TABLE_ID = PART.TABLE_ID AND
           TAB.TABLE_NAME='T1'
     ORDER BY PART.PARTITION_NAME;
PARTITION_NAME                            
--------------------------------------------
PARTITION_MIN_VALUE                                                                                                                                                                                                                                                                                                                                                                                                                                                                                                                                                                                                                                                                                                                                                                                                                                                                                                                                                                                                                                                                                                                                                                                                                                                                                                                                                                                                                                                                                                                                                                                                                                                                                                                                                                                                                                                                                                                                                                                                                                                                                                                                                                                                                                                                                                                                                                                                                                                                                                                                                                                                                                                                                                                                                                                                                                                                                                                                                                                                                                                                                                                                                                                                                                                                                                                                                                                                                                                                                                                                                                                                                                                                                                                                                                                                                                                                                                                                                                                                                                                                                                                                               
--------------------------------------------------------------------------------------------------------------------------------------------------------------------------------------------------------------------------------------------------------------------------------------------------------------------------------------------------------------------------------------------------------------------------------------------------------------------------------------------------------------------------------------------------------------------------------------------------------------------------------------------------------------------------------------------------------------------------------------------------------------------------------------------------------------------------------------------------------------------------------------------------------------------------------------------------------------------------------------------------------------------------------------------------------------------------------------------------------------------------------------------------------------------------------------------------------------------------------------------------------------------------------------------------------------------------------------------------------------------------------------------------------------------------------------------------------------------------------------------------------------------------------------------------------------------------------------------------------------------------------------------------------------------------------------------------------------------------------------------------------------------------------------------------------------------------------------------------------------------------------------------------------------------------------------------------------------------------------------------------------------------------------------------------------------------------------------------------------------------------------------------------------------------------------------------------------------------------------------------------------------------------------------------------------------------------------------------------------------------------------------------------------------------------------------------------------------------------------------------------------------------------------------------------------------------------------------------------------------------------------------------------------------------------------------------------------------------------------------------------------------------------------------------------------------------------------------------------------------------------------------------------------------------------------------------------------------------------------------------------------------------------------------------------------------------------------------------------------------------------------------------------------------------------------------------------------------------------------------------------------------------------------------------------------------------------------------------------------------------------------------------------------------------------------------------------------------------------------------------------------------------------------------------------------------------------------------------------------------------------------------------------------------------------------------------------------------------------------------------------------------------------------------------------------------------------------------------------------------------------------------------------------------------------------------------------------------------------------------------------------------------------------------------------------------------------------------------------------------------------------------------------------------------
P1                                        
TO_DATE('2007-05-01', 'YYYY-MM-DD'), TO_DATE('2007-05-15', 'YYYY-MM-DD'), TO_DATE('2007-05-30', 'YYYY-MM-DD')                                                                                                                                                                                                                                                                                                                                                                                                                                                                                                                                                                                                                                                                                                                                                                                                                                                                                                                                                                                                                                                                                                                                                                                                                                                                                                                                                                                                                                                                                                                                                                                                                                                                                                                                                                                                                                                                                                                                                                                                                                                                                                                                                                                                                                                                                                                                                                                                                                                                                                                                                                                                                                                                                                                                                                                                                                                                                                                                                                                                                                                                                                                                                                                                                                                                                                                                                                                                                                                                                                                                                                                                                                                                                                                                                                                                                                                                                                                                                                                                                                                     
P2                                        
TO_DATE('2007-06-15', 'YYYY-MM-DD')                                                                                                                                                                                                                                                                                                                                                                                                                                                                                                                                                                                                                                                                                                                                                                                                                                                                                                                                                                                                                                                                                                                                                                                                                                                                                                                                                                                                                                                                                                                                                                                                                                                                                                                                                                                                                                                                                                                                                                                                                                                                                                                                                                                                                                                                                                                                                                                                                                                                                                                                                                                                                                                                                                                                                                                                                                                                                                                                                                                                                                                                                                                                                                                                                                                                                                                                                                                                                                                                                                                                                                                                                                                                                                                                                                                                                                                                                                                                                                                                                                                                                                                               
P2_1                                      
TO_DATE('2007-06-01', 'YYYY-MM-DD'),TO_DATE('2007-06-30', 'YYYY-MM-DD'),NULL                                                                                                                                                                                                                                                                                                                                                                                                                                                                                                                                                                                                                                                                                                                                                                                                                                                                                                                                                                                                                                                                                                                                                                                                                                                                                                                                                                                                                                                                                                                                                                                                                                                                                                                                                                                                                                                                                                                                                                                                                                                                                                                                                                                                                                                                                                                                                                                                                                                                                                                                                                                                                                                                                                                                                                                                                                                                                                                                                                                                                                                                                                                                                                                                                                                                                                                                                                                                                                                                                                                                                                                                                                                                                                                                                                                                                                                                                                                                                                                                                                                                                      
P3                                        
TO_DATE('2007-07-01', 'YYYY-MM-DD'), TO_DATE('2007-07-15', 'YYYY-MM-DD'), TO_DATE('2007-07-30', 'YYYY-MM-DD')                                                                                                                                                                                                                                                                                                                                                                                                                                                                                                                                                                                                                                                                                                                                                                                                                                                                                                                                                                                                                                                                                                                                                                                                                                                                                                                                                                                                                                                                                                                                                                                                                                                                                                                                                                                                                                                                                                                                                                                                                                                                                                                                                                                                                                                                                                                                                                                                                                                                                                                                                                                                                                                                                                                                                                                                                                                                                                                                                                                                                                                                                                                                                                                                                                                                                                                                                                                                                                                                                                                                                                                                                                                                                                                                                                                                                                                                                                                                                                                                                                                     
P4                                        
                                                                                                                                                                                                                                                                                                                                                                                                                                                                                                                                                                                                                                                                                                                                                                                                                                                                                                                                                                                                                                                                                                                                                                                                                                                                                                                                                                                                                                                                                                                                                                                                                                                                                                                                                                                                                                                                                                                                                                                                                                                                                                                                                                                                                                                                                                                                                                                                                                                                                                                                                                                                                                                                                                                                                                                                                                                                                                                                                                                                                                                                                                                                                                                                                                                                                                                                                                                                                                                                                                                                                                                                                                                                                                                                                                                                                                                                                                                                                                                                                                                                                                                                                                  
5 rows selected.

-- result: 3
$P0> SELECT COUNT(*) FROM T1 PARTITION (P1);
COUNT                
-----------------------
3                    
1 row selected.
-- result: 1
$P0> SELECT COUNT(*) FROM T1 PARTITION (P2);
COUNT                
-----------------------
1                    
1 row selected.
-- result: 3
$P0> SELECT COUNT(*) FROM T1 PARTITION (P2_1);
COUNT                
-----------------------
3                    
1 row selected.
-- result: 3
$P0> SELECT COUNT(*) FROM T1 PARTITION (P3);
COUNT                
-----------------------
3                    
1 row selected.
-- result: 3
$P0> SELECT COUNT(*) FROM T1 PARTITION (P4);
COUNT                
-----------------------
3                    
1 row selected.

-- result: 0
$P0> SELECT COUNT(*)
     FROM SYSTEM_.SYS_TABLE_PARTITIONS_ PART,
          SYSTEM_.SYS_TABLES_ TAB
     WHERE TAB.TABLE_ID = PART.TABLE_ID AND
           TAB.TABLE_NAME='T1' AND
           PART.PARTITION_MIN_VALUE <> PART.PARTITION_MAX_VALUE;
COUNT                
-----------------------
0                    
1 row selected.

--##############
--# Right In-place 
--##############
# ==> [Schema_List_Date.sql] BEGIN <=
--+SKIP BEGIN; 
$P0> DROP TABLE T1;
$P0> DROP TABLE T2;

$P0> CREATE TABLE T1( I1 DATE, I2 DATE, I3 INTEGER )
     PARTITION BY LIST (I1)
     (
         PARTITION P1 VALUES ( TO_DATE('2007-05-01', 'YYYY-MM-DD'), TO_DATE('2007-05-15', 'YYYY-MM-DD'), TO_DATE('2007-05-30', 'YYYY-MM-DD') ),
         PARTITION P2 VALUES ( TO_DATE('2007-06-01', 'YYYY-MM-DD'), TO_DATE('2007-06-15', 'YYYY-MM-DD'), TO_DATE('2007-06-30', 'YYYY-MM-DD'), NULL ),
         PARTITION P3 VALUES ( TO_DATE('2007-07-01', 'YYYY-MM-DD'), TO_DATE('2007-07-15', 'YYYY-MM-DD'), TO_DATE('2007-07-30', 'YYYY-MM-DD') ),
         PARTITION P4 VALUES DEFAULT
     ) TABLESPACE PDT_TBS;

$P0> INSERT INTO T1 VALUES (NULL, TO_DATE('2007-05-01', 'YYYY-MM-DD'), 100);
$P0> INSERT INTO T1 VALUES (TO_DATE('2007-05-01', 'YYYY-MM-DD'), TO_DATE('2007-05-01', 'YYYY-MM-DD'), 100);
$P0> INSERT INTO T1 VALUES (TO_DATE('2007-05-15', 'YYYY-MM-DD'), TO_DATE('2007-05-01', 'YYYY-MM-DD'), 100);
$P0> INSERT INTO T1 VALUES (TO_DATE('2007-05-30', 'YYYY-MM-DD'), TO_DATE('2007-05-01', 'YYYY-MM-DD'), 100);
$P0> INSERT INTO T1 VALUES (TO_DATE('2007-06-01', 'YYYY-MM-DD'), TO_DATE('2007-05-01', 'YYYY-MM-DD'), 100);
$P0> INSERT INTO T1 VALUES (TO_DATE('2007-06-15', 'YYYY-MM-DD'), TO_DATE('2007-05-01', 'YYYY-MM-DD'), 100);
$P0> INSERT INTO T1 VALUES (TO_DATE('2007-06-30', 'YYYY-MM-DD'), TO_DATE('2007-05-01', 'YYYY-MM-DD'), 100);
$P0> INSERT INTO T1 VALUES (TO_DATE('2007-07-01', 'YYYY-MM-DD'), TO_DATE('2007-05-01', 'YYYY-MM-DD'), 100);
$P0> INSERT INTO T1 VALUES (TO_DATE('2007-07-15', 'YYYY-MM-DD'), TO_DATE('2007-05-01', 'YYYY-MM-DD'), 100);
$P0> INSERT INTO T1 VALUES (TO_DATE('2007-07-30', 'YYYY-MM-DD'), TO_DATE('2007-05-01', 'YYYY-MM-DD'), 100);
$P0> INSERT INTO T1 VALUES (TO_DATE('2007-08-01', 'YYYY-MM-DD'), TO_DATE('2007-05-01', 'YYYY-MM-DD'), 100);
$P0> INSERT INTO T1 VALUES (TO_DATE('2007-08-15', 'YYYY-MM-DD'), TO_DATE('2007-05-01', 'YYYY-MM-DD'), 100);
$P0> INSERT INTO T1 VALUES (TO_DATE('2007-08-30', 'YYYY-MM-DD'), TO_DATE('2007-05-01', 'YYYY-MM-DD'), 100);


$P0> CREATE TABLE T2( I1 DATE, I2 DATE, I3 INTEGER )
     PARTITION BY LIST (I1)
     (
         PARTITION P1 VALUES ( TO_DATE('2007-05-01', 'YYYY-MM-DD'), TO_DATE('2007-05-15', 'YYYY-MM-DD'), TO_DATE('2007-05-30', 'YYYY-MM-DD') ) TABLESPACE PDT_TBS2,
         PARTITION P2 VALUES ( TO_DATE('2007-06-01', 'YYYY-MM-DD'), TO_DATE('2007-06-15', 'YYYY-MM-DD'), TO_DATE('2007-06-30', 'YYYY-MM-DD'), NULL ) TABLESPACE PDT_TBS3,
         PARTITION P3 VALUES ( TO_DATE('2007-07-01', 'YYYY-MM-DD'), TO_DATE('2007-07-15', 'YYYY-MM-DD'), TO_DATE('2007-07-30', 'YYYY-MM-DD') ),
         PARTITION P4 VALUES DEFAULT
     ) TABLESPACE PDT_TBS;

$P0> INSERT INTO T2 VALUES (NULL, TO_DATE('2007-05-01', 'YYYY-MM-DD'), 100);
$P0> INSERT INTO T2 VALUES (TO_DATE('2007-05-01', 'YYYY-MM-DD'), TO_DATE('2007-05-01', 'YYYY-MM-DD'), 100);
$P0> INSERT INTO T2 VALUES (TO_DATE('2007-05-15', 'YYYY-MM-DD'), TO_DATE('2007-05-01', 'YYYY-MM-DD'), 100);
$P0> INSERT INTO T2 VALUES (TO_DATE('2007-05-30', 'YYYY-MM-DD'), TO_DATE('2007-05-01', 'YYYY-MM-DD'), 100);
$P0> INSERT INTO T2 VALUES (TO_DATE('2007-06-01', 'YYYY-MM-DD'), TO_DATE('2007-05-01', 'YYYY-MM-DD'), 100);
$P0> INSERT INTO T2 VALUES (TO_DATE('2007-06-15', 'YYYY-MM-DD'), TO_DATE('2007-05-01', 'YYYY-MM-DD'), 100);
$P0> INSERT INTO T2 VALUES (TO_DATE('2007-06-30', 'YYYY-MM-DD'), TO_DATE('2007-05-01', 'YYYY-MM-DD'), 100);
$P0> INSERT INTO T2 VALUES (TO_DATE('2007-07-01', 'YYYY-MM-DD'), TO_DATE('2007-05-01', 'YYYY-MM-DD'), 100);
$P0> INSERT INTO T2 VALUES (TO_DATE('2007-07-15', 'YYYY-MM-DD'), TO_DATE('2007-05-01', 'YYYY-MM-DD'), 100);
$P0> INSERT INTO T2 VALUES (TO_DATE('2007-07-30', 'YYYY-MM-DD'), TO_DATE('2007-05-01', 'YYYY-MM-DD'), 100);
$P0> INSERT INTO T2 VALUES (TO_DATE('2007-08-01', 'YYYY-MM-DD'), TO_DATE('2007-05-01', 'YYYY-MM-DD'), 100);
$P0> INSERT INTO T2 VALUES (TO_DATE('2007-08-15', 'YYYY-MM-DD'), TO_DATE('2007-05-01', 'YYYY-MM-DD'), 100);
$P0> INSERT INTO T2 VALUES (TO_DATE('2007-08-30', 'YYYY-MM-DD'), TO_DATE('2007-05-01', 'YYYY-MM-DD'), 100);

$P0> CREATE INDEX IDX1 ON T2(I1, I3);
$P0> CREATE INDEX IDX2 ON T2(I3, I1, I2);
$P0> CREATE INDEX IDX3 ON T2(I2, I3);
$P0> CREATE INDEX IDX4 ON T2(I1) LOCAL
     (
         PARTITION P1_IDX1 ON P1 TABLESPACE PDT_TBS2,
         PARTITION P2_IDX1 ON P2 TABLESPACE PDT_TBS3,
         PARTITION P3_IDX1 ON P3 TABLESPACE PDT_TBS4,
         PARTITION P4_IDX1 ON P4 TABLESPACE PDT_TBS5
     );
--+SKIP END; 
# ==> [Schema_List_Date.sql] END <=
$P0> ALTER TABLE T1 
     SPLIT PARTITION P2 VALUES (TO_DATE('2007-06-15', 'YYYY-MM-DD')) INTO
     ( 
         PARTITION P2_1,
         PARTITION P2
     );
Alter success.

-- Result: 
-- P1,   {(2007-05-01), (2007-05-15), (2007-05-30)}
-- P2,   {(2007-06-01), (2007-06-30), NULL}
-- P2_1, {(2007-06-15)}
-- P3,   {(2007-07-01), (2007-07-15), (2007-07-30)}
-- P4,   {}
$P0> SELECT PART.PARTITION_NAME, PART.PARTITION_MIN_VALUE, PART.PARTITION_MAX_VALUE
     FROM SYSTEM_.SYS_TABLE_PARTITIONS_ PART,
          SYSTEM_.SYS_TABLES_ TAB
     WHERE TAB.TABLE_ID = PART.TABLE_ID AND
           TAB.TABLE_NAME='T1'
     ORDER BY PART.PARTITION_NAME;
PARTITION_NAME                            
--------------------------------------------
PARTITION_MIN_VALUE                                                                                                                                                                                                                                                                                                                                                                                                                                                                                                                                                                                                                                                                                                                                                                                                                                                                                                                                                                                                                                                                                                                                                                                                                                                                                                                                                                                                                                                                                                                                                                                                                                                                                                                                                                                                                                                                                                                                                                                                                                                                                                                                                                                                                                                                                                                                                                                                                                                                                                                                                                                                                                                                                                                                                                                                                                                                                                                                                                                                                                                                                                                                                                                                                                                                                                                                                                                                                                                                                                                                                                                                                                                                                                                                                                                                                                                                                                                                                                                                                                                                                                                                               
--------------------------------------------------------------------------------------------------------------------------------------------------------------------------------------------------------------------------------------------------------------------------------------------------------------------------------------------------------------------------------------------------------------------------------------------------------------------------------------------------------------------------------------------------------------------------------------------------------------------------------------------------------------------------------------------------------------------------------------------------------------------------------------------------------------------------------------------------------------------------------------------------------------------------------------------------------------------------------------------------------------------------------------------------------------------------------------------------------------------------------------------------------------------------------------------------------------------------------------------------------------------------------------------------------------------------------------------------------------------------------------------------------------------------------------------------------------------------------------------------------------------------------------------------------------------------------------------------------------------------------------------------------------------------------------------------------------------------------------------------------------------------------------------------------------------------------------------------------------------------------------------------------------------------------------------------------------------------------------------------------------------------------------------------------------------------------------------------------------------------------------------------------------------------------------------------------------------------------------------------------------------------------------------------------------------------------------------------------------------------------------------------------------------------------------------------------------------------------------------------------------------------------------------------------------------------------------------------------------------------------------------------------------------------------------------------------------------------------------------------------------------------------------------------------------------------------------------------------------------------------------------------------------------------------------------------------------------------------------------------------------------------------------------------------------------------------------------------------------------------------------------------------------------------------------------------------------------------------------------------------------------------------------------------------------------------------------------------------------------------------------------------------------------------------------------------------------------------------------------------------------------------------------------------------------------------------------------------------------------------------------------------------------------------------------------------------------------------------------------------------------------------------------------------------------------------------------------------------------------------------------------------------------------------------------------------------------------------------------------------------------------------------------------------------------------------------------------------------------------------------------------------------------------
PARTITION_MAX_VALUE                                                                                                                                                                                                                                                                                                                                                                                                                                                                                                                                                                                                                                                                                                                                                                                                                                                                                                                                                                                                                                                                                                                                                                                                                                                                                                                                                                                                                                                                                                                                                                                                                                                                                                                                                                                                                                                                                                                                                                                                                                                                                                                                                                                                                                                                                                                                                                                                                                                                                                                                                                                                                                                                                                                                                                                                                                                                                                                                                                                                                                                                                                                                                                                                                                                                                                                                                                                                                                                                                                                                                                                                                                                                                                                                                                                                                                                                                                                                                                                                                                                                                                                                               
--------------------------------------------------------------------------------------------------------------------------------------------------------------------------------------------------------------------------------------------------------------------------------------------------------------------------------------------------------------------------------------------------------------------------------------------------------------------------------------------------------------------------------------------------------------------------------------------------------------------------------------------------------------------------------------------------------------------------------------------------------------------------------------------------------------------------------------------------------------------------------------------------------------------------------------------------------------------------------------------------------------------------------------------------------------------------------------------------------------------------------------------------------------------------------------------------------------------------------------------------------------------------------------------------------------------------------------------------------------------------------------------------------------------------------------------------------------------------------------------------------------------------------------------------------------------------------------------------------------------------------------------------------------------------------------------------------------------------------------------------------------------------------------------------------------------------------------------------------------------------------------------------------------------------------------------------------------------------------------------------------------------------------------------------------------------------------------------------------------------------------------------------------------------------------------------------------------------------------------------------------------------------------------------------------------------------------------------------------------------------------------------------------------------------------------------------------------------------------------------------------------------------------------------------------------------------------------------------------------------------------------------------------------------------------------------------------------------------------------------------------------------------------------------------------------------------------------------------------------------------------------------------------------------------------------------------------------------------------------------------------------------------------------------------------------------------------------------------------------------------------------------------------------------------------------------------------------------------------------------------------------------------------------------------------------------------------------------------------------------------------------------------------------------------------------------------------------------------------------------------------------------------------------------------------------------------------------------------------------------------------------------------------------------------------------------------------------------------------------------------------------------------------------------------------------------------------------------------------------------------------------------------------------------------------------------------------------------------------------------------------------------------------------------------------------------------------------------------------------------------------------------------------------------
P1                                        
TO_DATE('2007-05-01', 'YYYY-MM-DD'), TO_DATE('2007-05-15', 'YYYY-MM-DD'), TO_DATE('2007-05-30', 'YYYY-MM-DD')                                                                                                                                                                                                                                                                                                                                                                                                                                                                                                                                                                                                                                                                                                                                                                                                                                                                                                                                                                                                                                                                                                                                                                                                                                                                                                                                                                                                                                                                                                                                                                                                                                                                                                                                                                                                                                                                                                                                                                                                                                                                                                                                                                                                                                                                                                                                                                                                                                                                                                                                                                                                                                                                                                                                                                                                                                                                                                                                                                                                                                                                                                                                                                                                                                                                                                                                                                                                                                                                                                                                                                                                                                                                                                                                                                                                                                                                                                                                                                                                                                                     
TO_DATE('2007-05-01', 'YYYY-MM-DD'), TO_DATE('2007-05-15', 'YYYY-MM-DD'), TO_DATE('2007-05-30', 'YYYY-MM-DD')                                                                                                                                                                                                                                                                                                                                                                                                                                                                                                                                                                                                                                                                                                                                                                                                                                                                                                                                                                                                                                                                                                                                                                                                                                                                                                                                                                                                                                                                                                                                                                                                                                                                                                                                                                                                                                                                                                                                                                                                                                                                                                                                                                                                                                                                                                                                                                                                                                                                                                                                                                                                                                                                                                                                                                                                                                                                                                                                                                                                                                                                                                                                                                                                                                                                                                                                                                                                                                                                                                                                                                                                                                                                                                                                                                                                                                                                                                                                                                                                                                                     
P2                                        
TO_DATE('2007-06-01', 'YYYY-MM-DD'),TO_DATE('2007-06-30', 'YYYY-MM-DD'),NULL                                                                                                                                                                                                                                                                                                                                                                                                                                                                                                                                                                                                                                                                                                                                                                                                                                                                                                                                                                                                                                                                                                                                                                                                                                                                                                                                                                                                                                                                                                                                                                                                                                                                                                                                                                                                                                                                                                                                                                                                                                                                                                                                                                                                                                                                                                                                                                                                                                                                                                                                                                                                                                                                                                                                                                                                                                                                                                                                                                                                                                                                                                                                                                                                                                                                                                                                                                                                                                                                                                                                                                                                                                                                                                                                                                                                                                                                                                                                                                                                                                                                                      
TO_DATE('2007-06-01', 'YYYY-MM-DD'),TO_DATE('2007-06-30', 'YYYY-MM-DD'),NULL                                                                                                                                                                                                                                                                                                                                                                                                                                                                                                                                                                                                                                                                                                                                                                                                                                                                                                                                                                                                                                                                                                                                                                                                                                                                                                                                                                                                                                                                                                                                                                                                                                                                                                                                                                                                                                                                                                                                                                                                                                                                                                                                                                                                                                                                                                                                                                                                                                                                                                                                                                                                                                                                                                                                                                                                                                                                                                                                                                                                                                                                                                                                                                                                                                                                                                                                                                                                                                                                                                                                                                                                                                                                                                                                                                                                                                                                                                                                                                                                                                                                                      
P2_1                                      
TO_DATE('2007-06-15', 'YYYY-MM-DD')                                                                                                                                                                                                                                                                                                                                                                                                                                                                                                                                                                                                                                                                                                                                                                                                                                                                                                                                                                                                                                                                                                                                                                                                                                                                                                                                                                                                                                                                                                                                                                                                                                                                                                                                                                                                                                                                                                                                                                                                                                                                                                                                                                                                                                                                                                                                                                                                                                                                                                                                                                                                                                                                                                                                                                                                                                                                                                                                                                                                                                                                                                                                                                                                                                                                                                                                                                                                                                                                                                                                                                                                                                                                                                                                                                                                                                                                                                                                                                                                                                                                                                                               
TO_DATE('2007-06-15', 'YYYY-MM-DD')                                                                                                                                                                                                                                                                                                                                                                                                                                                                                                                                                                                                                                                                                                                                                                                                                                                                                                                                                                                                                                                                                                                                                                                                                                                                                                                                                                                                                                                                                                                                                                                                                                                                                                                                                                                                                                                                                                                                                                                                                                                                                                                                                                                                                                                                                                                                                                                                                                                                                                                                                                                                                                                                                                                                                                                                                                                                                                                                                                                                                                                                                                                                                                                                                                                                                                                                                                                                                                                                                                                                                                                                                                                                                                                                                                                                                                                                                                                                                                                                                                                                                                                               
P3                                        
TO_DATE('2007-07-01', 'YYYY-MM-DD'), TO_DATE('2007-07-15', 'YYYY-MM-DD'), TO_DATE('2007-07-30', 'YYYY-MM-DD')                                                                                                                                                                                                                                                                                                                                                                                                                                                                                                                                                                                                                                                                                                                                                                                                                                                                                                                                                                                                                                                                                                                                                                                                                                                                                                                                                                                                                                                                                                                                                                                                                                                                                                                                                                                                                                                                                                                                                                                                                                                                                                                                                                                                                                                                                                                                                                                                                                                                                                                                                                                                                                                                                                                                                                                                                                                                                                                                                                                                                                                                                                                                                                                                                                                                                                                                                                                                                                                                                                                                                                                                                                                                                                                                                                                                                                                                                                                                                                                                                                                     
TO_DATE('2007-07-01', 'YYYY-MM-DD'), TO_DATE('2007-07-15', 'YYYY-MM-DD'), TO_DATE('2007-07-30', 'YYYY-MM-DD')                                                                                                                                                                                                                                                                                                                                                                                                                                                                                                                                                                                                                                                                                                                                                                                                                                                                                                                                                                                                                                                                                                                                                                                                                                                                                                                                                                                                                                                                                                                                                                                                                                                                                                                                                                                                                                                                                                                                                                                                                                                                                                                                                                                                                                                                                                                                                                                                                                                                                                                                                                                                                                                                                                                                                                                                                                                                                                                                                                                                                                                                                                                                                                                                                                                                                                                                                                                                                                                                                                                                                                                                                                                                                                                                                                                                                                                                                                                                                                                                                                                     
P4                                        
                                                                                                                                                                                                                                                                                                                                                                                                                                                                                                                                                                                                                                                                                                                                                                                                                                                                                                                                                                                                                                                                                                                                                                                                                                                                                                                                                                                                                                                                                                                                                                                                                                                                                                                                                                                                                                                                                                                                                                                                                                                                                                                                                                                                                                                                                                                                                                                                                                                                                                                                                                                                                                                                                                                                                                                                                                                                                                                                                                                                                                                                                                                                                                                                                                                                                                                                                                                                                                                                                                                                                                                                                                                                                                                                                                                                                                                                                                                                                                                                                                                                                                                                                                  
                                                                                                                                                                                                                                                                                                                                                                                                                                                                                                                                                                                                                                                                                                                                                                                                                                                                                                                                                                                                                                                                                                                                                                                                                                                                                                                                                                                                                                                                                                                                                                                                                                                                                                                                                                                                                                                                                                                                                                                                                                                                                                                                                                                                                                                                                                                                                                                                                                                                                                                                                                                                                                                                                                                                                                                                                                                                                                                                                                                                                                                                                                                                                                                                                                                                                                                                                                                                                                                                                                                                                                                                                                                                                                                                                                                                                                                                                                                                                                                                                                                                                                                                                                  
5 rows selected.

-- result: 3
$P0> SELECT COUNT(*) FROM T1 PARTITION (P1);
COUNT                
-----------------------
3                    
1 row selected.
-- result: 3
$P0> SELECT COUNT(*) FROM T1 PARTITION (P2);
COUNT                
-----------------------
3                    
1 row selected.
-- result: 1
$P0> SELECT COUNT(*) FROM T1 PARTITION (P2_1);
COUNT                
-----------------------
1                    
1 row selected.
-- result: 3
$P0> SELECT COUNT(*) FROM T1 PARTITION (P3);
COUNT                
-----------------------
3                    
1 row selected.
-- result: 3
$P0> SELECT COUNT(*) FROM T1 PARTITION (P4);
COUNT                
-----------------------
3                    
1 row selected.

-- result: 0
$P0> SELECT COUNT(*)
     FROM SYSTEM_.SYS_TABLE_PARTITIONS_ PART,
          SYSTEM_.SYS_TABLES_ TAB
     WHERE TAB.TABLE_ID = PART.TABLE_ID AND
           TAB.TABLE_NAME='T1' AND
           PART.PARTITION_MIN_VALUE <> PART.PARTITION_MAX_VALUE;
COUNT                
-----------------------
0                    
1 row selected.

--##############
--# Out-place 
--##############
# ==> [Schema_List_Date.sql] BEGIN <=
--+SKIP BEGIN; 
$P0> DROP TABLE T1;
$P0> DROP TABLE T2;

$P0> CREATE TABLE T1( I1 DATE, I2 DATE, I3 INTEGER )
     PARTITION BY LIST (I1)
     (
         PARTITION P1 VALUES ( TO_DATE('2007-05-01', 'YYYY-MM-DD'), TO_DATE('2007-05-15', 'YYYY-MM-DD'), TO_DATE('2007-05-30', 'YYYY-MM-DD') ),
         PARTITION P2 VALUES ( TO_DATE('2007-06-01', 'YYYY-MM-DD'), TO_DATE('2007-06-15', 'YYYY-MM-DD'), TO_DATE('2007-06-30', 'YYYY-MM-DD'), NULL ),
         PARTITION P3 VALUES ( TO_DATE('2007-07-01', 'YYYY-MM-DD'), TO_DATE('2007-07-15', 'YYYY-MM-DD'), TO_DATE('2007-07-30', 'YYYY-MM-DD') ),
         PARTITION P4 VALUES DEFAULT
     ) TABLESPACE PDT_TBS;

$P0> INSERT INTO T1 VALUES (NULL, TO_DATE('2007-05-01', 'YYYY-MM-DD'), 100);
$P0> INSERT INTO T1 VALUES (TO_DATE('2007-05-01', 'YYYY-MM-DD'), TO_DATE('2007-05-01', 'YYYY-MM-DD'), 100);
$P0> INSERT INTO T1 VALUES (TO_DATE('2007-05-15', 'YYYY-MM-DD'), TO_DATE('2007-05-01', 'YYYY-MM-DD'), 100);
$P0> INSERT INTO T1 VALUES (TO_DATE('2007-05-30', 'YYYY-MM-DD'), TO_DATE('2007-05-01', 'YYYY-MM-DD'), 100);
$P0> INSERT INTO T1 VALUES (TO_DATE('2007-06-01', 'YYYY-MM-DD'), TO_DATE('2007-05-01', 'YYYY-MM-DD'), 100);
$P0> INSERT INTO T1 VALUES (TO_DATE('2007-06-15', 'YYYY-MM-DD'), TO_DATE('2007-05-01', 'YYYY-MM-DD'), 100);
$P0> INSERT INTO T1 VALUES (TO_DATE('2007-06-30', 'YYYY-MM-DD'), TO_DATE('2007-05-01', 'YYYY-MM-DD'), 100);
$P0> INSERT INTO T1 VALUES (TO_DATE('2007-07-01', 'YYYY-MM-DD'), TO_DATE('2007-05-01', 'YYYY-MM-DD'), 100);
$P0> INSERT INTO T1 VALUES (TO_DATE('2007-07-15', 'YYYY-MM-DD'), TO_DATE('2007-05-01', 'YYYY-MM-DD'), 100);
$P0> INSERT INTO T1 VALUES (TO_DATE('2007-07-30', 'YYYY-MM-DD'), TO_DATE('2007-05-01', 'YYYY-MM-DD'), 100);
$P0> INSERT INTO T1 VALUES (TO_DATE('2007-08-01', 'YYYY-MM-DD'), TO_DATE('2007-05-01', 'YYYY-MM-DD'), 100);
$P0> INSERT INTO T1 VALUES (TO_DATE('2007-08-15', 'YYYY-MM-DD'), TO_DATE('2007-05-01', 'YYYY-MM-DD'), 100);
$P0> INSERT INTO T1 VALUES (TO_DATE('2007-08-30', 'YYYY-MM-DD'), TO_DATE('2007-05-01', 'YYYY-MM-DD'), 100);


$P0> CREATE TABLE T2( I1 DATE, I2 DATE, I3 INTEGER )
     PARTITION BY LIST (I1)
     (
         PARTITION P1 VALUES ( TO_DATE('2007-05-01', 'YYYY-MM-DD'), TO_DATE('2007-05-15', 'YYYY-MM-DD'), TO_DATE('2007-05-30', 'YYYY-MM-DD') ) TABLESPACE PDT_TBS2,
         PARTITION P2 VALUES ( TO_DATE('2007-06-01', 'YYYY-MM-DD'), TO_DATE('2007-06-15', 'YYYY-MM-DD'), TO_DATE('2007-06-30', 'YYYY-MM-DD'), NULL ) TABLESPACE PDT_TBS3,
         PARTITION P3 VALUES ( TO_DATE('2007-07-01', 'YYYY-MM-DD'), TO_DATE('2007-07-15', 'YYYY-MM-DD'), TO_DATE('2007-07-30', 'YYYY-MM-DD') ),
         PARTITION P4 VALUES DEFAULT
     ) TABLESPACE PDT_TBS;

$P0> INSERT INTO T2 VALUES (NULL, TO_DATE('2007-05-01', 'YYYY-MM-DD'), 100);
$P0> INSERT INTO T2 VALUES (TO_DATE('2007-05-01', 'YYYY-MM-DD'), TO_DATE('2007-05-01', 'YYYY-MM-DD'), 100);
$P0> INSERT INTO T2 VALUES (TO_DATE('2007-05-15', 'YYYY-MM-DD'), TO_DATE('2007-05-01', 'YYYY-MM-DD'), 100);
$P0> INSERT INTO T2 VALUES (TO_DATE('2007-05-30', 'YYYY-MM-DD'), TO_DATE('2007-05-01', 'YYYY-MM-DD'), 100);
$P0> INSERT INTO T2 VALUES (TO_DATE('2007-06-01', 'YYYY-MM-DD'), TO_DATE('2007-05-01', 'YYYY-MM-DD'), 100);
$P0> INSERT INTO T2 VALUES (TO_DATE('2007-06-15', 'YYYY-MM-DD'), TO_DATE('2007-05-01', 'YYYY-MM-DD'), 100);
$P0> INSERT INTO T2 VALUES (TO_DATE('2007-06-30', 'YYYY-MM-DD'), TO_DATE('2007-05-01', 'YYYY-MM-DD'), 100);
$P0> INSERT INTO T2 VALUES (TO_DATE('2007-07-01', 'YYYY-MM-DD'), TO_DATE('2007-05-01', 'YYYY-MM-DD'), 100);
$P0> INSERT INTO T2 VALUES (TO_DATE('2007-07-15', 'YYYY-MM-DD'), TO_DATE('2007-05-01', 'YYYY-MM-DD'), 100);
$P0> INSERT INTO T2 VALUES (TO_DATE('2007-07-30', 'YYYY-MM-DD'), TO_DATE('2007-05-01', 'YYYY-MM-DD'), 100);
$P0> INSERT INTO T2 VALUES (TO_DATE('2007-08-01', 'YYYY-MM-DD'), TO_DATE('2007-05-01', 'YYYY-MM-DD'), 100);
$P0> INSERT INTO T2 VALUES (TO_DATE('2007-08-15', 'YYYY-MM-DD'), TO_DATE('2007-05-01', 'YYYY-MM-DD'), 100);
$P0> INSERT INTO T2 VALUES (TO_DATE('2007-08-30', 'YYYY-MM-DD'), TO_DATE('2007-05-01', 'YYYY-MM-DD'), 100);

$P0> CREATE INDEX IDX1 ON T2(I1, I3);
$P0> CREATE INDEX IDX2 ON T2(I3, I1, I2);
$P0> CREATE INDEX IDX3 ON T2(I2, I3);
$P0> CREATE INDEX IDX4 ON T2(I1) LOCAL
     (
         PARTITION P1_IDX1 ON P1 TABLESPACE PDT_TBS2,
         PARTITION P2_IDX1 ON P2 TABLESPACE PDT_TBS3,
         PARTITION P3_IDX1 ON P3 TABLESPACE PDT_TBS4,
         PARTITION P4_IDX1 ON P4 TABLESPACE PDT_TBS5
     );
--+SKIP END; 
# ==> [Schema_List_Date.sql] END <=
$P0> ALTER TABLE T1 
     SPLIT PARTITION P2 VALUES (TO_DATE('2007-06-15', 'YYYY-MM-DD'), NULL) INTO
     ( 
         PARTITION P2_1,
         PARTITION P2_2
     );
Alter success.

-- Result: 
-- P1,   {(2007-05-01), (2007-05-15), (2007-05-30)}
-- P2_1, {(2007-06-15), NULL}
-- P2_2, {(2007-06-01), (2006-06-30)}
-- P3,   {(2007-07-01), (2007-07-15), (2007-07-30)}
-- P4,   {}
$P0> SELECT PART.PARTITION_NAME, PART.PARTITION_MIN_VALUE, PART.PARTITION_MAX_VALUE
     FROM SYSTEM_.SYS_TABLE_PARTITIONS_ PART,
          SYSTEM_.SYS_TABLES_ TAB
     WHERE TAB.TABLE_ID = PART.TABLE_ID AND
           TAB.TABLE_NAME='T1'
     ORDER BY PART.PARTITION_NAME;
PARTITION_NAME                            
--------------------------------------------
PARTITION_MIN_VALUE                                                                                                                                                                                                                                                                                                                                                                                                                                                                                                                                                                                                                                                                                                                                                                                                                                                                                                                                                                                                                                                                                                                                                                                                                                                                                                                                                                                                                                                                                                                                                                                                                                                                                                                                                                                                                                                                                                                                                                                                                                                                                                                                                                                                                                                                                                                                                                                                                                                                                                                                                                                                                                                                                                                                                                                                                                                                                                                                                                                                                                                                                                                                                                                                                                                                                                                                                                                                                                                                                                                                                                                                                                                                                                                                                                                                                                                                                                                                                                                                                                                                                                                                               
--------------------------------------------------------------------------------------------------------------------------------------------------------------------------------------------------------------------------------------------------------------------------------------------------------------------------------------------------------------------------------------------------------------------------------------------------------------------------------------------------------------------------------------------------------------------------------------------------------------------------------------------------------------------------------------------------------------------------------------------------------------------------------------------------------------------------------------------------------------------------------------------------------------------------------------------------------------------------------------------------------------------------------------------------------------------------------------------------------------------------------------------------------------------------------------------------------------------------------------------------------------------------------------------------------------------------------------------------------------------------------------------------------------------------------------------------------------------------------------------------------------------------------------------------------------------------------------------------------------------------------------------------------------------------------------------------------------------------------------------------------------------------------------------------------------------------------------------------------------------------------------------------------------------------------------------------------------------------------------------------------------------------------------------------------------------------------------------------------------------------------------------------------------------------------------------------------------------------------------------------------------------------------------------------------------------------------------------------------------------------------------------------------------------------------------------------------------------------------------------------------------------------------------------------------------------------------------------------------------------------------------------------------------------------------------------------------------------------------------------------------------------------------------------------------------------------------------------------------------------------------------------------------------------------------------------------------------------------------------------------------------------------------------------------------------------------------------------------------------------------------------------------------------------------------------------------------------------------------------------------------------------------------------------------------------------------------------------------------------------------------------------------------------------------------------------------------------------------------------------------------------------------------------------------------------------------------------------------------------------------------------------------------------------------------------------------------------------------------------------------------------------------------------------------------------------------------------------------------------------------------------------------------------------------------------------------------------------------------------------------------------------------------------------------------------------------------------------------------------------------------------------------------------------
PARTITION_MAX_VALUE                                                                                                                                                                                                                                                                                                                                                                                                                                                                                                                                                                                                                                                                                                                                                                                                                                                                                                                                                                                                                                                                                                                                                                                                                                                                                                                                                                                                                                                                                                                                                                                                                                                                                                                                                                                                                                                                                                                                                                                                                                                                                                                                                                                                                                                                                                                                                                                                                                                                                                                                                                                                                                                                                                                                                                                                                                                                                                                                                                                                                                                                                                                                                                                                                                                                                                                                                                                                                                                                                                                                                                                                                                                                                                                                                                                                                                                                                                                                                                                                                                                                                                                                               
--------------------------------------------------------------------------------------------------------------------------------------------------------------------------------------------------------------------------------------------------------------------------------------------------------------------------------------------------------------------------------------------------------------------------------------------------------------------------------------------------------------------------------------------------------------------------------------------------------------------------------------------------------------------------------------------------------------------------------------------------------------------------------------------------------------------------------------------------------------------------------------------------------------------------------------------------------------------------------------------------------------------------------------------------------------------------------------------------------------------------------------------------------------------------------------------------------------------------------------------------------------------------------------------------------------------------------------------------------------------------------------------------------------------------------------------------------------------------------------------------------------------------------------------------------------------------------------------------------------------------------------------------------------------------------------------------------------------------------------------------------------------------------------------------------------------------------------------------------------------------------------------------------------------------------------------------------------------------------------------------------------------------------------------------------------------------------------------------------------------------------------------------------------------------------------------------------------------------------------------------------------------------------------------------------------------------------------------------------------------------------------------------------------------------------------------------------------------------------------------------------------------------------------------------------------------------------------------------------------------------------------------------------------------------------------------------------------------------------------------------------------------------------------------------------------------------------------------------------------------------------------------------------------------------------------------------------------------------------------------------------------------------------------------------------------------------------------------------------------------------------------------------------------------------------------------------------------------------------------------------------------------------------------------------------------------------------------------------------------------------------------------------------------------------------------------------------------------------------------------------------------------------------------------------------------------------------------------------------------------------------------------------------------------------------------------------------------------------------------------------------------------------------------------------------------------------------------------------------------------------------------------------------------------------------------------------------------------------------------------------------------------------------------------------------------------------------------------------------------------------------------------------------------------
P1                                        
TO_DATE('2007-05-01', 'YYYY-MM-DD'), TO_DATE('2007-05-15', 'YYYY-MM-DD'), TO_DATE('2007-05-30', 'YYYY-MM-DD')                                                                                                                                                                                                                                                                                                                                                                                                                                                                                                                                                                                                                                                                                                                                                                                                                                                                                                                                                                                                                                                                                                                                                                                                                                                                                                                                                                                                                                                                                                                                                                                                                                                                                                                                                                                                                                                                                                                                                                                                                                                                                                                                                                                                                                                                                                                                                                                                                                                                                                                                                                                                                                                                                                                                                                                                                                                                                                                                                                                                                                                                                                                                                                                                                                                                                                                                                                                                                                                                                                                                                                                                                                                                                                                                                                                                                                                                                                                                                                                                                                                     
TO_DATE('2007-05-01', 'YYYY-MM-DD'), TO_DATE('2007-05-15', 'YYYY-MM-DD'), TO_DATE('2007-05-30', 'YYYY-MM-DD')                                                                                                                                                                                                                                                                                                                                                                                                                                                                                                                                                                                                                                                                                                                                                                                                                                                                                                                                                                                                                                                                                                                                                                                                                                                                                                                                                                                                                                                                                                                                                                                                                                                                                                                                                                                                                                                                                                                                                                                                                                                                                                                                                                                                                                                                                                                                                                                                                                                                                                                                                                                                                                                                                                                                                                                                                                                                                                                                                                                                                                                                                                                                                                                                                                                                                                                                                                                                                                                                                                                                                                                                                                                                                                                                                                                                                                                                                                                                                                                                                                                     
P2_1                                      
TO_DATE('2007-06-15', 'YYYY-MM-DD'), NULL                                                                                                                                                                                                                                                                                                                                                                                                                                                                                                                                                                                                                                                                                                                                                                                                                                                                                                                                                                                                                                                                                                                                                                                                                                                                                                                                                                                                                                                                                                                                                                                                                                                                                                                                                                                                                                                                                                                                                                                                                                                                                                                                                                                                                                                                                                                                                                                                                                                                                                                                                                                                                                                                                                                                                                                                                                                                                                                                                                                                                                                                                                                                                                                                                                                                                                                                                                                                                                                                                                                                                                                                                                                                                                                                                                                                                                                                                                                                                                                                                                                                                                                         
TO_DATE('2007-06-15', 'YYYY-MM-DD'), NULL                                                                                                                                                                                                                                                                                                                                                                                                                                                                                                                                                                                                                                                                                                                                                                                                                                                                                                                                                                                                                                                                                                                                                                                                                                                                                                                                                                                                                                                                                                                                                                                                                                                                                                                                                                                                                                                                                                                                                                                                                                                                                                                                                                                                                                                                                                                                                                                                                                                                                                                                                                                                                                                                                                                                                                                                                                                                                                                                                                                                                                                                                                                                                                                                                                                                                                                                                                                                                                                                                                                                                                                                                                                                                                                                                                                                                                                                                                                                                                                                                                                                                                                         
P2_2                                      
TO_DATE('2007-06-01', 'YYYY-MM-DD'),TO_DATE('2007-06-30', 'YYYY-MM-DD')                                                                                                                                                                                                                                                                                                                                                                                                                                                                                                                                                                                                                                                                                                                                                                                                                                                                                                                                                                                                                                                                                                                                                                                                                                                                                                                                                                                                                                                                                                                                                                                                                                                                                                                                                                                                                                                                                                                                                                                                                                                                                                                                                                                                                                                                                                                                                                                                                                                                                                                                                                                                                                                                                                                                                                                                                                                                                                                                                                                                                                                                                                                                                                                                                                                                                                                                                                                                                                                                                                                                                                                                                                                                                                                                                                                                                                                                                                                                                                                                                                                                                           
TO_DATE('2007-06-01', 'YYYY-MM-DD'),TO_DATE('2007-06-30', 'YYYY-MM-DD')                                                                                                                                                                                                                                                                                                                                                                                                                                                                                                                                                                                                                                                                                                                                                                                                                                                                                                                                                                                                                                                                                                                                                                                                                                                                                                                                                                                                                                                                                                                                                                                                                                                                                                                                                                                                                                                                                                                                                                                                                                                                                                                                                                                                                                                                                                                                                                                                                                                                                                                                                                                                                                                                                                                                                                                                                                                                                                                                                                                                                                                                                                                                                                                                                                                                                                                                                                                                                                                                                                                                                                                                                                                                                                                                                                                                                                                                                                                                                                                                                                                                                           
P3                                        
TO_DATE('2007-07-01', 'YYYY-MM-DD'), TO_DATE('2007-07-15', 'YYYY-MM-DD'), TO_DATE('2007-07-30', 'YYYY-MM-DD')                                                                                                                                                                                                                                                                                                                                                                                                                                                                                                                                                                                                                                                                                                                                                                                                                                                                                                                                                                                                                                                                                                                                                                                                                                                                                                                                                                                                                                                                                                                                                                                                                                                                                                                                                                                                                                                                                                                                                                                                                                                                                                                                                                                                                                                                                                                                                                                                                                                                                                                                                                                                                                                                                                                                                                                                                                                                                                                                                                                                                                                                                                                                                                                                                                                                                                                                                                                                                                                                                                                                                                                                                                                                                                                                                                                                                                                                                                                                                                                                                                                     
TO_DATE('2007-07-01', 'YYYY-MM-DD'), TO_DATE('2007-07-15', 'YYYY-MM-DD'), TO_DATE('2007-07-30', 'YYYY-MM-DD')                                                                                                                                                                                                                                                                                                                                                                                                                                                                                                                                                                                                                                                                                                                                                                                                                                                                                                                                                                                                                                                                                                                                                                                                                                                                                                                                                                                                                                                                                                                                                                                                                                                                                                                                                                                                                                                                                                                                                                                                                                                                                                                                                                                                                                                                                                                                                                                                                                                                                                                                                                                                                                                                                                                                                                                                                                                                                                                                                                                                                                                                                                                                                                                                                                                                                                                                                                                                                                                                                                                                                                                                                                                                                                                                                                                                                                                                                                                                                                                                                                                     
P4                                        
                                                                                                                                                                                                                                                                                                                                                                                                                                                                                                                                                                                                                                                                                                                                                                                                                                                                                                                                                                                                                                                                                                                                                                                                                                                                                                                                                                                                                                                                                                                                                                                                                                                                                                                                                                                                                                                                                                                                                                                                                                                                                                                                                                                                                                                                                                                                                                                                                                                                                                                                                                                                                                                                                                                                                                                                                                                                                                                                                                                                                                                                                                                                                                                                                                                                                                                                                                                                                                                                                                                                                                                                                                                                                                                                                                                                                                                                                                                                                                                                                                                                                                                                                                  
                                                                                                                                                                                                                                                                                                                                                                                                                                                                                                                                                                                                                                                                                                                                                                                                                                                                                                                                                                                                                                                                                                                                                                                                                                                                                                                                                                                                                                                                                                                                                                                                                                                                                                                                                                                                                                                                                                                                                                                                                                                                                                                                                                                                                                                                                                                                                                                                                                                                                                                                                                                                                                                                                                                                                                                                                                                                                                                                                                                                                                                                                                                                                                                                                                                                                                                                                                                                                                                                                                                                                                                                                                                                                                                                                                                                                                                                                                                                                                                                                                                                                                                                                                  
5 rows selected.

-- result: 3
$P0> SELECT COUNT(*) FROM T1 PARTITION (P1);
COUNT                
-----------------------
3                    
1 row selected.
-- result: 2
$P0> SELECT COUNT(*) FROM T1 PARTITION (P2_1);
COUNT                
-----------------------
2                    
1 row selected.
-- result: 2
$P0> SELECT COUNT(*) FROM T1 PARTITION (P2_2);
COUNT                
-----------------------
2                    
1 row selected.
-- result: 3
$P0> SELECT COUNT(*) FROM T1 PARTITION (P3);
COUNT                
-----------------------
3                    
1 row selected.
-- result: 3
$P0> SELECT COUNT(*) FROM T1 PARTITION (P4);
COUNT                
-----------------------
3                    
1 row selected.

-- result: 0
$P0> SELECT COUNT(*)
     FROM SYSTEM_.SYS_TABLE_PARTITIONS_ PART,
          SYSTEM_.SYS_TABLES_ TAB
     WHERE TAB.TABLE_ID = PART.TABLE_ID AND
           TAB.TABLE_NAME='T1' AND
           PART.PARTITION_MIN_VALUE <> PART.PARTITION_MAX_VALUE;
COUNT                
-----------------------
0                    
1 row selected.


--##############################
--+SECTOR 17; 기본 파티션
--##############################
--##############
--# Left In-place 
--##############
# ==> [Schema_List_Date.sql] BEGIN <=
--+SKIP BEGIN; 
$P0> DROP TABLE T1;
$P0> DROP TABLE T2;

$P0> CREATE TABLE T1( I1 DATE, I2 DATE, I3 INTEGER )
     PARTITION BY LIST (I1)
     (
         PARTITION P1 VALUES ( TO_DATE('2007-05-01', 'YYYY-MM-DD'), TO_DATE('2007-05-15', 'YYYY-MM-DD'), TO_DATE('2007-05-30', 'YYYY-MM-DD') ),
         PARTITION P2 VALUES ( TO_DATE('2007-06-01', 'YYYY-MM-DD'), TO_DATE('2007-06-15', 'YYYY-MM-DD'), TO_DATE('2007-06-30', 'YYYY-MM-DD'), NULL ),
         PARTITION P3 VALUES ( TO_DATE('2007-07-01', 'YYYY-MM-DD'), TO_DATE('2007-07-15', 'YYYY-MM-DD'), TO_DATE('2007-07-30', 'YYYY-MM-DD') ),
         PARTITION P4 VALUES DEFAULT
     ) TABLESPACE PDT_TBS;

$P0> INSERT INTO T1 VALUES (NULL, TO_DATE('2007-05-01', 'YYYY-MM-DD'), 100);
$P0> INSERT INTO T1 VALUES (TO_DATE('2007-05-01', 'YYYY-MM-DD'), TO_DATE('2007-05-01', 'YYYY-MM-DD'), 100);
$P0> INSERT INTO T1 VALUES (TO_DATE('2007-05-15', 'YYYY-MM-DD'), TO_DATE('2007-05-01', 'YYYY-MM-DD'), 100);
$P0> INSERT INTO T1 VALUES (TO_DATE('2007-05-30', 'YYYY-MM-DD'), TO_DATE('2007-05-01', 'YYYY-MM-DD'), 100);
$P0> INSERT INTO T1 VALUES (TO_DATE('2007-06-01', 'YYYY-MM-DD'), TO_DATE('2007-05-01', 'YYYY-MM-DD'), 100);
$P0> INSERT INTO T1 VALUES (TO_DATE('2007-06-15', 'YYYY-MM-DD'), TO_DATE('2007-05-01', 'YYYY-MM-DD'), 100);
$P0> INSERT INTO T1 VALUES (TO_DATE('2007-06-30', 'YYYY-MM-DD'), TO_DATE('2007-05-01', 'YYYY-MM-DD'), 100);
$P0> INSERT INTO T1 VALUES (TO_DATE('2007-07-01', 'YYYY-MM-DD'), TO_DATE('2007-05-01', 'YYYY-MM-DD'), 100);
$P0> INSERT INTO T1 VALUES (TO_DATE('2007-07-15', 'YYYY-MM-DD'), TO_DATE('2007-05-01', 'YYYY-MM-DD'), 100);
$P0> INSERT INTO T1 VALUES (TO_DATE('2007-07-30', 'YYYY-MM-DD'), TO_DATE('2007-05-01', 'YYYY-MM-DD'), 100);
$P0> INSERT INTO T1 VALUES (TO_DATE('2007-08-01', 'YYYY-MM-DD'), TO_DATE('2007-05-01', 'YYYY-MM-DD'), 100);
$P0> INSERT INTO T1 VALUES (TO_DATE('2007-08-15', 'YYYY-MM-DD'), TO_DATE('2007-05-01', 'YYYY-MM-DD'), 100);
$P0> INSERT INTO T1 VALUES (TO_DATE('2007-08-30', 'YYYY-MM-DD'), TO_DATE('2007-05-01', 'YYYY-MM-DD'), 100);


$P0> CREATE TABLE T2( I1 DATE, I2 DATE, I3 INTEGER )
     PARTITION BY LIST (I1)
     (
         PARTITION P1 VALUES ( TO_DATE('2007-05-01', 'YYYY-MM-DD'), TO_DATE('2007-05-15', 'YYYY-MM-DD'), TO_DATE('2007-05-30', 'YYYY-MM-DD') ) TABLESPACE PDT_TBS2,
         PARTITION P2 VALUES ( TO_DATE('2007-06-01', 'YYYY-MM-DD'), TO_DATE('2007-06-15', 'YYYY-MM-DD'), TO_DATE('2007-06-30', 'YYYY-MM-DD'), NULL ) TABLESPACE PDT_TBS3,
         PARTITION P3 VALUES ( TO_DATE('2007-07-01', 'YYYY-MM-DD'), TO_DATE('2007-07-15', 'YYYY-MM-DD'), TO_DATE('2007-07-30', 'YYYY-MM-DD') ),
         PARTITION P4 VALUES DEFAULT
     ) TABLESPACE PDT_TBS;

$P0> INSERT INTO T2 VALUES (NULL, TO_DATE('2007-05-01', 'YYYY-MM-DD'), 100);
$P0> INSERT INTO T2 VALUES (TO_DATE('2007-05-01', 'YYYY-MM-DD'), TO_DATE('2007-05-01', 'YYYY-MM-DD'), 100);
$P0> INSERT INTO T2 VALUES (TO_DATE('2007-05-15', 'YYYY-MM-DD'), TO_DATE('2007-05-01', 'YYYY-MM-DD'), 100);
$P0> INSERT INTO T2 VALUES (TO_DATE('2007-05-30', 'YYYY-MM-DD'), TO_DATE('2007-05-01', 'YYYY-MM-DD'), 100);
$P0> INSERT INTO T2 VALUES (TO_DATE('2007-06-01', 'YYYY-MM-DD'), TO_DATE('2007-05-01', 'YYYY-MM-DD'), 100);
$P0> INSERT INTO T2 VALUES (TO_DATE('2007-06-15', 'YYYY-MM-DD'), TO_DATE('2007-05-01', 'YYYY-MM-DD'), 100);
$P0> INSERT INTO T2 VALUES (TO_DATE('2007-06-30', 'YYYY-MM-DD'), TO_DATE('2007-05-01', 'YYYY-MM-DD'), 100);
$P0> INSERT INTO T2 VALUES (TO_DATE('2007-07-01', 'YYYY-MM-DD'), TO_DATE('2007-05-01', 'YYYY-MM-DD'), 100);
$P0> INSERT INTO T2 VALUES (TO_DATE('2007-07-15', 'YYYY-MM-DD'), TO_DATE('2007-05-01', 'YYYY-MM-DD'), 100);
$P0> INSERT INTO T2 VALUES (TO_DATE('2007-07-30', 'YYYY-MM-DD'), TO_DATE('2007-05-01', 'YYYY-MM-DD'), 100);
$P0> INSERT INTO T2 VALUES (TO_DATE('2007-08-01', 'YYYY-MM-DD'), TO_DATE('2007-05-01', 'YYYY-MM-DD'), 100);
$P0> INSERT INTO T2 VALUES (TO_DATE('2007-08-15', 'YYYY-MM-DD'), TO_DATE('2007-05-01', 'YYYY-MM-DD'), 100);
$P0> INSERT INTO T2 VALUES (TO_DATE('2007-08-30', 'YYYY-MM-DD'), TO_DATE('2007-05-01', 'YYYY-MM-DD'), 100);

$P0> CREATE INDEX IDX1 ON T2(I1, I3);
$P0> CREATE INDEX IDX2 ON T2(I3, I1, I2);
$P0> CREATE INDEX IDX3 ON T2(I2, I3);
$P0> CREATE INDEX IDX4 ON T2(I1) LOCAL
     (
         PARTITION P1_IDX1 ON P1 TABLESPACE PDT_TBS2,
         PARTITION P2_IDX1 ON P2 TABLESPACE PDT_TBS3,
         PARTITION P3_IDX1 ON P3 TABLESPACE PDT_TBS4,
         PARTITION P4_IDX1 ON P4 TABLESPACE PDT_TBS5
     );
--+SKIP END; 
# ==> [Schema_List_Date.sql] END <=
$P0> ALTER TABLE T1 
     SPLIT PARTITION P4 VALUES (TO_DATE('2007-08-30', 'YYYY-MM-DD'),TO_DATE('2007-08-01', 'YYYY-MM-DD')) INTO
     ( 
         PARTITION P4,
         PARTITION P4_1
     );
Alter success.

-- Result: 
-- P1,   {(2007-05-01), (2007-05-15), (2007-05-30)}
-- P2,   {(2007-06-01), (2007-06-15), (2007-06-30), NULL}
-- P3,   {(2007-07-01), (2007-07-15), (2007-07-30)}
-- P4,   {(2007-08-30), (2007-08-01)}
-- P4_1, {}
$P0> SELECT PART.PARTITION_NAME, PART.PARTITION_MIN_VALUE, PART.PARTITION_MAX_VALUE
     FROM SYSTEM_.SYS_TABLE_PARTITIONS_ PART,
          SYSTEM_.SYS_TABLES_ TAB
     WHERE TAB.TABLE_ID = PART.TABLE_ID AND
           TAB.TABLE_NAME='T1'
     ORDER BY PART.PARTITION_NAME;
PARTITION_NAME                            
--------------------------------------------
PARTITION_MIN_VALUE                                                                                                                                                                                                                                                                                                                                                                                                                                                                                                                                                                                                                                                                                                                                                                                                                                                                                                                                                                                                                                                                                                                                                                                                                                                                                                                                                                                                                                                                                                                                                                                                                                                                                                                                                                                                                                                                                                                                                                                                                                                                                                                                                                                                                                                                                                                                                                                                                                                                                                                                                                                                                                                                                                                                                                                                                                                                                                                                                                                                                                                                                                                                                                                                                                                                                                                                                                                                                                                                                                                                                                                                                                                                                                                                                                                                                                                                                                                                                                                                                                                                                                                                               
--------------------------------------------------------------------------------------------------------------------------------------------------------------------------------------------------------------------------------------------------------------------------------------------------------------------------------------------------------------------------------------------------------------------------------------------------------------------------------------------------------------------------------------------------------------------------------------------------------------------------------------------------------------------------------------------------------------------------------------------------------------------------------------------------------------------------------------------------------------------------------------------------------------------------------------------------------------------------------------------------------------------------------------------------------------------------------------------------------------------------------------------------------------------------------------------------------------------------------------------------------------------------------------------------------------------------------------------------------------------------------------------------------------------------------------------------------------------------------------------------------------------------------------------------------------------------------------------------------------------------------------------------------------------------------------------------------------------------------------------------------------------------------------------------------------------------------------------------------------------------------------------------------------------------------------------------------------------------------------------------------------------------------------------------------------------------------------------------------------------------------------------------------------------------------------------------------------------------------------------------------------------------------------------------------------------------------------------------------------------------------------------------------------------------------------------------------------------------------------------------------------------------------------------------------------------------------------------------------------------------------------------------------------------------------------------------------------------------------------------------------------------------------------------------------------------------------------------------------------------------------------------------------------------------------------------------------------------------------------------------------------------------------------------------------------------------------------------------------------------------------------------------------------------------------------------------------------------------------------------------------------------------------------------------------------------------------------------------------------------------------------------------------------------------------------------------------------------------------------------------------------------------------------------------------------------------------------------------------------------------------------------------------------------------------------------------------------------------------------------------------------------------------------------------------------------------------------------------------------------------------------------------------------------------------------------------------------------------------------------------------------------------------------------------------------------------------------------------------------------------------------------------------------------
PARTITION_MAX_VALUE                                                                                                                                                                                                                                                                                                                                                                                                                                                                                                                                                                                                                                                                                                                                                                                                                                                                                                                                                                                                                                                                                                                                                                                                                                                                                                                                                                                                                                                                                                                                                                                                                                                                                                                                                                                                                                                                                                                                                                                                                                                                                                                                                                                                                                                                                                                                                                                                                                                                                                                                                                                                                                                                                                                                                                                                                                                                                                                                                                                                                                                                                                                                                                                                                                                                                                                                                                                                                                                                                                                                                                                                                                                                                                                                                                                                                                                                                                                                                                                                                                                                                                                                               
--------------------------------------------------------------------------------------------------------------------------------------------------------------------------------------------------------------------------------------------------------------------------------------------------------------------------------------------------------------------------------------------------------------------------------------------------------------------------------------------------------------------------------------------------------------------------------------------------------------------------------------------------------------------------------------------------------------------------------------------------------------------------------------------------------------------------------------------------------------------------------------------------------------------------------------------------------------------------------------------------------------------------------------------------------------------------------------------------------------------------------------------------------------------------------------------------------------------------------------------------------------------------------------------------------------------------------------------------------------------------------------------------------------------------------------------------------------------------------------------------------------------------------------------------------------------------------------------------------------------------------------------------------------------------------------------------------------------------------------------------------------------------------------------------------------------------------------------------------------------------------------------------------------------------------------------------------------------------------------------------------------------------------------------------------------------------------------------------------------------------------------------------------------------------------------------------------------------------------------------------------------------------------------------------------------------------------------------------------------------------------------------------------------------------------------------------------------------------------------------------------------------------------------------------------------------------------------------------------------------------------------------------------------------------------------------------------------------------------------------------------------------------------------------------------------------------------------------------------------------------------------------------------------------------------------------------------------------------------------------------------------------------------------------------------------------------------------------------------------------------------------------------------------------------------------------------------------------------------------------------------------------------------------------------------------------------------------------------------------------------------------------------------------------------------------------------------------------------------------------------------------------------------------------------------------------------------------------------------------------------------------------------------------------------------------------------------------------------------------------------------------------------------------------------------------------------------------------------------------------------------------------------------------------------------------------------------------------------------------------------------------------------------------------------------------------------------------------------------------------------------------------------------------------
P1                                        
TO_DATE('2007-05-01', 'YYYY-MM-DD'), TO_DATE('2007-05-15', 'YYYY-MM-DD'), TO_DATE('2007-05-30', 'YYYY-MM-DD')                                                                                                                                                                                                                                                                                                                                                                                                                                                                                                                                                                                                                                                                                                                                                                                                                                                                                                                                                                                                                                                                                                                                                                                                                                                                                                                                                                                                                                                                                                                                                                                                                                                                                                                                                                                                                                                                                                                                                                                                                                                                                                                                                                                                                                                                                                                                                                                                                                                                                                                                                                                                                                                                                                                                                                                                                                                                                                                                                                                                                                                                                                                                                                                                                                                                                                                                                                                                                                                                                                                                                                                                                                                                                                                                                                                                                                                                                                                                                                                                                                                     
TO_DATE('2007-05-01', 'YYYY-MM-DD'), TO_DATE('2007-05-15', 'YYYY-MM-DD'), TO_DATE('2007-05-30', 'YYYY-MM-DD')                                                                                                                                                                                                                                                                                                                                                                                                                                                                                                                                                                                                                                                                                                                                                                                                                                                                                                                                                                                                                                                                                                                                                                                                                                                                                                                                                                                                                                                                                                                                                                                                                                                                                                                                                                                                                                                                                                                                                                                                                                                                                                                                                                                                                                                                                                                                                                                                                                                                                                                                                                                                                                                                                                                                                                                                                                                                                                                                                                                                                                                                                                                                                                                                                                                                                                                                                                                                                                                                                                                                                                                                                                                                                                                                                                                                                                                                                                                                                                                                                                                     
P2                                        
TO_DATE('2007-06-01', 'YYYY-MM-DD'), TO_DATE('2007-06-15', 'YYYY-MM-DD'), TO_DATE('2007-06-30', 'YYYY-MM-DD'), NULL                                                                                                                                                                                                                                                                                                                                                                                                                                                                                                                                                                                                                                                                                                                                                                                                                                                                                                                                                                                                                                                                                                                                                                                                                                                                                                                                                                                                                                                                                                                                                                                                                                                                                                                                                                                                                                                                                                                                                                                                                                                                                                                                                                                                                                                                                                                                                                                                                                                                                                                                                                                                                                                                                                                                                                                                                                                                                                                                                                                                                                                                                                                                                                                                                                                                                                                                                                                                                                                                                                                                                                                                                                                                                                                                                                                                                                                                                                                                                                                                                                               
TO_DATE('2007-06-01', 'YYYY-MM-DD'), TO_DATE('2007-06-15', 'YYYY-MM-DD'), TO_DATE('2007-06-30', 'YYYY-MM-DD'), NULL                                                                                                                                                                                                                                                                                                                                                                                                                                                                                                                                                                                                                                                                                                                                                                                                                                                                                                                                                                                                                                                                                                                                                                                                                                                                                                                                                                                                                                                                                                                                                                                                                                                                                                                                                                                                                                                                                                                                                                                                                                                                                                                                                                                                                                                                                                                                                                                                                                                                                                                                                                                                                                                                                                                                                                                                                                                                                                                                                                                                                                                                                                                                                                                                                                                                                                                                                                                                                                                                                                                                                                                                                                                                                                                                                                                                                                                                                                                                                                                                                                               
P3                                        
TO_DATE('2007-07-01', 'YYYY-MM-DD'), TO_DATE('2007-07-15', 'YYYY-MM-DD'), TO_DATE('2007-07-30', 'YYYY-MM-DD')                                                                                                                                                                                                                                                                                                                                                                                                                                                                                                                                                                                                                                                                                                                                                                                                                                                                                                                                                                                                                                                                                                                                                                                                                                                                                                                                                                                                                                                                                                                                                                                                                                                                                                                                                                                                                                                                                                                                                                                                                                                                                                                                                                                                                                                                                                                                                                                                                                                                                                                                                                                                                                                                                                                                                                                                                                                                                                                                                                                                                                                                                                                                                                                                                                                                                                                                                                                                                                                                                                                                                                                                                                                                                                                                                                                                                                                                                                                                                                                                                                                     
TO_DATE('2007-07-01', 'YYYY-MM-DD'), TO_DATE('2007-07-15', 'YYYY-MM-DD'), TO_DATE('2007-07-30', 'YYYY-MM-DD')                                                                                                                                                                                                                                                                                                                                                                                                                                                                                                                                                                                                                                                                                                                                                                                                                                                                                                                                                                                                                                                                                                                                                                                                                                                                                                                                                                                                                                                                                                                                                                                                                                                                                                                                                                                                                                                                                                                                                                                                                                                                                                                                                                                                                                                                                                                                                                                                                                                                                                                                                                                                                                                                                                                                                                                                                                                                                                                                                                                                                                                                                                                                                                                                                                                                                                                                                                                                                                                                                                                                                                                                                                                                                                                                                                                                                                                                                                                                                                                                                                                     
P4                                        
TO_DATE('2007-08-30', 'YYYY-MM-DD'),TO_DATE('2007-08-01', 'YYYY-MM-DD')                                                                                                                                                                                                                                                                                                                                                                                                                                                                                                                                                                                                                                                                                                                                                                                                                                                                                                                                                                                                                                                                                                                                                                                                                                                                                                                                                                                                                                                                                                                                                                                                                                                                                                                                                                                                                                                                                                                                                                                                                                                                                                                                                                                                                                                                                                                                                                                                                                                                                                                                                                                                                                                                                                                                                                                                                                                                                                                                                                                                                                                                                                                                                                                                                                                                                                                                                                                                                                                                                                                                                                                                                                                                                                                                                                                                                                                                                                                                                                                                                                                                                           
TO_DATE('2007-08-30', 'YYYY-MM-DD'),TO_DATE('2007-08-01', 'YYYY-MM-DD')                                                                                                                                                                                                                                                                                                                                                                                                                                                                                                                                                                                                                                                                                                                                                                                                                                                                                                                                                                                                                                                                                                                                                                                                                                                                                                                                                                                                                                                                                                                                                                                                                                                                                                                                                                                                                                                                                                                                                                                                                                                                                                                                                                                                                                                                                                                                                                                                                                                                                                                                                                                                                                                                                                                                                                                                                                                                                                                                                                                                                                                                                                                                                                                                                                                                                                                                                                                                                                                                                                                                                                                                                                                                                                                                                                                                                                                                                                                                                                                                                                                                                           
P4_1                                      
                                                                                                                                                                                                                                                                                                                                                                                                                                                                                                                                                                                                                                                                                                                                                                                                                                                                                                                                                                                                                                                                                                                                                                                                                                                                                                                                                                                                                                                                                                                                                                                                                                                                                                                                                                                                                                                                                                                                                                                                                                                                                                                                                                                                                                                                                                                                                                                                                                                                                                                                                                                                                                                                                                                                                                                                                                                                                                                                                                                                                                                                                                                                                                                                                                                                                                                                                                                                                                                                                                                                                                                                                                                                                                                                                                                                                                                                                                                                                                                                                                                                                                                                                                  
                                                                                                                                                                                                                                                                                                                                                                                                                                                                                                                                                                                                                                                                                                                                                                                                                                                                                                                                                                                                                                                                                                                                                                                                                                                                                                                                                                                                                                                                                                                                                                                                                                                                                                                                                                                                                                                                                                                                                                                                                                                                                                                                                                                                                                                                                                                                                                                                                                                                                                                                                                                                                                                                                                                                                                                                                                                                                                                                                                                                                                                                                                                                                                                                                                                                                                                                                                                                                                                                                                                                                                                                                                                                                                                                                                                                                                                                                                                                                                                                                                                                                                                                                                  
5 rows selected.

-- result: 3
$P0> SELECT COUNT(*) FROM T1 PARTITION (P1);
COUNT                
-----------------------
3                    
1 row selected.
-- result: 4
$P0> SELECT COUNT(*) FROM T1 PARTITION (P2);
COUNT                
-----------------------
4                    
1 row selected.
-- result: 3
$P0> SELECT COUNT(*) FROM T1 PARTITION (P3);
COUNT                
-----------------------
3                    
1 row selected.
-- result: 2
$P0> SELECT COUNT(*) FROM T1 PARTITION (P4);
COUNT                
-----------------------
2                    
1 row selected.
-- result: 1
$P0> SELECT COUNT(*) FROM T1 PARTITION (P4_1);
COUNT                
-----------------------
1                    
1 row selected.

-- result: 0
$P0> SELECT COUNT(*)
     FROM SYSTEM_.SYS_TABLE_PARTITIONS_ PART,
          SYSTEM_.SYS_TABLES_ TAB
     WHERE TAB.TABLE_ID = PART.TABLE_ID AND
           TAB.TABLE_NAME='T1' AND
           PART.PARTITION_MIN_VALUE <> PART.PARTITION_MAX_VALUE;
COUNT                
-----------------------
0                    
1 row selected.

--##############
--# Right In-place 
--##############
# ==> [Schema_List_Date.sql] BEGIN <=
--+SKIP BEGIN; 
$P0> DROP TABLE T1;
$P0> DROP TABLE T2;

$P0> CREATE TABLE T1( I1 DATE, I2 DATE, I3 INTEGER )
     PARTITION BY LIST (I1)
     (
         PARTITION P1 VALUES ( TO_DATE('2007-05-01', 'YYYY-MM-DD'), TO_DATE('2007-05-15', 'YYYY-MM-DD'), TO_DATE('2007-05-30', 'YYYY-MM-DD') ),
         PARTITION P2 VALUES ( TO_DATE('2007-06-01', 'YYYY-MM-DD'), TO_DATE('2007-06-15', 'YYYY-MM-DD'), TO_DATE('2007-06-30', 'YYYY-MM-DD'), NULL ),
         PARTITION P3 VALUES ( TO_DATE('2007-07-01', 'YYYY-MM-DD'), TO_DATE('2007-07-15', 'YYYY-MM-DD'), TO_DATE('2007-07-30', 'YYYY-MM-DD') ),
         PARTITION P4 VALUES DEFAULT
     ) TABLESPACE PDT_TBS;

$P0> INSERT INTO T1 VALUES (NULL, TO_DATE('2007-05-01', 'YYYY-MM-DD'), 100);
$P0> INSERT INTO T1 VALUES (TO_DATE('2007-05-01', 'YYYY-MM-DD'), TO_DATE('2007-05-01', 'YYYY-MM-DD'), 100);
$P0> INSERT INTO T1 VALUES (TO_DATE('2007-05-15', 'YYYY-MM-DD'), TO_DATE('2007-05-01', 'YYYY-MM-DD'), 100);
$P0> INSERT INTO T1 VALUES (TO_DATE('2007-05-30', 'YYYY-MM-DD'), TO_DATE('2007-05-01', 'YYYY-MM-DD'), 100);
$P0> INSERT INTO T1 VALUES (TO_DATE('2007-06-01', 'YYYY-MM-DD'), TO_DATE('2007-05-01', 'YYYY-MM-DD'), 100);
$P0> INSERT INTO T1 VALUES (TO_DATE('2007-06-15', 'YYYY-MM-DD'), TO_DATE('2007-05-01', 'YYYY-MM-DD'), 100);
$P0> INSERT INTO T1 VALUES (TO_DATE('2007-06-30', 'YYYY-MM-DD'), TO_DATE('2007-05-01', 'YYYY-MM-DD'), 100);
$P0> INSERT INTO T1 VALUES (TO_DATE('2007-07-01', 'YYYY-MM-DD'), TO_DATE('2007-05-01', 'YYYY-MM-DD'), 100);
$P0> INSERT INTO T1 VALUES (TO_DATE('2007-07-15', 'YYYY-MM-DD'), TO_DATE('2007-05-01', 'YYYY-MM-DD'), 100);
$P0> INSERT INTO T1 VALUES (TO_DATE('2007-07-30', 'YYYY-MM-DD'), TO_DATE('2007-05-01', 'YYYY-MM-DD'), 100);
$P0> INSERT INTO T1 VALUES (TO_DATE('2007-08-01', 'YYYY-MM-DD'), TO_DATE('2007-05-01', 'YYYY-MM-DD'), 100);
$P0> INSERT INTO T1 VALUES (TO_DATE('2007-08-15', 'YYYY-MM-DD'), TO_DATE('2007-05-01', 'YYYY-MM-DD'), 100);
$P0> INSERT INTO T1 VALUES (TO_DATE('2007-08-30', 'YYYY-MM-DD'), TO_DATE('2007-05-01', 'YYYY-MM-DD'), 100);


$P0> CREATE TABLE T2( I1 DATE, I2 DATE, I3 INTEGER )
     PARTITION BY LIST (I1)
     (
         PARTITION P1 VALUES ( TO_DATE('2007-05-01', 'YYYY-MM-DD'), TO_DATE('2007-05-15', 'YYYY-MM-DD'), TO_DATE('2007-05-30', 'YYYY-MM-DD') ) TABLESPACE PDT_TBS2,
         PARTITION P2 VALUES ( TO_DATE('2007-06-01', 'YYYY-MM-DD'), TO_DATE('2007-06-15', 'YYYY-MM-DD'), TO_DATE('2007-06-30', 'YYYY-MM-DD'), NULL ) TABLESPACE PDT_TBS3,
         PARTITION P3 VALUES ( TO_DATE('2007-07-01', 'YYYY-MM-DD'), TO_DATE('2007-07-15', 'YYYY-MM-DD'), TO_DATE('2007-07-30', 'YYYY-MM-DD') ),
         PARTITION P4 VALUES DEFAULT
     ) TABLESPACE PDT_TBS;

$P0> INSERT INTO T2 VALUES (NULL, TO_DATE('2007-05-01', 'YYYY-MM-DD'), 100);
$P0> INSERT INTO T2 VALUES (TO_DATE('2007-05-01', 'YYYY-MM-DD'), TO_DATE('2007-05-01', 'YYYY-MM-DD'), 100);
$P0> INSERT INTO T2 VALUES (TO_DATE('2007-05-15', 'YYYY-MM-DD'), TO_DATE('2007-05-01', 'YYYY-MM-DD'), 100);
$P0> INSERT INTO T2 VALUES (TO_DATE('2007-05-30', 'YYYY-MM-DD'), TO_DATE('2007-05-01', 'YYYY-MM-DD'), 100);
$P0> INSERT INTO T2 VALUES (TO_DATE('2007-06-01', 'YYYY-MM-DD'), TO_DATE('2007-05-01', 'YYYY-MM-DD'), 100);
$P0> INSERT INTO T2 VALUES (TO_DATE('2007-06-15', 'YYYY-MM-DD'), TO_DATE('2007-05-01', 'YYYY-MM-DD'), 100);
$P0> INSERT INTO T2 VALUES (TO_DATE('2007-06-30', 'YYYY-MM-DD'), TO_DATE('2007-05-01', 'YYYY-MM-DD'), 100);
$P0> INSERT INTO T2 VALUES (TO_DATE('2007-07-01', 'YYYY-MM-DD'), TO_DATE('2007-05-01', 'YYYY-MM-DD'), 100);
$P0> INSERT INTO T2 VALUES (TO_DATE('2007-07-15', 'YYYY-MM-DD'), TO_DATE('2007-05-01', 'YYYY-MM-DD'), 100);
$P0> INSERT INTO T2 VALUES (TO_DATE('2007-07-30', 'YYYY-MM-DD'), TO_DATE('2007-05-01', 'YYYY-MM-DD'), 100);
$P0> INSERT INTO T2 VALUES (TO_DATE('2007-08-01', 'YYYY-MM-DD'), TO_DATE('2007-05-01', 'YYYY-MM-DD'), 100);
$P0> INSERT INTO T2 VALUES (TO_DATE('2007-08-15', 'YYYY-MM-DD'), TO_DATE('2007-05-01', 'YYYY-MM-DD'), 100);
$P0> INSERT INTO T2 VALUES (TO_DATE('2007-08-30', 'YYYY-MM-DD'), TO_DATE('2007-05-01', 'YYYY-MM-DD'), 100);

$P0> CREATE INDEX IDX1 ON T2(I1, I3);
$P0> CREATE INDEX IDX2 ON T2(I3, I1, I2);
$P0> CREATE INDEX IDX3 ON T2(I2, I3);
$P0> CREATE INDEX IDX4 ON T2(I1) LOCAL
     (
         PARTITION P1_IDX1 ON P1 TABLESPACE PDT_TBS2,
         PARTITION P2_IDX1 ON P2 TABLESPACE PDT_TBS3,
         PARTITION P3_IDX1 ON P3 TABLESPACE PDT_TBS4,
         PARTITION P4_IDX1 ON P4 TABLESPACE PDT_TBS5
     );
--+SKIP END; 
# ==> [Schema_List_Date.sql] END <=
$P0> ALTER TABLE T1 
     SPLIT PARTITION P4 VALUES (TO_DATE('2007-08-30', 'YYYY-MM-DD'),TO_DATE('2007-08-01', 'YYYY-MM-DD')) INTO
     ( 
         PARTITION P4_1,
         PARTITION P4
     );
Alter success.

-- Result: 
-- P1,   {(2007-05-01), (2007-05-15), (2007-05-30)}
-- P2,   {(2007-06-01), (2007-06-15), (2007-06-30), NULL}
-- P3,   {(2007-07-01), (2007-07-15), (2007-07-30)}
-- P4  , {}
-- P4_1, {(2007-08-30), (2007-08-01)}
$P0> SELECT PART.PARTITION_NAME, PART.PARTITION_MIN_VALUE, PART.PARTITION_MAX_VALUE
     FROM SYSTEM_.SYS_TABLE_PARTITIONS_ PART,
          SYSTEM_.SYS_TABLES_ TAB
     WHERE TAB.TABLE_ID = PART.TABLE_ID AND
           TAB.TABLE_NAME='T1'
     ORDER BY PART.PARTITION_NAME;
PARTITION_NAME                            
--------------------------------------------
PARTITION_MIN_VALUE                                                                                                                                                                                                                                                                                                                                                                                                                                                                                                                                                                                                                                                                                                                                                                                                                                                                                                                                                                                                                                                                                                                                                                                                                                                                                                                                                                                                                                                                                                                                                                                                                                                                                                                                                                                                                                                                                                                                                                                                                                                                                                                                                                                                                                                                                                                                                                                                                                                                                                                                                                                                                                                                                                                                                                                                                                                                                                                                                                                                                                                                                                                                                                                                                                                                                                                                                                                                                                                                                                                                                                                                                                                                                                                                                                                                                                                                                                                                                                                                                                                                                                                                               
--------------------------------------------------------------------------------------------------------------------------------------------------------------------------------------------------------------------------------------------------------------------------------------------------------------------------------------------------------------------------------------------------------------------------------------------------------------------------------------------------------------------------------------------------------------------------------------------------------------------------------------------------------------------------------------------------------------------------------------------------------------------------------------------------------------------------------------------------------------------------------------------------------------------------------------------------------------------------------------------------------------------------------------------------------------------------------------------------------------------------------------------------------------------------------------------------------------------------------------------------------------------------------------------------------------------------------------------------------------------------------------------------------------------------------------------------------------------------------------------------------------------------------------------------------------------------------------------------------------------------------------------------------------------------------------------------------------------------------------------------------------------------------------------------------------------------------------------------------------------------------------------------------------------------------------------------------------------------------------------------------------------------------------------------------------------------------------------------------------------------------------------------------------------------------------------------------------------------------------------------------------------------------------------------------------------------------------------------------------------------------------------------------------------------------------------------------------------------------------------------------------------------------------------------------------------------------------------------------------------------------------------------------------------------------------------------------------------------------------------------------------------------------------------------------------------------------------------------------------------------------------------------------------------------------------------------------------------------------------------------------------------------------------------------------------------------------------------------------------------------------------------------------------------------------------------------------------------------------------------------------------------------------------------------------------------------------------------------------------------------------------------------------------------------------------------------------------------------------------------------------------------------------------------------------------------------------------------------------------------------------------------------------------------------------------------------------------------------------------------------------------------------------------------------------------------------------------------------------------------------------------------------------------------------------------------------------------------------------------------------------------------------------------------------------------------------------------------------------------------------------------------------------------------
PARTITION_MAX_VALUE                                                                                                                                                                                                                                                                                                                                                                                                                                                                                                                                                                                                                                                                                                                                                                                                                                                                                                                                                                                                                                                                                                                                                                                                                                                                                                                                                                                                                                                                                                                                                                                                                                                                                                                                                                                                                                                                                                                                                                                                                                                                                                                                                                                                                                                                                                                                                                                                                                                                                                                                                                                                                                                                                                                                                                                                                                                                                                                                                                                                                                                                                                                                                                                                                                                                                                                                                                                                                                                                                                                                                                                                                                                                                                                                                                                                                                                                                                                                                                                                                                                                                                                                               
--------------------------------------------------------------------------------------------------------------------------------------------------------------------------------------------------------------------------------------------------------------------------------------------------------------------------------------------------------------------------------------------------------------------------------------------------------------------------------------------------------------------------------------------------------------------------------------------------------------------------------------------------------------------------------------------------------------------------------------------------------------------------------------------------------------------------------------------------------------------------------------------------------------------------------------------------------------------------------------------------------------------------------------------------------------------------------------------------------------------------------------------------------------------------------------------------------------------------------------------------------------------------------------------------------------------------------------------------------------------------------------------------------------------------------------------------------------------------------------------------------------------------------------------------------------------------------------------------------------------------------------------------------------------------------------------------------------------------------------------------------------------------------------------------------------------------------------------------------------------------------------------------------------------------------------------------------------------------------------------------------------------------------------------------------------------------------------------------------------------------------------------------------------------------------------------------------------------------------------------------------------------------------------------------------------------------------------------------------------------------------------------------------------------------------------------------------------------------------------------------------------------------------------------------------------------------------------------------------------------------------------------------------------------------------------------------------------------------------------------------------------------------------------------------------------------------------------------------------------------------------------------------------------------------------------------------------------------------------------------------------------------------------------------------------------------------------------------------------------------------------------------------------------------------------------------------------------------------------------------------------------------------------------------------------------------------------------------------------------------------------------------------------------------------------------------------------------------------------------------------------------------------------------------------------------------------------------------------------------------------------------------------------------------------------------------------------------------------------------------------------------------------------------------------------------------------------------------------------------------------------------------------------------------------------------------------------------------------------------------------------------------------------------------------------------------------------------------------------------------------------------------------------------------
P1                                        
TO_DATE('2007-05-01', 'YYYY-MM-DD'), TO_DATE('2007-05-15', 'YYYY-MM-DD'), TO_DATE('2007-05-30', 'YYYY-MM-DD')                                                                                                                                                                                                                                                                                                                                                                                                                                                                                                                                                                                                                                                                                                                                                                                                                                                                                                                                                                                                                                                                                                                                                                                                                                                                                                                                                                                                                                                                                                                                                                                                                                                                                                                                                                                                                                                                                                                                                                                                                                                                                                                                                                                                                                                                                                                                                                                                                                                                                                                                                                                                                                                                                                                                                                                                                                                                                                                                                                                                                                                                                                                                                                                                                                                                                                                                                                                                                                                                                                                                                                                                                                                                                                                                                                                                                                                                                                                                                                                                                                                     
TO_DATE('2007-05-01', 'YYYY-MM-DD'), TO_DATE('2007-05-15', 'YYYY-MM-DD'), TO_DATE('2007-05-30', 'YYYY-MM-DD')                                                                                                                                                                                                                                                                                                                                                                                                                                                                                                                                                                                                                                                                                                                                                                                                                                                                                                                                                                                                                                                                                                                                                                                                                                                                                                                                                                                                                                                                                                                                                                                                                                                                                                                                                                                                                                                                                                                                                                                                                                                                                                                                                                                                                                                                                                                                                                                                                                                                                                                                                                                                                                                                                                                                                                                                                                                                                                                                                                                                                                                                                                                                                                                                                                                                                                                                                                                                                                                                                                                                                                                                                                                                                                                                                                                                                                                                                                                                                                                                                                                     
P2                                        
TO_DATE('2007-06-01', 'YYYY-MM-DD'), TO_DATE('2007-06-15', 'YYYY-MM-DD'), TO_DATE('2007-06-30', 'YYYY-MM-DD'), NULL                                                                                                                                                                                                                                                                                                                                                                                                                                                                                                                                                                                                                                                                                                                                                                                                                                                                                                                                                                                                                                                                                                                                                                                                                                                                                                                                                                                                                                                                                                                                                                                                                                                                                                                                                                                                                                                                                                                                                                                                                                                                                                                                                                                                                                                                                                                                                                                                                                                                                                                                                                                                                                                                                                                                                                                                                                                                                                                                                                                                                                                                                                                                                                                                                                                                                                                                                                                                                                                                                                                                                                                                                                                                                                                                                                                                                                                                                                                                                                                                                                               
TO_DATE('2007-06-01', 'YYYY-MM-DD'), TO_DATE('2007-06-15', 'YYYY-MM-DD'), TO_DATE('2007-06-30', 'YYYY-MM-DD'), NULL                                                                                                                                                                                                                                                                                                                                                                                                                                                                                                                                                                                                                                                                                                                                                                                                                                                                                                                                                                                                                                                                                                                                                                                                                                                                                                                                                                                                                                                                                                                                                                                                                                                                                                                                                                                                                                                                                                                                                                                                                                                                                                                                                                                                                                                                                                                                                                                                                                                                                                                                                                                                                                                                                                                                                                                                                                                                                                                                                                                                                                                                                                                                                                                                                                                                                                                                                                                                                                                                                                                                                                                                                                                                                                                                                                                                                                                                                                                                                                                                                                               
P3                                        
TO_DATE('2007-07-01', 'YYYY-MM-DD'), TO_DATE('2007-07-15', 'YYYY-MM-DD'), TO_DATE('2007-07-30', 'YYYY-MM-DD')                                                                                                                                                                                                                                                                                                                                                                                                                                                                                                                                                                                                                                                                                                                                                                                                                                                                                                                                                                                                                                                                                                                                                                                                                                                                                                                                                                                                                                                                                                                                                                                                                                                                                                                                                                                                                                                                                                                                                                                                                                                                                                                                                                                                                                                                                                                                                                                                                                                                                                                                                                                                                                                                                                                                                                                                                                                                                                                                                                                                                                                                                                                                                                                                                                                                                                                                                                                                                                                                                                                                                                                                                                                                                                                                                                                                                                                                                                                                                                                                                                                     
TO_DATE('2007-07-01', 'YYYY-MM-DD'), TO_DATE('2007-07-15', 'YYYY-MM-DD'), TO_DATE('2007-07-30', 'YYYY-MM-DD')                                                                                                                                                                                                                                                                                                                                                                                                                                                                                                                                                                                                                                                                                                                                                                                                                                                                                                                                                                                                                                                                                                                                                                                                                                                                                                                                                                                                                                                                                                                                                                                                                                                                                                                                                                                                                                                                                                                                                                                                                                                                                                                                                                                                                                                                                                                                                                                                                                                                                                                                                                                                                                                                                                                                                                                                                                                                                                                                                                                                                                                                                                                                                                                                                                                                                                                                                                                                                                                                                                                                                                                                                                                                                                                                                                                                                                                                                                                                                                                                                                                     
P4                                        
                                                                                                                                                                                                                                                                                                                                                                                                                                                                                                                                                                                                                                                                                                                                                                                                                                                                                                                                                                                                                                                                                                                                                                                                                                                                                                                                                                                                                                                                                                                                                                                                                                                                                                                                                                                                                                                                                                                                                                                                                                                                                                                                                                                                                                                                                                                                                                                                                                                                                                                                                                                                                                                                                                                                                                                                                                                                                                                                                                                                                                                                                                                                                                                                                                                                                                                                                                                                                                                                                                                                                                                                                                                                                                                                                                                                                                                                                                                                                                                                                                                                                                                                                                  
                                                                                                                                                                                                                                                                                                                                                                                                                                                                                                                                                                                                                                                                                                                                                                                                                                                                                                                                                                                                                                                                                                                                                                                                                                                                                                                                                                                                                                                                                                                                                                                                                                                                                                                                                                                                                                                                                                                                                                                                                                                                                                                                                                                                                                                                                                                                                                                                                                                                                                                                                                                                                                                                                                                                                                                                                                                                                                                                                                                                                                                                                                                                                                                                                                                                                                                                                                                                                                                                                                                                                                                                                                                                                                                                                                                                                                                                                                                                                                                                                                                                                                                                                                  
P4_1                                      
TO_DATE('2007-08-30', 'YYYY-MM-DD'),TO_DATE('2007-08-01', 'YYYY-MM-DD')                                                                                                                                                                                                                                                                                                                                                                                                                                                                                                                                                                                                                                                                                                                                                                                                                                                                                                                                                                                                                                                                                                                                                                                                                                                                                                                                                                                                                                                                                                                                                                                                                                                                                                                                                                                                                                                                                                                                                                                                                                                                                                                                                                                                                                                                                                                                                                                                                                                                                                                                                                                                                                                                                                                                                                                                                                                                                                                                                                                                                                                                                                                                                                                                                                                                                                                                                                                                                                                                                                                                                                                                                                                                                                                                                                                                                                                                                                                                                                                                                                                                                           
TO_DATE('2007-08-30', 'YYYY-MM-DD'),TO_DATE('2007-08-01', 'YYYY-MM-DD')                                                                                                                                                                                                                                                                                                                                                                                                                                                                                                                                                                                                                                                                                                                                                                                                                                                                                                                                                                                                                                                                                                                                                                                                                                                                                                                                                                                                                                                                                                                                                                                                                                                                                                                                                                                                                                                                                                                                                                                                                                                                                                                                                                                                                                                                                                                                                                                                                                                                                                                                                                                                                                                                                                                                                                                                                                                                                                                                                                                                                                                                                                                                                                                                                                                                                                                                                                                                                                                                                                                                                                                                                                                                                                                                                                                                                                                                                                                                                                                                                                                                                           
5 rows selected.

-- result: 3
$P0> SELECT COUNT(*) FROM T1 PARTITION (P1);
COUNT                
-----------------------
3                    
1 row selected.
-- result: 3
$P0> SELECT COUNT(*) FROM T1 PARTITION (P2);
COUNT                
-----------------------
4                    
1 row selected.
-- result: 3
$P0> SELECT COUNT(*) FROM T1 PARTITION (P3);
COUNT                
-----------------------
3                    
1 row selected.
-- result: 2
$P0> SELECT COUNT(*) FROM T1 PARTITION (P4);
COUNT                
-----------------------
1                    
1 row selected.
-- result: 1
$P0> SELECT COUNT(*) FROM T1 PARTITION (P4_1);
COUNT                
-----------------------
2                    
1 row selected.

-- result: 0
$P0> SELECT COUNT(*)
     FROM SYSTEM_.SYS_TABLE_PARTITIONS_ PART,
          SYSTEM_.SYS_TABLES_ TAB
     WHERE TAB.TABLE_ID = PART.TABLE_ID AND
           TAB.TABLE_NAME='T1' AND
           PART.PARTITION_MIN_VALUE <> PART.PARTITION_MAX_VALUE;
COUNT                
-----------------------
0                    
1 row selected.

--##############
--# Out-place 
--##############
# ==> [Schema_List_Date.sql] BEGIN <=
--+SKIP BEGIN; 
$P0> DROP TABLE T1;
$P0> DROP TABLE T2;

$P0> CREATE TABLE T1( I1 DATE, I2 DATE, I3 INTEGER )
     PARTITION BY LIST (I1)
     (
         PARTITION P1 VALUES ( TO_DATE('2007-05-01', 'YYYY-MM-DD'), TO_DATE('2007-05-15', 'YYYY-MM-DD'), TO_DATE('2007-05-30', 'YYYY-MM-DD') ),
         PARTITION P2 VALUES ( TO_DATE('2007-06-01', 'YYYY-MM-DD'), TO_DATE('2007-06-15', 'YYYY-MM-DD'), TO_DATE('2007-06-30', 'YYYY-MM-DD'), NULL ),
         PARTITION P3 VALUES ( TO_DATE('2007-07-01', 'YYYY-MM-DD'), TO_DATE('2007-07-15', 'YYYY-MM-DD'), TO_DATE('2007-07-30', 'YYYY-MM-DD') ),
         PARTITION P4 VALUES DEFAULT
     ) TABLESPACE PDT_TBS;

$P0> INSERT INTO T1 VALUES (NULL, TO_DATE('2007-05-01', 'YYYY-MM-DD'), 100);
$P0> INSERT INTO T1 VALUES (TO_DATE('2007-05-01', 'YYYY-MM-DD'), TO_DATE('2007-05-01', 'YYYY-MM-DD'), 100);
$P0> INSERT INTO T1 VALUES (TO_DATE('2007-05-15', 'YYYY-MM-DD'), TO_DATE('2007-05-01', 'YYYY-MM-DD'), 100);
$P0> INSERT INTO T1 VALUES (TO_DATE('2007-05-30', 'YYYY-MM-DD'), TO_DATE('2007-05-01', 'YYYY-MM-DD'), 100);
$P0> INSERT INTO T1 VALUES (TO_DATE('2007-06-01', 'YYYY-MM-DD'), TO_DATE('2007-05-01', 'YYYY-MM-DD'), 100);
$P0> INSERT INTO T1 VALUES (TO_DATE('2007-06-15', 'YYYY-MM-DD'), TO_DATE('2007-05-01', 'YYYY-MM-DD'), 100);
$P0> INSERT INTO T1 VALUES (TO_DATE('2007-06-30', 'YYYY-MM-DD'), TO_DATE('2007-05-01', 'YYYY-MM-DD'), 100);
$P0> INSERT INTO T1 VALUES (TO_DATE('2007-07-01', 'YYYY-MM-DD'), TO_DATE('2007-05-01', 'YYYY-MM-DD'), 100);
$P0> INSERT INTO T1 VALUES (TO_DATE('2007-07-15', 'YYYY-MM-DD'), TO_DATE('2007-05-01', 'YYYY-MM-DD'), 100);
$P0> INSERT INTO T1 VALUES (TO_DATE('2007-07-30', 'YYYY-MM-DD'), TO_DATE('2007-05-01', 'YYYY-MM-DD'), 100);
$P0> INSERT INTO T1 VALUES (TO_DATE('2007-08-01', 'YYYY-MM-DD'), TO_DATE('2007-05-01', 'YYYY-MM-DD'), 100);
$P0> INSERT INTO T1 VALUES (TO_DATE('2007-08-15', 'YYYY-MM-DD'), TO_DATE('2007-05-01', 'YYYY-MM-DD'), 100);
$P0> INSERT INTO T1 VALUES (TO_DATE('2007-08-30', 'YYYY-MM-DD'), TO_DATE('2007-05-01', 'YYYY-MM-DD'), 100);


$P0> CREATE TABLE T2( I1 DATE, I2 DATE, I3 INTEGER )
     PARTITION BY LIST (I1)
     (
         PARTITION P1 VALUES ( TO_DATE('2007-05-01', 'YYYY-MM-DD'), TO_DATE('2007-05-15', 'YYYY-MM-DD'), TO_DATE('2007-05-30', 'YYYY-MM-DD') ) TABLESPACE PDT_TBS2,
         PARTITION P2 VALUES ( TO_DATE('2007-06-01', 'YYYY-MM-DD'), TO_DATE('2007-06-15', 'YYYY-MM-DD'), TO_DATE('2007-06-30', 'YYYY-MM-DD'), NULL ) TABLESPACE PDT_TBS3,
         PARTITION P3 VALUES ( TO_DATE('2007-07-01', 'YYYY-MM-DD'), TO_DATE('2007-07-15', 'YYYY-MM-DD'), TO_DATE('2007-07-30', 'YYYY-MM-DD') ),
         PARTITION P4 VALUES DEFAULT
     ) TABLESPACE PDT_TBS;

$P0> INSERT INTO T2 VALUES (NULL, TO_DATE('2007-05-01', 'YYYY-MM-DD'), 100);
$P0> INSERT INTO T2 VALUES (TO_DATE('2007-05-01', 'YYYY-MM-DD'), TO_DATE('2007-05-01', 'YYYY-MM-DD'), 100);
$P0> INSERT INTO T2 VALUES (TO_DATE('2007-05-15', 'YYYY-MM-DD'), TO_DATE('2007-05-01', 'YYYY-MM-DD'), 100);
$P0> INSERT INTO T2 VALUES (TO_DATE('2007-05-30', 'YYYY-MM-DD'), TO_DATE('2007-05-01', 'YYYY-MM-DD'), 100);
$P0> INSERT INTO T2 VALUES (TO_DATE('2007-06-01', 'YYYY-MM-DD'), TO_DATE('2007-05-01', 'YYYY-MM-DD'), 100);
$P0> INSERT INTO T2 VALUES (TO_DATE('2007-06-15', 'YYYY-MM-DD'), TO_DATE('2007-05-01', 'YYYY-MM-DD'), 100);
$P0> INSERT INTO T2 VALUES (TO_DATE('2007-06-30', 'YYYY-MM-DD'), TO_DATE('2007-05-01', 'YYYY-MM-DD'), 100);
$P0> INSERT INTO T2 VALUES (TO_DATE('2007-07-01', 'YYYY-MM-DD'), TO_DATE('2007-05-01', 'YYYY-MM-DD'), 100);
$P0> INSERT INTO T2 VALUES (TO_DATE('2007-07-15', 'YYYY-MM-DD'), TO_DATE('2007-05-01', 'YYYY-MM-DD'), 100);
$P0> INSERT INTO T2 VALUES (TO_DATE('2007-07-30', 'YYYY-MM-DD'), TO_DATE('2007-05-01', 'YYYY-MM-DD'), 100);
$P0> INSERT INTO T2 VALUES (TO_DATE('2007-08-01', 'YYYY-MM-DD'), TO_DATE('2007-05-01', 'YYYY-MM-DD'), 100);
$P0> INSERT INTO T2 VALUES (TO_DATE('2007-08-15', 'YYYY-MM-DD'), TO_DATE('2007-05-01', 'YYYY-MM-DD'), 100);
$P0> INSERT INTO T2 VALUES (TO_DATE('2007-08-30', 'YYYY-MM-DD'), TO_DATE('2007-05-01', 'YYYY-MM-DD'), 100);

$P0> CREATE INDEX IDX1 ON T2(I1, I3);
$P0> CREATE INDEX IDX2 ON T2(I3, I1, I2);
$P0> CREATE INDEX IDX3 ON T2(I2, I3);
$P0> CREATE INDEX IDX4 ON T2(I1) LOCAL
     (
         PARTITION P1_IDX1 ON P1 TABLESPACE PDT_TBS2,
         PARTITION P2_IDX1 ON P2 TABLESPACE PDT_TBS3,
         PARTITION P3_IDX1 ON P3 TABLESPACE PDT_TBS4,
         PARTITION P4_IDX1 ON P4 TABLESPACE PDT_TBS5
     );
--+SKIP END; 
# ==> [Schema_List_Date.sql] END <=
$P0> ALTER TABLE T1 
     SPLIT PARTITION P4 VALUES (TO_DATE('2007-08-30', 'YYYY-MM-DD'),TO_DATE('2007-08-01', 'YYYY-MM-DD')) INTO
     ( 
         PARTITION P4_1,
         PARTITION P4_2
     );
Alter success.

-- Result: 
-- P1,   {(2007-05-01), (2007-05-15), (2007-05-30)}
-- P2,   {(2007-06-01), (2007-06-15), (2007-06-30), NULL}
-- P3,   {(2007-07-01), (2007-07-15), (2007-07-30)}
-- P4_1, {(2007-08-30), (2007-08-01)}
-- P4_2, {}
$P0> SELECT PART.PARTITION_NAME, PART.PARTITION_MIN_VALUE, PART.PARTITION_MAX_VALUE
     FROM SYSTEM_.SYS_TABLE_PARTITIONS_ PART,
          SYSTEM_.SYS_TABLES_ TAB
     WHERE TAB.TABLE_ID = PART.TABLE_ID AND
           TAB.TABLE_NAME='T1'
     ORDER BY PART.PARTITION_NAME;
PARTITION_NAME                            
--------------------------------------------
PARTITION_MIN_VALUE                                                                                                                                                                                                                                                                                                                                                                                                                                                                                                                                                                                                                                                                                                                                                                                                                                                                                                                                                                                                                                                                                                                                                                                                                                                                                                                                                                                                                                                                                                                                                                                                                                                                                                                                                                                                                                                                                                                                                                                                                                                                                                                                                                                                                                                                                                                                                                                                                                                                                                                                                                                                                                                                                                                                                                                                                                                                                                                                                                                                                                                                                                                                                                                                                                                                                                                                                                                                                                                                                                                                                                                                                                                                                                                                                                                                                                                                                                                                                                                                                                                                                                                                               
--------------------------------------------------------------------------------------------------------------------------------------------------------------------------------------------------------------------------------------------------------------------------------------------------------------------------------------------------------------------------------------------------------------------------------------------------------------------------------------------------------------------------------------------------------------------------------------------------------------------------------------------------------------------------------------------------------------------------------------------------------------------------------------------------------------------------------------------------------------------------------------------------------------------------------------------------------------------------------------------------------------------------------------------------------------------------------------------------------------------------------------------------------------------------------------------------------------------------------------------------------------------------------------------------------------------------------------------------------------------------------------------------------------------------------------------------------------------------------------------------------------------------------------------------------------------------------------------------------------------------------------------------------------------------------------------------------------------------------------------------------------------------------------------------------------------------------------------------------------------------------------------------------------------------------------------------------------------------------------------------------------------------------------------------------------------------------------------------------------------------------------------------------------------------------------------------------------------------------------------------------------------------------------------------------------------------------------------------------------------------------------------------------------------------------------------------------------------------------------------------------------------------------------------------------------------------------------------------------------------------------------------------------------------------------------------------------------------------------------------------------------------------------------------------------------------------------------------------------------------------------------------------------------------------------------------------------------------------------------------------------------------------------------------------------------------------------------------------------------------------------------------------------------------------------------------------------------------------------------------------------------------------------------------------------------------------------------------------------------------------------------------------------------------------------------------------------------------------------------------------------------------------------------------------------------------------------------------------------------------------------------------------------------------------------------------------------------------------------------------------------------------------------------------------------------------------------------------------------------------------------------------------------------------------------------------------------------------------------------------------------------------------------------------------------------------------------------------------------------------------------------------------------------------
PARTITION_MAX_VALUE                                                                                                                                                                                                                                                                                                                                                                                                                                                                                                                                                                                                                                                                                                                                                                                                                                                                                                                                                                                                                                                                                                                                                                                                                                                                                                                                                                                                                                                                                                                                                                                                                                                                                                                                                                                                                                                                                                                                                                                                                                                                                                                                                                                                                                                                                                                                                                                                                                                                                                                                                                                                                                                                                                                                                                                                                                                                                                                                                                                                                                                                                                                                                                                                                                                                                                                                                                                                                                                                                                                                                                                                                                                                                                                                                                                                                                                                                                                                                                                                                                                                                                                                               
--------------------------------------------------------------------------------------------------------------------------------------------------------------------------------------------------------------------------------------------------------------------------------------------------------------------------------------------------------------------------------------------------------------------------------------------------------------------------------------------------------------------------------------------------------------------------------------------------------------------------------------------------------------------------------------------------------------------------------------------------------------------------------------------------------------------------------------------------------------------------------------------------------------------------------------------------------------------------------------------------------------------------------------------------------------------------------------------------------------------------------------------------------------------------------------------------------------------------------------------------------------------------------------------------------------------------------------------------------------------------------------------------------------------------------------------------------------------------------------------------------------------------------------------------------------------------------------------------------------------------------------------------------------------------------------------------------------------------------------------------------------------------------------------------------------------------------------------------------------------------------------------------------------------------------------------------------------------------------------------------------------------------------------------------------------------------------------------------------------------------------------------------------------------------------------------------------------------------------------------------------------------------------------------------------------------------------------------------------------------------------------------------------------------------------------------------------------------------------------------------------------------------------------------------------------------------------------------------------------------------------------------------------------------------------------------------------------------------------------------------------------------------------------------------------------------------------------------------------------------------------------------------------------------------------------------------------------------------------------------------------------------------------------------------------------------------------------------------------------------------------------------------------------------------------------------------------------------------------------------------------------------------------------------------------------------------------------------------------------------------------------------------------------------------------------------------------------------------------------------------------------------------------------------------------------------------------------------------------------------------------------------------------------------------------------------------------------------------------------------------------------------------------------------------------------------------------------------------------------------------------------------------------------------------------------------------------------------------------------------------------------------------------------------------------------------------------------------------------------------------------------------------------------------
P1                                        
TO_DATE('2007-05-01', 'YYYY-MM-DD'), TO_DATE('2007-05-15', 'YYYY-MM-DD'), TO_DATE('2007-05-30', 'YYYY-MM-DD')                                                                                                                                                                                                                                                                                                                                                                                                                                                                                                                                                                                                                                                                                                                                                                                                                                                                                                                                                                                                                                                                                                                                                                                                                                                                                                                                                                                                                                                                                                                                                                                                                                                                                                                                                                                                                                                                                                                                                                                                                                                                                                                                                                                                                                                                                                                                                                                                                                                                                                                                                                                                                                                                                                                                                                                                                                                                                                                                                                                                                                                                                                                                                                                                                                                                                                                                                                                                                                                                                                                                                                                                                                                                                                                                                                                                                                                                                                                                                                                                                                                     
TO_DATE('2007-05-01', 'YYYY-MM-DD'), TO_DATE('2007-05-15', 'YYYY-MM-DD'), TO_DATE('2007-05-30', 'YYYY-MM-DD')                                                                                                                                                                                                                                                                                                                                                                                                                                                                                                                                                                                                                                                                                                                                                                                                                                                                                                                                                                                                                                                                                                                                                                                                                                                                                                                                                                                                                                                                                                                                                                                                                                                                                                                                                                                                                                                                                                                                                                                                                                                                                                                                                                                                                                                                                                                                                                                                                                                                                                                                                                                                                                                                                                                                                                                                                                                                                                                                                                                                                                                                                                                                                                                                                                                                                                                                                                                                                                                                                                                                                                                                                                                                                                                                                                                                                                                                                                                                                                                                                                                     
P2                                        
TO_DATE('2007-06-01', 'YYYY-MM-DD'), TO_DATE('2007-06-15', 'YYYY-MM-DD'), TO_DATE('2007-06-30', 'YYYY-MM-DD'), NULL                                                                                                                                                                                                                                                                                                                                                                                                                                                                                                                                                                                                                                                                                                                                                                                                                                                                                                                                                                                                                                                                                                                                                                                                                                                                                                                                                                                                                                                                                                                                                                                                                                                                                                                                                                                                                                                                                                                                                                                                                                                                                                                                                                                                                                                                                                                                                                                                                                                                                                                                                                                                                                                                                                                                                                                                                                                                                                                                                                                                                                                                                                                                                                                                                                                                                                                                                                                                                                                                                                                                                                                                                                                                                                                                                                                                                                                                                                                                                                                                                                               
TO_DATE('2007-06-01', 'YYYY-MM-DD'), TO_DATE('2007-06-15', 'YYYY-MM-DD'), TO_DATE('2007-06-30', 'YYYY-MM-DD'), NULL                                                                                                                                                                                                                                                                                                                                                                                                                                                                                                                                                                                                                                                                                                                                                                                                                                                                                                                                                                                                                                                                                                                                                                                                                                                                                                                                                                                                                                                                                                                                                                                                                                                                                                                                                                                                                                                                                                                                                                                                                                                                                                                                                                                                                                                                                                                                                                                                                                                                                                                                                                                                                                                                                                                                                                                                                                                                                                                                                                                                                                                                                                                                                                                                                                                                                                                                                                                                                                                                                                                                                                                                                                                                                                                                                                                                                                                                                                                                                                                                                                               
P3                                        
TO_DATE('2007-07-01', 'YYYY-MM-DD'), TO_DATE('2007-07-15', 'YYYY-MM-DD'), TO_DATE('2007-07-30', 'YYYY-MM-DD')                                                                                                                                                                                                                                                                                                                                                                                                                                                                                                                                                                                                                                                                                                                                                                                                                                                                                                                                                                                                                                                                                                                                                                                                                                                                                                                                                                                                                                                                                                                                                                                                                                                                                                                                                                                                                                                                                                                                                                                                                                                                                                                                                                                                                                                                                                                                                                                                                                                                                                                                                                                                                                                                                                                                                                                                                                                                                                                                                                                                                                                                                                                                                                                                                                                                                                                                                                                                                                                                                                                                                                                                                                                                                                                                                                                                                                                                                                                                                                                                                                                     
TO_DATE('2007-07-01', 'YYYY-MM-DD'), TO_DATE('2007-07-15', 'YYYY-MM-DD'), TO_DATE('2007-07-30', 'YYYY-MM-DD')                                                                                                                                                                                                                                                                                                                                                                                                                                                                                                                                                                                                                                                                                                                                                                                                                                                                                                                                                                                                                                                                                                                                                                                                                                                                                                                                                                                                                                                                                                                                                                                                                                                                                                                                                                                                                                                                                                                                                                                                                                                                                                                                                                                                                                                                                                                                                                                                                                                                                                                                                                                                                                                                                                                                                                                                                                                                                                                                                                                                                                                                                                                                                                                                                                                                                                                                                                                                                                                                                                                                                                                                                                                                                                                                                                                                                                                                                                                                                                                                                                                     
P4_1                                      
TO_DATE('2007-08-30', 'YYYY-MM-DD'),TO_DATE('2007-08-01', 'YYYY-MM-DD')                                                                                                                                                                                                                                                                                                                                                                                                                                                                                                                                                                                                                                                                                                                                                                                                                                                                                                                                                                                                                                                                                                                                                                                                                                                                                                                                                                                                                                                                                                                                                                                                                                                                                                                                                                                                                                                                                                                                                                                                                                                                                                                                                                                                                                                                                                                                                                                                                                                                                                                                                                                                                                                                                                                                                                                                                                                                                                                                                                                                                                                                                                                                                                                                                                                                                                                                                                                                                                                                                                                                                                                                                                                                                                                                                                                                                                                                                                                                                                                                                                                                                           
TO_DATE('2007-08-30', 'YYYY-MM-DD'),TO_DATE('2007-08-01', 'YYYY-MM-DD')                                                                                                                                                                                                                                                                                                                                                                                                                                                                                                                                                                                                                                                                                                                                                                                                                                                                                                                                                                                                                                                                                                                                                                                                                                                                                                                                                                                                                                                                                                                                                                                                                                                                                                                                                                                                                                                                                                                                                                                                                                                                                                                                                                                                                                                                                                                                                                                                                                                                                                                                                                                                                                                                                                                                                                                                                                                                                                                                                                                                                                                                                                                                                                                                                                                                                                                                                                                                                                                                                                                                                                                                                                                                                                                                                                                                                                                                                                                                                                                                                                                                                           
P4_2                                      
                                                                                                                                                                                                                                                                                                                                                                                                                                                                                                                                                                                                                                                                                                                                                                                                                                                                                                                                                                                                                                                                                                                                                                                                                                                                                                                                                                                                                                                                                                                                                                                                                                                                                                                                                                                                                                                                                                                                                                                                                                                                                                                                                                                                                                                                                                                                                                                                                                                                                                                                                                                                                                                                                                                                                                                                                                                                                                                                                                                                                                                                                                                                                                                                                                                                                                                                                                                                                                                                                                                                                                                                                                                                                                                                                                                                                                                                                                                                                                                                                                                                                                                                                                  
                                                                                                                                                                                                                                                                                                                                                                                                                                                                                                                                                                                                                                                                                                                                                                                                                                                                                                                                                                                                                                                                                                                                                                                                                                                                                                                                                                                                                                                                                                                                                                                                                                                                                                                                                                                                                                                                                                                                                                                                                                                                                                                                                                                                                                                                                                                                                                                                                                                                                                                                                                                                                                                                                                                                                                                                                                                                                                                                                                                                                                                                                                                                                                                                                                                                                                                                                                                                                                                                                                                                                                                                                                                                                                                                                                                                                                                                                                                                                                                                                                                                                                                                                                  
5 rows selected.

-- result: 3
$P0> SELECT COUNT(*) FROM T1 PARTITION (P1);
COUNT                
-----------------------
3                    
1 row selected.
-- result: 4
$P0> SELECT COUNT(*) FROM T1 PARTITION (P2);
COUNT                
-----------------------
4                    
1 row selected.
-- result: 3
$P0> SELECT COUNT(*) FROM T1 PARTITION (P3);
COUNT                
-----------------------
3                    
1 row selected.
-- result: 2
$P0> SELECT COUNT(*) FROM T1 PARTITION (P4_1);
COUNT                
-----------------------
2                    
1 row selected.
-- result: 1
$P0> SELECT COUNT(*) FROM T1 PARTITION (P4_2);
COUNT                
-----------------------
1                    
1 row selected.

-- result: 0
$P0> SELECT COUNT(*)
     FROM SYSTEM_.SYS_TABLE_PARTITIONS_ PART,
          SYSTEM_.SYS_TABLES_ TAB
     WHERE TAB.TABLE_ID = PART.TABLE_ID AND
           TAB.TABLE_NAME='T1' AND
           PART.PARTITION_MIN_VALUE <> PART.PARTITION_MAX_VALUE;
COUNT                
-----------------------
0                    
1 row selected.



--###################################################################
--+SECTOR 18; 계속 분할 테스트
--###################################################################
# ==> [Schema_List_Date.sql] BEGIN <=
--+SKIP BEGIN; 
$P0> DROP TABLE T1;
$P0> DROP TABLE T2;

$P0> CREATE TABLE T1( I1 DATE, I2 DATE, I3 INTEGER )
     PARTITION BY LIST (I1)
     (
         PARTITION P1 VALUES ( TO_DATE('2007-05-01', 'YYYY-MM-DD'), TO_DATE('2007-05-15', 'YYYY-MM-DD'), TO_DATE('2007-05-30', 'YYYY-MM-DD') ),
         PARTITION P2 VALUES ( TO_DATE('2007-06-01', 'YYYY-MM-DD'), TO_DATE('2007-06-15', 'YYYY-MM-DD'), TO_DATE('2007-06-30', 'YYYY-MM-DD'), NULL ),
         PARTITION P3 VALUES ( TO_DATE('2007-07-01', 'YYYY-MM-DD'), TO_DATE('2007-07-15', 'YYYY-MM-DD'), TO_DATE('2007-07-30', 'YYYY-MM-DD') ),
         PARTITION P4 VALUES DEFAULT
     ) TABLESPACE PDT_TBS;

$P0> INSERT INTO T1 VALUES (NULL, TO_DATE('2007-05-01', 'YYYY-MM-DD'), 100);
$P0> INSERT INTO T1 VALUES (TO_DATE('2007-05-01', 'YYYY-MM-DD'), TO_DATE('2007-05-01', 'YYYY-MM-DD'), 100);
$P0> INSERT INTO T1 VALUES (TO_DATE('2007-05-15', 'YYYY-MM-DD'), TO_DATE('2007-05-01', 'YYYY-MM-DD'), 100);
$P0> INSERT INTO T1 VALUES (TO_DATE('2007-05-30', 'YYYY-MM-DD'), TO_DATE('2007-05-01', 'YYYY-MM-DD'), 100);
$P0> INSERT INTO T1 VALUES (TO_DATE('2007-06-01', 'YYYY-MM-DD'), TO_DATE('2007-05-01', 'YYYY-MM-DD'), 100);
$P0> INSERT INTO T1 VALUES (TO_DATE('2007-06-15', 'YYYY-MM-DD'), TO_DATE('2007-05-01', 'YYYY-MM-DD'), 100);
$P0> INSERT INTO T1 VALUES (TO_DATE('2007-06-30', 'YYYY-MM-DD'), TO_DATE('2007-05-01', 'YYYY-MM-DD'), 100);
$P0> INSERT INTO T1 VALUES (TO_DATE('2007-07-01', 'YYYY-MM-DD'), TO_DATE('2007-05-01', 'YYYY-MM-DD'), 100);
$P0> INSERT INTO T1 VALUES (TO_DATE('2007-07-15', 'YYYY-MM-DD'), TO_DATE('2007-05-01', 'YYYY-MM-DD'), 100);
$P0> INSERT INTO T1 VALUES (TO_DATE('2007-07-30', 'YYYY-MM-DD'), TO_DATE('2007-05-01', 'YYYY-MM-DD'), 100);
$P0> INSERT INTO T1 VALUES (TO_DATE('2007-08-01', 'YYYY-MM-DD'), TO_DATE('2007-05-01', 'YYYY-MM-DD'), 100);
$P0> INSERT INTO T1 VALUES (TO_DATE('2007-08-15', 'YYYY-MM-DD'), TO_DATE('2007-05-01', 'YYYY-MM-DD'), 100);
$P0> INSERT INTO T1 VALUES (TO_DATE('2007-08-30', 'YYYY-MM-DD'), TO_DATE('2007-05-01', 'YYYY-MM-DD'), 100);


$P0> CREATE TABLE T2( I1 DATE, I2 DATE, I3 INTEGER )
     PARTITION BY LIST (I1)
     (
         PARTITION P1 VALUES ( TO_DATE('2007-05-01', 'YYYY-MM-DD'), TO_DATE('2007-05-15', 'YYYY-MM-DD'), TO_DATE('2007-05-30', 'YYYY-MM-DD') ) TABLESPACE PDT_TBS2,
         PARTITION P2 VALUES ( TO_DATE('2007-06-01', 'YYYY-MM-DD'), TO_DATE('2007-06-15', 'YYYY-MM-DD'), TO_DATE('2007-06-30', 'YYYY-MM-DD'), NULL ) TABLESPACE PDT_TBS3,
         PARTITION P3 VALUES ( TO_DATE('2007-07-01', 'YYYY-MM-DD'), TO_DATE('2007-07-15', 'YYYY-MM-DD'), TO_DATE('2007-07-30', 'YYYY-MM-DD') ),
         PARTITION P4 VALUES DEFAULT
     ) TABLESPACE PDT_TBS;

$P0> INSERT INTO T2 VALUES (NULL, TO_DATE('2007-05-01', 'YYYY-MM-DD'), 100);
$P0> INSERT INTO T2 VALUES (TO_DATE('2007-05-01', 'YYYY-MM-DD'), TO_DATE('2007-05-01', 'YYYY-MM-DD'), 100);
$P0> INSERT INTO T2 VALUES (TO_DATE('2007-05-15', 'YYYY-MM-DD'), TO_DATE('2007-05-01', 'YYYY-MM-DD'), 100);
$P0> INSERT INTO T2 VALUES (TO_DATE('2007-05-30', 'YYYY-MM-DD'), TO_DATE('2007-05-01', 'YYYY-MM-DD'), 100);
$P0> INSERT INTO T2 VALUES (TO_DATE('2007-06-01', 'YYYY-MM-DD'), TO_DATE('2007-05-01', 'YYYY-MM-DD'), 100);
$P0> INSERT INTO T2 VALUES (TO_DATE('2007-06-15', 'YYYY-MM-DD'), TO_DATE('2007-05-01', 'YYYY-MM-DD'), 100);
$P0> INSERT INTO T2 VALUES (TO_DATE('2007-06-30', 'YYYY-MM-DD'), TO_DATE('2007-05-01', 'YYYY-MM-DD'), 100);
$P0> INSERT INTO T2 VALUES (TO_DATE('2007-07-01', 'YYYY-MM-DD'), TO_DATE('2007-05-01', 'YYYY-MM-DD'), 100);
$P0> INSERT INTO T2 VALUES (TO_DATE('2007-07-15', 'YYYY-MM-DD'), TO_DATE('2007-05-01', 'YYYY-MM-DD'), 100);
$P0> INSERT INTO T2 VALUES (TO_DATE('2007-07-30', 'YYYY-MM-DD'), TO_DATE('2007-05-01', 'YYYY-MM-DD'), 100);
$P0> INSERT INTO T2 VALUES (TO_DATE('2007-08-01', 'YYYY-MM-DD'), TO_DATE('2007-05-01', 'YYYY-MM-DD'), 100);
$P0> INSERT INTO T2 VALUES (TO_DATE('2007-08-15', 'YYYY-MM-DD'), TO_DATE('2007-05-01', 'YYYY-MM-DD'), 100);
$P0> INSERT INTO T2 VALUES (TO_DATE('2007-08-30', 'YYYY-MM-DD'), TO_DATE('2007-05-01', 'YYYY-MM-DD'), 100);

$P0> CREATE INDEX IDX1 ON T2(I1, I3);
$P0> CREATE INDEX IDX2 ON T2(I3, I1, I2);
$P0> CREATE INDEX IDX3 ON T2(I2, I3);
$P0> CREATE INDEX IDX4 ON T2(I1) LOCAL
     (
         PARTITION P1_IDX1 ON P1 TABLESPACE PDT_TBS2,
         PARTITION P2_IDX1 ON P2 TABLESPACE PDT_TBS3,
         PARTITION P3_IDX1 ON P3 TABLESPACE PDT_TBS4,
         PARTITION P4_IDX1 ON P4 TABLESPACE PDT_TBS5
     );
--+SKIP END; 
# ==> [Schema_List_Date.sql] END <=

--##############################
--+SECTOR 19; Test for Table T1 (no index, single part key)
--##############################
-- should be success
$P0> ALTER TABLE T1 
     SPLIT PARTITION P1 VALUES (TO_DATE('2007-05-01', 'YYYY-MM-DD')) INTO
     ( 
         PARTITION P1,
         PARTITION P1_1
     );
Alter success.

-- should be success
$P0> ALTER TABLE T1 
     SPLIT PARTITION P2 VALUES (TO_DATE('2007-06-15', 'YYYY-MM-DD')) INTO
     ( 
         PARTITION P2_1,
         PARTITION P2_2
     );
Alter success.

-- should be success
$P0> ALTER TABLE T1 
     SPLIT PARTITION P2_2 VALUES (NULL) INTO
     ( 
         PARTITION P2_2_1,
         PARTITION P2_2_2
     );
Alter success.

-- should be success
$P0> ALTER TABLE T1 
     SPLIT PARTITION P3 VALUES (TO_DATE('2007-07-15', 'YYYY-MM-DD')) INTO
     ( 
         PARTITION P3_1,
         PARTITION P3
     );
Alter success.

-- should be fail
$P0> ALTER TABLE T1 
     SPLIT PARTITION P1_1 VALUES (TO_DATE('2007-05-30', 'YYYY-MM-DD'), TO_DATE('2007-05-01', 'YYYY-MM-DD')) INTO
     ( 
         PARTITION P1_1_1,
         PARTITION P1_1_2
     );
[ERR-3126E : Split condition value does not exist for the partition to be split]

-- should be success
$P0> ALTER TABLE T1 
     SPLIT PARTITION P1_1 VALUES (TO_DATE('2007-05-30', 'YYYY-MM-DD')) INTO
     ( 
         PARTITION P1_1_1,
         PARTITION P1_1_2
     );
Alter success.

-- should be fail
$P0> ALTER TABLE T1 
     SPLIT PARTITION P3_1 VALUES (TO_DATE('2007-07-15', 'YYYY-MM-DD')) INTO
     ( 
         PARTITION P3_1_1,
         PARTITION P3_1
     );
[ERR-3126B : Too many split condition values]

-- should be success
$P0> ALTER TABLE T1 
     SPLIT PARTITION P3 VALUES (TO_DATE('2007-07-01', 'YYYY-MM-DD')) INTO
     ( 
         PARTITION P3_2,
         PARTITION P3_3
     );
Alter success.

-- should be success
$P0> ALTER TABLE T1 
     SPLIT PARTITION P4 VALUES (TO_DATE('2007-08-01', 'YYYY-MM-DD'), TO_DATE('2007-08-15', 'YYYY-MM-DD')) INTO
     ( 
         PARTITION P4,
         PARTITION P4_1
     );
Alter success.

-- result: 1
$P0> SELECT COUNT(*) FROM T1 PARTITION (P1);
COUNT                
-----------------------
1                    
1 row selected.
-- result: 1
$P0> SELECT COUNT(*) FROM T1 PARTITION (P1_1_1);
COUNT                
-----------------------
1                    
1 row selected.
-- result: 1
$P0> SELECT COUNT(*) FROM T1 PARTITION (P1_1_2);
COUNT                
-----------------------
1                    
1 row selected.
-- result: 1
$P0> SELECT COUNT(*) FROM T1 PARTITION (P2_1);
COUNT                
-----------------------
1                    
1 row selected.
-- result: 1
$P0> SELECT COUNT(*) FROM T1 PARTITION (P2_2_1);
COUNT                
-----------------------
1                    
1 row selected.
-- result: 2
$P0> SELECT COUNT(*) FROM T1 PARTITION (P2_2_2);
COUNT                
-----------------------
2                    
1 row selected.
-- result: 1
$P0> SELECT COUNT(*) FROM T1 PARTITION (P3_2);
COUNT                
-----------------------
1                    
1 row selected.
-- result: 2
$P0> SELECT COUNT(*) FROM T1 PARTITION (P3_3);
COUNT                
-----------------------
1                    
1 row selected.
-- result: 2
$P0> SELECT COUNT(*) FROM T1 PARTITION (P4);
COUNT                
-----------------------
2                    
1 row selected.
-- result: 1
$P0> SELECT COUNT(*) FROM T1 PARTITION (P4_1);
COUNT                
-----------------------
1                    
1 row selected.


--##############################
--+SECTOR 20; Test for Table T2 (multi key index, multi part key)
--##############################
-- should be success
$P0> ALTER TABLE T2 
     SPLIT PARTITION P1 VALUES (TO_DATE('2007-05-01', 'YYYY-MM-DD')) INTO
     ( 
         PARTITION P1,
         PARTITION P1_1
     );
Alter success.

-- should be success
$P0> ALTER TABLE T2 
     SPLIT PARTITION P2 VALUES (TO_DATE('2007-06-15', 'YYYY-MM-DD')) INTO
     ( 
         PARTITION P2_1,
         PARTITION P2_2
     );
Alter success.

-- should be success
$P0> ALTER TABLE T2 
     SPLIT PARTITION P2_2 VALUES (NULL) INTO
     ( 
         PARTITION P2_2_1,
         PARTITION P2_2_2
     );
Alter success.

-- should be success
$P0> ALTER TABLE T2 
     SPLIT PARTITION P3 VALUES (TO_DATE('2007-07-15', 'YYYY-MM-DD')) INTO
     ( 
         PARTITION P3_1,
         PARTITION P3
     );
Alter success.

-- should be fail
$P0> ALTER TABLE T2 
     SPLIT PARTITION P1_1 VALUES (TO_DATE('2007-05-30', 'YYYY-MM-DD'), TO_DATE('2007-05-01', 'YYYY-MM-DD')) INTO
     ( 
         PARTITION P1_1_1,
         PARTITION P1_1_2
     );
[ERR-3126E : Split condition value does not exist for the partition to be split]

-- should be success
$P0> ALTER TABLE T2 
     SPLIT PARTITION P1_1 VALUES (TO_DATE('2007-05-30', 'YYYY-MM-DD')) INTO
     ( 
         PARTITION P1_1_1,
         PARTITION P1_1_2
     );
Alter success.

-- should be fail
$P0> ALTER TABLE T2 
     SPLIT PARTITION P3_1 VALUES (TO_DATE('2007-07-15', 'YYYY-MM-DD')) INTO
     ( 
         PARTITION P3_1_1,
         PARTITION P3_1
     );
[ERR-3126B : Too many split condition values]

-- should be success
$P0> ALTER TABLE T2 
     SPLIT PARTITION P3 VALUES (TO_DATE('2007-07-01', 'YYYY-MM-DD')) INTO
     ( 
         PARTITION P3_2,
         PARTITION P3_3
     );
Alter success.

-- should be success
$P0> ALTER TABLE T2 
     SPLIT PARTITION P4 VALUES (TO_DATE('2007-08-01', 'YYYY-MM-DD'), TO_DATE('2007-08-15', 'YYYY-MM-DD')) INTO
     ( 
         PARTITION P4,
         PARTITION P4_1
     );
Alter success.

-- result: 1
$P0> SELECT COUNT(*) FROM T2 PARTITION (P1);
COUNT                
-----------------------
1                    
1 row selected.
-- result: 1
$P0> SELECT COUNT(*) FROM T2 PARTITION (P1_1_1);
COUNT                
-----------------------
1                    
1 row selected.
-- result: 1
$P0> SELECT COUNT(*) FROM T2 PARTITION (P1_1_2);
COUNT                
-----------------------
1                    
1 row selected.
-- result: 1
$P0> SELECT COUNT(*) FROM T2 PARTITION (P2_1);
COUNT                
-----------------------
1                    
1 row selected.
-- result: 1
$P0> SELECT COUNT(*) FROM T2 PARTITION (P2_2_1);
COUNT                
-----------------------
1                    
1 row selected.
-- result: 2
$P0> SELECT COUNT(*) FROM T2 PARTITION (P2_2_2);
COUNT                
-----------------------
2                    
1 row selected.
-- result: 1
$P0> SELECT COUNT(*) FROM T2 PARTITION (P3_2);
COUNT                
-----------------------
1                    
1 row selected.
-- result: 2
$P0> SELECT COUNT(*) FROM T2 PARTITION (P3_3);
COUNT                
-----------------------
1                    
1 row selected.
-- result: 2
$P0> SELECT COUNT(*) FROM T2 PARTITION (P4);
COUNT                
-----------------------
2                    
1 row selected.
-- result: 1
$P0> SELECT COUNT(*) FROM T2 PARTITION (P4_1);
COUNT                
-----------------------
1                    
1 row selected.



--##################################################################
--+SECTOR 21; DATE FORMAT 체크
--##################################################################
$P0> DROP TABLE T1;
Drop success.
$P0> ALTER SESSION SET DEFAULT_DATE_FORMAT='YYYY-MM-DD';
Alter success.
-- should be fail
$P0> CREATE TABLE T1 ( I1 DATE )
     PARTITION BY RANGE ( I1 )
     (
         PARTITION P1 VALUES LESS THAN ( TO_DATE('2007-05-01') ),
         PARTITION P2 VALUES LESS THAN ( TO_DATE('2007-06-01') ),
         PARTITION P3 VALUES LESS THAN ( TO_DATE('2007-07-01') ),
         PARTITION P4 VALUES DEFAULT
     ) TABLESPACE SYS_TBS_DISK_DATA;
Create success.


$P0> DROP TABLE T1;
Drop success.
-- should be success
$P0> CREATE TABLE T1 ( I1 DATE )
     PARTITION BY RANGE ( I1 )
     (
         PARTITION P1 VALUES LESS THAN ( TO_DATE('2007-05-01','YYYY-MM-DD') ),
         PARTITION P2 VALUES LESS THAN ( TO_DATE('2007-06-01','YYYY-MM-DD') ),
         PARTITION P3 VALUES LESS THAN ( TO_DATE('2007-07-01','YYYY-MM-DD') ),
         PARTITION P4 VALUES DEFAULT
     ) TABLESPACE SYS_TBS_DISK_DATA;
Create success.

$P0> ALTER SESSION SET DEFAULT_DATE_FORMAT='YYYY-MM-DD';
Alter success.

-- should be fail
$P0> ALTER TABLE T1 SPLIT PARTITION P1 AT ( TO_DATE('2007-04-01') )
     INTO
     (
         PARTITION P1_1,
         PARTITION P1_2
     );
Alter success.


--##################################################################
--+SECTOR 22; FINALIZATION
--##################################################################
--+SKIP BEGIN; 
$P0> DROP TABLE T1;
$P0> DROP TABLE T2;
$P0> DROP TABLE T3;
--+SKIP END; 

